UNITID,INSTNM,CITY,STABBR,ZIP,city_state_label,LATITUDE,LONGITUDE,institution_control_label,institution_control_order,campus_status_label,admission_rate_status,region_label,region_order,locale_type_label,locale_detailed_label,locale_detailed_order,undergraduate_enrollment_primary,undergraduate_enrollment_size_band
100654,Alabama A & M University,Normal,AL,35762,"Normal, AL",34.783368,-86.568502,Public,1,Main campus,Available,Southeast,5,City,City: Midsize,2,6124,"5,000 to 9,999"
100663,University of Alabama at Birmingham,Birmingham,AL,35294-0110,"Birmingham, AL",33.505697,-86.799345,Public,1,Main campus,Available,Southeast,5,City,City: Midsize,2,11635,"10,000 to 19,999"
100690,Amridge University,Montgomery,AL,36117-3553,"Montgomery, AL",32.362609,-86.17401,Private nonprofit,2,Main campus,Unavailable,Southeast,5,City,City: Midsize,2,241,"Fewer than 1,000"
100706,University of Alabama in Huntsville,Huntsville,AL,35899,"Huntsville, AL",34.724557,-86.640449,Public,1,Main campus,Available,Southeast,5,City,City: Midsize,2,6591,"5,000 to 9,999"
100724,Alabama State University,Montgomery,AL,36104-0271,"Montgomery, AL",32.364317,-86.295677,Public,1,Main campus,Available,Southeast,5,City,City: Midsize,2,3477,"1,000 to 4,999"
100751,The University of Alabama,Tuscaloosa,AL,35487-0100,"Tuscaloosa, AL",33.211875,-87.545978,Public,1,Main campus,Available,Southeast,5,City,City: Midsize,2,33227,"20,000 or more"
100812,Athens State University,Athens,AL,35611,"Athens, AL",34.806793,-86.964698,Public,1,Main campus,Unavailable,Southeast,5,Town,Town: Fringe,7,2446,"1,000 to 4,999"
100830,Auburn University at Montgomery,Montgomery,AL,36117-3596,"Montgomery, AL",32.36736,-86.177544,Public,1,Main campus,Available,Southeast,5,City,City: Midsize,2,2542,"1,000 to 4,999"
100858,Auburn University,Auburn,AL,36849,"Auburn, AL",32.599378,-85.488258,Public,1,Main campus,Available,Southeast,5,City,City: Small,3,26816,"20,000 or more"
101116,South University-Montgomery,Montgomery,AL,36116,"Montgomery, AL",32.342684,-86.216488,Private for-profit,3,Non-main campus,Unavailable,Southeast,5,City,City: Midsize,2,299,"Fewer than 1,000"
101189,Faulkner University,Montgomery,AL,36109-3390,"Montgomery, AL",32.384181,-86.21641,Private nonprofit,2,Main campus,Available,Southeast,5,City,City: Midsize,2,1549,"1,000 to 4,999"
101435,Huntingdon College,Montgomery,AL,36106-2148,"Montgomery, AL",32.351034,-86.284366,Private nonprofit,2,Main campus,Available,Southeast,5,City,City: Midsize,2,879,"Fewer than 1,000"
101453,Heritage Christian University,Florence,AL,35630-9977,"Florence, AL",34.856153,-87.663051,Private nonprofit,2,Main campus,Available,Southeast,5,City,City: Small,3,75,"Fewer than 1,000"
101480,Jacksonville State University,Jacksonville,AL,36265,"Jacksonville, AL",33.822938,-85.765321,Public,1,Main campus,Available,Southeast,5,Suburb,Suburb: Small,6,7036,"5,000 to 9,999"
101587,University of West Alabama,Livingston,AL,35470,"Livingston, AL",32.588132,-88.186329,Public,1,Main campus,Available,Southeast,5,Rural,Rural: Remote,12,2974,"1,000 to 4,999"
101675,Miles College,Fairfield,AL,35064-2621,"Fairfield, AL",33.482442,-86.908751,Private nonprofit,2,Main campus,Unavailable,Southeast,5,Suburb,Suburb: Large,4,1155,"1,000 to 4,999"
101693,University of Mobile,Mobile,AL,36613-2842,"Mobile, AL",30.793247,-88.128934,Private nonprofit,2,Main campus,Available,Southeast,5,Rural,Rural: Fringe,10,1307,"1,000 to 4,999"
101709,University of Montevallo,Montevallo,AL,35115-6000,"Montevallo, AL",33.10625,-86.865099,Public,1,Main campus,Available,Southeast,5,Town,Town: Fringe,7,2151,"1,000 to 4,999"
101879,University of North Alabama,Florence,AL,35632-0001,"Florence, AL",34.80731,-87.680407,Public,1,Main campus,Available,Southeast,5,City,City: Small,3,5811,"5,000 to 9,999"
101912,Oakwood University,Huntsville,AL,35896,"Huntsville, AL",34.756344,-86.652705,Private nonprofit,2,Main campus,Available,Southeast,5,City,City: Midsize,2,1153,"1,000 to 4,999"
102049,Samford University,Birmingham,AL,35229-2240,"Birmingham, AL",33.464128,-86.791799,Private nonprofit,2,Main campus,Available,Southeast,5,Suburb,Suburb: Large,4,4206,"1,000 to 4,999"
102058,Selma University,Selma,AL,36701,"Selma, AL",32.420387,-87.032392,Private nonprofit,2,Main campus,Unavailable,Southeast,5,Town,Town: Distant,8,32,"Fewer than 1,000"
102094,University of South Alabama,Mobile,AL,36688-0002,"Mobile, AL",30.696033,-88.178711,Public,1,Main campus,Available,Southeast,5,City,City: Midsize,2,8879,"5,000 to 9,999"
102234,Spring Hill College,Mobile,AL,36608-1780,"Mobile, AL",30.694751,-88.138199,Private nonprofit,2,Main campus,Available,Southeast,5,City,City: Midsize,2,782,"Fewer than 1,000"
102270,Stillman College,Tuscaloosa,AL,35401,"Tuscaloosa, AL",33.200006,-87.585278,Private nonprofit,2,Main campus,Available,Southeast,5,City,City: Midsize,2,706,"Fewer than 1,000"
102298,Talladega College,Talladega,AL,35160,"Talladega, AL",33.433472,-86.112704,Private nonprofit,2,Main campus,Available,Southeast,5,Town,Town: Distant,8,701,"Fewer than 1,000"
102368,Troy University,Troy,AL,36082-0001,"Troy, AL",31.799583,-85.95802,Public,1,Main campus,Available,Southeast,5,Town,Town: Remote,9,9805,"5,000 to 9,999"
102377,Tuskegee University,Tuskegee,AL,36088-1920,"Tuskegee, AL",32.4309,-85.708492,Private nonprofit,2,Main campus,Available,Southeast,5,Town,Town: Distant,8,2630,"1,000 to 4,999"
102395,United States Sports University,Daphne,AL,36526-7055,"Daphne, AL",30.639329,-87.91163,Private nonprofit,2,Main campus,Available,Southeast,5,City,City: Small,3,228,"Fewer than 1,000"
102553,University of Alaska Anchorage,Anchorage,AK,99508,"Anchorage, AK",61.190163,-149.82619,Public,1,Main campus,Unavailable,Far West,8,City,City: Large,1,7212,"5,000 to 9,999"
102580,Alaska Bible College,Palmer,AK,99645,"Palmer, AK",61.598553,-149.111972,Private nonprofit,2,Main campus,Unavailable,Far West,8,Suburb,Suburb: Small,6,24,"Fewer than 1,000"
102614,University of Alaska Fairbanks,Fairbanks,AK,99775,"Fairbanks, AK",64.85756,-147.823146,Public,1,Main campus,Unavailable,Far West,8,City,City: Small,3,4207,"1,000 to 4,999"
104151,Arizona State University Campus Immersion,Tempe,AZ,85287,"Tempe, AZ",33.417721,-111.934383,Public,1,Main campus,Available,Southwest,6,City,City: Midsize,2,64674,"20,000 or more"
104179,University of Arizona,Tucson,AZ,85721-0066,"Tucson, AZ",32.232672,-110.950815,Public,1,Main campus,Available,Southwest,6,City,City: Large,1,42537,"20,000 or more"
104586,Embry-Riddle Aeronautical University-Prescott,Prescott,AZ,86301-3720,"Prescott, AZ",34.616766,-112.449741,Private nonprofit,2,Non-main campus,Available,Southwest,6,City,City: Small,3,3218,"1,000 to 4,999"
104717,Grand Canyon University,Phoenix,AZ,85017,"Phoenix, AZ",33.513231,-112.129929,Private nonprofit,2,Main campus,Available,Southwest,6,City,City: Large,1,73371,"20,000 or more"
105330,Northern Arizona University,Flagstaff,AZ,86011-4092,"Flagstaff, AZ",35.188449,-111.653724,Public,1,Main campus,Available,Southwest,6,City,City: Small,3,22903,"20,000 or more"
105589,Prescott College,Prescott,AZ,86301,"Prescott, AZ",34.5452,-112.477185,Private nonprofit,2,Main campus,Available,Southwest,6,City,City: Small,3,219,"Fewer than 1,000"
105899,Arizona Christian University,Glendale,AZ,85306-3216,"Glendale, AZ",33.622952,-112.181776,Private nonprofit,2,Main campus,Available,Southwest,6,Suburb,Suburb: Large,4,1165,"1,000 to 4,999"
106245,University of Arkansas at Little Rock,Little Rock,AR,72204,"Little Rock, AR",34.723254,-92.339778,Public,1,Main campus,Available,Southeast,5,City,City: Midsize,2,4949,"1,000 to 4,999"
106263,University of Arkansas for Medical Sciences,Little Rock,AR,72205-7199,"Little Rock, AR",34.750152,-92.322348,Public,1,Main campus,Unavailable,Southeast,5,City,City: Midsize,2,1571,"1,000 to 4,999"
106306,Arkansas Baptist College,Little Rock,AR,72202-6068,"Little Rock, AR",34.734751,-92.290555,Private nonprofit,2,Main campus,Unavailable,Southeast,5,City,City: Midsize,2,342,"Fewer than 1,000"
106342,Lyon College,Batesville,AR,72501,"Batesville, AR",35.777619,-91.625354,Private nonprofit,2,Main campus,Available,Southeast,5,Town,Town: Remote,9,648,"Fewer than 1,000"
106397,University of Arkansas,Fayetteville,AR,72701,"Fayetteville, AR",36.070009,-94.176981,Public,1,Main campus,Available,Southeast,5,City,City: Midsize,2,28677,"20,000 or more"
106412,University of Arkansas at Pine Bluff,Pine Bluff,AR,71601,"Pine Bluff, AR",34.244031,-92.018683,Public,1,Main campus,Available,Southeast,5,Town,Town: Distant,8,1807,"1,000 to 4,999"
106458,Arkansas State University,Jonesboro,AR,72401,"Jonesboro, AR",35.842388,-90.679988,Public,1,Main campus,Available,Southeast,5,City,City: Small,3,9110,"5,000 to 9,999"
106704,University of Central Arkansas,Conway,AR,72035-0001,"Conway, AR",35.077945,-92.457672,Public,1,Main campus,Available,Southeast,5,City,City: Small,3,7762,"5,000 to 9,999"
106713,Central Baptist College,Conway,AR,72034,"Conway, AR",35.083838,-92.445021,Private nonprofit,2,Main campus,Available,Southeast,5,City,City: Small,3,484,"Fewer than 1,000"
106810,Crowley's Ridge College,Paragould,AR,72450,"Paragould, AR",36.064845,-90.584395,Private nonprofit,2,Main campus,Unavailable,Southeast,5,Rural,Rural: Fringe,10,165,"Fewer than 1,000"
107044,Harding University,Searcy,AR,72149-5615,"Searcy, AR",35.247386,-91.726143,Private nonprofit,2,Main campus,Available,Southeast,5,Town,Town: Distant,8,3382,"1,000 to 4,999"
107071,Henderson State University,Arkadelphia,AR,71999-0001,"Arkadelphia, AR",34.128155,-93.059703,Public,1,Main campus,Unavailable,Southeast,5,Town,Town: Distant,8,1456,"1,000 to 4,999"
107080,Hendrix College,Conway,AR,72032-3080,"Conway, AR",35.101565,-92.443256,Private nonprofit,2,Main campus,Available,Southeast,5,City,City: Small,3,1100,"1,000 to 4,999"
107141,John Brown University,Siloam Springs,AR,72761,"Siloam Springs, AR",36.189812,-94.560283,Private nonprofit,2,Main campus,Available,Southeast,5,Town,Town: Distant,8,1471,"1,000 to 4,999"
107512,Ouachita Baptist University,Arkadelphia,AR,71998-0001,"Arkadelphia, AR",34.126093,-93.052471,Private nonprofit,2,Main campus,Available,Southeast,5,Town,Town: Distant,8,1602,"1,000 to 4,999"
107558,University of the Ozarks,Clarksville,AR,72830,"Clarksville, AR",35.476278,-93.467221,Private nonprofit,2,Main campus,Available,Southeast,5,Town,Town: Remote,9,767,"Fewer than 1,000"
107600,Philander Smith University,Little Rock,AR,72202-3799,"Little Rock, AR",34.737131,-92.283015,Private nonprofit,2,Main campus,Unavailable,Southeast,5,City,City: Midsize,2,751,"Fewer than 1,000"
107877,Williams Baptist University,Walnut Ridge,AR,72476,"Walnut Ridge, AR",36.125676,-90.940277,Private nonprofit,2,Main campus,Available,Southeast,5,Rural,Rural: Distant,11,478,"Fewer than 1,000"
107983,Southern Arkansas University Main Campus,Magnolia,AR,71753,"Magnolia, AR",33.291618,-93.235922,Public,1,Main campus,Available,Southeast,5,Town,Town: Remote,9,2708,"1,000 to 4,999"
108232,Academy of Art University,San Francisco,CA,94105,"San Francisco, CA",37.787943,-122.400578,Private for-profit,3,Main campus,Unavailable,Far West,8,City,City: Large,1,3587,"1,000 to 4,999"
109651,Art Center College of Design,Pasadena,CA,91103,"Pasadena, CA",34.169031,-118.185102,Private nonprofit,2,Main campus,Available,Far West,8,City,City: Midsize,2,2017,"1,000 to 4,999"
109785,Azusa Pacific University,Azusa,CA,91702-7000,"Azusa, CA",34.130047,-117.888375,Private nonprofit,2,Main campus,Available,Far West,8,Suburb,Suburb: Large,4,2759,"1,000 to 4,999"
110060,Bethesda University,Anaheim,CA,92801,"Anaheim, CA",33.842295,-117.941323,Private nonprofit,2,Main campus,Unavailable,Far West,8,City,City: Large,1,205,"Fewer than 1,000"
110097,Biola University,La Mirada,CA,90639-0001,"La Mirada, CA",33.906203,-118.014374,Private nonprofit,2,Main campus,Available,Far West,8,Suburb,Suburb: Large,4,3474,"1,000 to 4,999"
110316,California Institute of Integral Studies,San Francisco,CA,94103,"San Francisco, CA",37.774924,-122.416102,Private nonprofit,2,Main campus,Unavailable,Far West,8,City,City: Large,1,38,"Fewer than 1,000"
110361,California Baptist University,Riverside,CA,92504-3297,"Riverside, CA",33.929321,-117.425619,Private nonprofit,2,Main campus,Available,Far West,8,City,City: Large,1,8179,"5,000 to 9,999"
110370,California College of the Arts,San Francisco,CA,94107-2247,"San Francisco, CA",37.767485,-122.399451,Private nonprofit,2,Main campus,Available,Far West,8,City,City: Large,1,990,"Fewer than 1,000"
110404,California Institute of Technology,Pasadena,CA,91125,"Pasadena, CA",34.137349,-118.125878,Private nonprofit,2,Main campus,Available,Far West,8,City,City: Midsize,2,987,"Fewer than 1,000"
110413,California Lutheran University,Thousand Oaks,CA,91360-2787,"Thousand Oaks, CA",34.224566,-118.878924,Private nonprofit,2,Main campus,Available,Far West,8,City,City: Midsize,2,2296,"1,000 to 4,999"
110422,California Polytechnic State University-San Luis Obispo,San Luis Obispo,CA,93407,"San Luis Obispo, CA",35.299513,-120.657311,Public,1,Main campus,Available,Far West,8,Suburb,Suburb: Small,6,21996,"20,000 or more"
110486,California State University-Bakersfield,Bakersfield,CA,93311-1099,"Bakersfield, CA",35.350005,-119.104711,Public,1,Main campus,Available,Far West,8,City,City: Large,1,8577,"5,000 to 9,999"
110495,California State University-Stanislaus,Turlock,CA,95382-0299,"Turlock, CA",37.52577,-120.852511,Public,1,Main campus,Available,Far West,8,Suburb,Suburb: Small,6,8385,"5,000 to 9,999"
110510,California State University-San Bernardino,San Bernardino,CA,92407-2393,"San Bernardino, CA",34.182622,-117.323801,Public,1,Main campus,Available,Far West,8,City,City: Midsize,2,15023,"10,000 to 19,999"
110529,California State Polytechnic University-Pomona,Pomona,CA,91768,"Pomona, CA",34.057912,-117.821476,Public,1,Main campus,Available,Far West,8,Suburb,Suburb: Large,4,25042,"20,000 or more"
110538,California State University-Chico,Chico,CA,95929-0150,"Chico, CA",39.729712,-121.844859,Public,1,Main campus,Available,Far West,8,City,City: Midsize,2,13631,"10,000 to 19,999"
110547,California State University-Dominguez Hills,Carson,CA,90747-0005,"Carson, CA",33.864766,-118.255917,Public,1,Main campus,Available,Far West,8,City,City: Small,3,12538,"10,000 to 19,999"
110556,California State University-Fresno,Fresno,CA,93740,"Fresno, CA",36.811154,-119.744569,Public,1,Main campus,Available,Far West,8,City,City: Large,1,21605,"20,000 or more"
110565,California State University-Fullerton,Fullerton,CA,92832-3599,"Fullerton, CA",33.881506,-117.885446,Public,1,Main campus,Available,Far West,8,Suburb,Suburb: Large,4,38546,"20,000 or more"
110574,California State University-East Bay,Hayward,CA,94542,"Hayward, CA",37.657694,-122.054135,Public,1,Main campus,Available,Far West,8,Suburb,Suburb: Large,4,9809,"5,000 to 9,999"
110583,California State University-Long Beach,Long Beach,CA,90840-0115,"Long Beach, CA",33.782818,-118.11204,Public,1,Main campus,Available,Far West,8,City,City: Large,1,35924,"20,000 or more"
110592,California State University-Los Angeles,Los Angeles,CA,90032-8506,"Los Angeles, CA",34.066927,-118.168965,Public,1,Main campus,Available,Far West,8,City,City: Large,1,19562,"10,000 to 19,999"
110608,California State University-Northridge,Northridge,CA,91330,"Northridge, CA",34.240126,-118.529319,Public,1,Main campus,Available,Far West,8,City,City: Large,1,32691,"20,000 or more"
110617,California State University-Sacramento,Sacramento,CA,95819-2694,"Sacramento, CA",38.559415,-121.423549,Public,1,Main campus,Available,Far West,8,City,City: Large,1,28350,"20,000 or more"
110635,University of California-Berkeley,Berkeley,CA,94720,"Berkeley, CA",37.871918,-122.260463,Public,1,Main campus,Available,Far West,8,City,City: Midsize,2,33068,"20,000 or more"
110644,University of California-Davis,Davis,CA,95616-8678,"Davis, CA",38.539667,-121.749567,Public,1,Main campus,Available,Far West,8,Suburb,Suburb: Small,6,32253,"20,000 or more"
110653,University of California-Irvine,Irvine,CA,92697,"Irvine, CA",33.648434,-117.841248,Public,1,Main campus,Available,Far West,8,City,City: Large,1,30197,"20,000 or more"
110662,University of California-Los Angeles,Los Angeles,CA,90095-1405,"Los Angeles, CA",34.07178,-118.442179,Public,1,Main campus,Available,Far West,8,City,City: Large,1,33475,"20,000 or more"
110671,University of California-Riverside,Riverside,CA,92521,"Riverside, CA",33.97246,-117.32741,Public,1,Main campus,Available,Far West,8,City,City: Large,1,22593,"20,000 or more"
110680,University of California-San Diego,La Jolla,CA,92093,"La Jolla, CA",32.877749,-117.235866,Public,1,Main campus,Available,Far West,8,City,City: Large,1,34948,"20,000 or more"
110705,University of California-Santa Barbara,Santa Barbara,CA,93106,"Santa Barbara, CA",34.416297,-119.846426,Public,1,Main campus,Available,Far West,8,Suburb,Suburb: Midsize,5,23113,"20,000 or more"
110714,University of California-Santa Cruz,Santa Cruz,CA,95064-1011,"Santa Cruz, CA",36.995584,-122.058801,Public,1,Main campus,Available,Far West,8,City,City: Small,3,17940,"10,000 to 19,999"
110778,Sofia University,Palo Alto,CA,94303,"Palo Alto, CA",37.430325,-122.10866,Private for-profit,3,Main campus,Unavailable,Far West,8,City,City: Small,3,5,"Fewer than 1,000"
111045,Haven University,Garden Grove,CA,92840-1340,"Garden Grove, CA",33.777392,-117.939412,Private nonprofit,2,Main campus,Unavailable,Far West,8,Suburb,Suburb: Large,4,28,"Fewer than 1,000"
111081,California Institute of the Arts,Valencia,CA,91355-2397,"Valencia, CA",34.39327,-118.566837,Private nonprofit,2,Main campus,Available,Far West,8,Suburb,Suburb: Large,4,860,"Fewer than 1,000"
111188,Cal Poly Maritime Academy,Vallejo,CA,94590-8181,"Vallejo, CA",38.069061,-122.231551,Public,1,Main campus,Available,Far West,8,City,City: Midsize,2,804,"Fewer than 1,000"
111948,Chapman University,Orange,CA,92866,"Orange, CA",33.79302,-117.852518,Private nonprofit,2,Main campus,Available,Far West,8,City,City: Midsize,2,7478,"5,000 to 9,999"
111966,Charles R Drew University of Medicine and Science,Los Angeles,CA,90059,"Los Angeles, CA",33.925658,-118.242791,Private nonprofit,2,Main campus,Available,Far West,8,Suburb,Suburb: Large,4,282,"Fewer than 1,000"
112075,Concordia University-Irvine,Irvine,CA,92612-3203,"Irvine, CA",33.653665,-117.812305,Private nonprofit,2,Main campus,Available,Far West,8,City,City: Large,1,1536,"1,000 to 4,999"
112084,San Diego Christian College,Santee,CA,92071,"Santee, CA",32.843454,-116.978089,Private nonprofit,2,Main campus,Available,Far West,8,Suburb,Suburb: Large,4,87,"Fewer than 1,000"
112260,Claremont McKenna College,Claremont,CA,91711-6400,"Claremont, CA",34.102154,-117.711188,Private nonprofit,2,Main campus,Available,Far West,8,Suburb,Suburb: Large,4,1388,"1,000 to 4,999"
112394,University of Silicon Valley,San Jose,CA,95134,"San Jose, CA",37.414049,-121.94087,Private for-profit,3,Main campus,Available,Far West,8,City,City: Large,1,455,"Fewer than 1,000"
113582,Design Institute of San Diego,San Diego,CA,92121,"San Diego, CA",32.880926,-117.167374,Private for-profit,3,Main campus,Available,Far West,8,City,City: Large,1,77,"Fewer than 1,000"
113698,Dominican University of California,San Rafael,CA,94901-2298,"San Rafael, CA",37.981279,-122.512051,Private nonprofit,2,Main campus,Available,Far West,8,City,City: Small,3,1114,"1,000 to 4,999"
114813,Fresno Pacific University,Fresno,CA,93702-4709,"Fresno, CA",36.726831,-119.735199,Private nonprofit,2,Main campus,Available,Far West,8,City,City: Large,1,1544,"1,000 to 4,999"
115083,Golden Gate University,San Francisco,CA,94105-2968,"San Francisco, CA",37.789374,-122.398969,Private nonprofit,2,Main campus,Unavailable,Far West,8,City,City: Large,1,259,"Fewer than 1,000"
115409,Harvey Mudd College,Claremont,CA,91711,"Claremont, CA",34.106515,-117.709837,Private nonprofit,2,Main campus,Available,Far West,8,Suburb,Suburb: Large,4,921,"Fewer than 1,000"
115755,California State Polytechnic University-Humboldt,Arcata,CA,95521-8299,"Arcata, CA",40.877481,-124.078293,Public,1,Main campus,Available,Far West,8,Town,Town: Remote,9,5612,"5,000 to 9,999"
115773,Humphreys University,Stockton,CA,95207,"Stockton, CA",38.011489,-121.316918,Private nonprofit,2,Main campus,Unavailable,Far West,8,City,City: Large,1,149,"Fewer than 1,000"
117104,Life Pacific University,San Dimas,CA,91773-3298,"San Dimas, CA",34.098705,-117.829388,Private nonprofit,2,Main campus,Available,Far West,8,Suburb,Suburb: Large,4,456,"Fewer than 1,000"
117140,University of La Verne,La Verne,CA,91750-4401,"La Verne, CA",34.100855,-117.773262,Private nonprofit,2,Main campus,Available,Far West,8,Suburb,Suburb: Large,4,3050,"1,000 to 4,999"
117168,Laguna College of Art and Design,Laguna Beach,CA,92651,"Laguna Beach, CA",33.561448,-117.772564,Private nonprofit,2,Main campus,Available,Far West,8,Rural,Rural: Fringe,10,746,"Fewer than 1,000"
117557,Lincoln University,Oakland,CA,94612-2801,"Oakland, CA",37.804788,-122.269745,Private nonprofit,2,Main campus,Unavailable,Far West,8,City,City: Large,1,204,"Fewer than 1,000"
117575,Southern California Seminary,El Cajon,CA,92019-1108,"El Cajon, CA",32.799614,-116.905461,Private nonprofit,2,Main campus,Unavailable,Far West,8,Suburb,Suburb: Large,4,32,"Fewer than 1,000"
117627,La Sierra University,Riverside,CA,92505-8247,"Riverside, CA",33.910704,-117.500054,Private nonprofit,2,Main campus,Available,Far West,8,City,City: Large,1,1116,"1,000 to 4,999"
117636,Loma Linda University,Loma Linda,CA,92350,"Loma Linda, CA",34.051241,-117.260605,Private nonprofit,2,Main campus,Unavailable,Far West,8,Suburb,Suburb: Large,4,909,"Fewer than 1,000"
117751,The Master's University and Seminary,Santa Clarita,CA,91321-1200,"Santa Clarita, CA",34.381755,-118.518193,Private nonprofit,2,Main campus,Available,Far West,8,Suburb,Suburb: Large,4,1622,"1,000 to 4,999"
117946,Loyola Marymount University,Los Angeles,CA,90045-2659,"Los Angeles, CA",33.97085,-118.415744,Private nonprofit,2,Main campus,Available,Far West,8,City,City: Large,1,7094,"5,000 to 9,999"
118693,Menlo College,Atherton,CA,94027-4301,"Atherton, CA",37.453475,-122.190797,Private nonprofit,2,Main campus,Available,Far West,8,Suburb,Suburb: Large,4,752,"Fewer than 1,000"
118888,Northeastern University Oakland,Oakland,CA,94613,"Oakland, CA",37.781425,-122.182294,Private nonprofit,2,Non-main campus,Available,Far West,8,City,City: Large,1,464,"Fewer than 1,000"
119058,Middlebury Institute of International Studies at Monterey,Monterey,CA,93940,"Monterey, CA",36.599736,-121.897325,Private nonprofit,2,Non-main campus,Unavailable,Far West,8,Suburb,Suburb: Midsize,5,4,"Fewer than 1,000"
119173,Mount Saint Mary's University,Los Angeles,CA,90049-1599,"Los Angeles, CA",34.085315,-118.482879,Private nonprofit,2,Main campus,Available,Far West,8,City,City: Large,1,1719,"1,000 to 4,999"
119605,National University,San Diego,CA,92123,"San Diego, CA",32.829299,-117.127296,Private nonprofit,2,Main campus,Unavailable,Far West,8,City,City: Large,1,10794,"10,000 to 19,999"
119775,Newschool of Architecture and Design,San Diego,CA,92101,"San Diego, CA",32.71331,-117.153305,Private for-profit,3,Main campus,Available,Far West,8,City,City: Large,1,182,"Fewer than 1,000"
120166,San Francisco Bay University,Fremont,CA,94539,"Fremont, CA",37.485056,-121.927899,Private nonprofit,2,Non-main campus,Available,Far West,8,City,City: Midsize,2,126,"Fewer than 1,000"
120184,Notre Dame de Namur University,Belmont,CA,94002-1908,"Belmont, CA",37.517111,-122.284794,Private nonprofit,2,Main campus,Unavailable,Far West,8,Suburb,Suburb: Large,4,33,"Fewer than 1,000"
120254,Occidental College,Los Angeles,CA,90041-3392,"Los Angeles, CA",34.127124,-118.210908,Private nonprofit,2,Main campus,Available,Far West,8,City,City: Large,1,1877,"1,000 to 4,999"
120403,Otis College of Art and Design,Los Angeles,CA,90045-3505,"Los Angeles, CA",33.956607,-118.416615,Private nonprofit,2,Main campus,Available,Far West,8,City,City: Large,1,1223,"1,000 to 4,999"
120537,Hope International University,Fullerton,CA,92831-3199,"Fullerton, CA",33.87616,-117.88573,Private nonprofit,2,Main campus,Available,Far West,8,Suburb,Suburb: Large,4,564,"Fewer than 1,000"
120698,Palo Alto University,Palo Alto,CA,94304-1337,"Palo Alto, CA",37.382216,-122.187437,Private nonprofit,2,Main campus,Unavailable,Far West,8,Rural,Rural: Fringe,10,14,"Fewer than 1,000"
120768,Pacific Oaks College,Pasadena,CA,91103,"Pasadena, CA",34.153382,-118.151323,Private nonprofit,2,Main campus,Available,Far West,8,City,City: Midsize,2,312,"Fewer than 1,000"
120883,University of the Pacific,Stockton,CA,95211-0197,"Stockton, CA",37.981424,-121.312301,Private nonprofit,2,Main campus,Available,Far West,8,City,City: Large,1,3204,"1,000 to 4,999"
121150,Pepperdine University,Malibu,CA,90263,"Malibu, CA",34.037786,-118.707077,Private nonprofit,2,Main campus,Available,Far West,8,Suburb,Suburb: Large,4,3553,"1,000 to 4,999"
121257,Pitzer College,Claremont,CA,91711-6101,"Claremont, CA",34.104107,-117.706675,Private nonprofit,2,Main campus,Available,Far West,8,Suburb,Suburb: Large,4,1227,"1,000 to 4,999"
121309,Point Loma Nazarene University,San Diego,CA,92106-2899,"San Diego, CA",32.718391,-117.250265,Private nonprofit,2,Main campus,Available,Far West,8,City,City: Large,1,3188,"1,000 to 4,999"
121345,Pomona College,Claremont,CA,91711-4434,"Claremont, CA",34.099027,-117.714556,Private nonprofit,2,Main campus,Available,Far West,8,Suburb,Suburb: Large,4,1666,"1,000 to 4,999"
121691,University of Redlands,Redlands,CA,92373-0999,"Redlands, CA",34.064218,-117.163218,Private nonprofit,2,Main campus,Available,Far West,8,City,City: Small,3,2049,"1,000 to 4,999"
122296,Samuel Merritt University,Oakland,CA,94609,"Oakland, CA",37.82029,-122.266331,Private nonprofit,2,Main campus,Unavailable,Far West,8,City,City: Large,1,718,"Fewer than 1,000"
122409,San Diego State University,San Diego,CA,92182-0001,"San Diego, CA",32.77525,-117.071228,Public,1,Main campus,Available,Far West,8,City,City: Large,1,35377,"20,000 or more"
122436,University of San Diego,San Diego,CA,92110-2492,"San Diego, CA",32.770816,-117.192073,Private nonprofit,2,Main campus,Available,Far West,8,City,City: Large,1,5671,"5,000 to 9,999"
122506,San Francisco Conservatory of Music,San Francisco,CA,94102-6011,"San Francisco, CA",37.775543,-122.420292,Private nonprofit,2,Main campus,Available,Far West,8,City,City: Large,1,226,"Fewer than 1,000"
122597,San Francisco State University,San Francisco,CA,94132,"San Francisco, CA",37.721224,-122.476799,Public,1,Main campus,Available,Far West,8,City,City: Large,1,18639,"10,000 to 19,999"
122612,University of San Francisco,San Francisco,CA,94117-1080,"San Francisco, CA",37.776618,-122.450477,Private nonprofit,2,Main campus,Available,Far West,8,City,City: Large,1,5287,"5,000 to 9,999"
122728,William Jessup University,Rocklin,CA,95765-3707,"Rocklin, CA",38.819728,-121.292312,Private nonprofit,2,Main campus,Available,Far West,8,Suburb,Suburb: Large,4,1294,"1,000 to 4,999"
122755,San Jose State University,San Jose,CA,95192-0186,"San Jose, CA",37.336569,-121.880621,Public,1,Main campus,Available,Far West,8,City,City: Large,1,27601,"20,000 or more"
122931,Santa Clara University,Santa Clara,CA,95053,"Santa Clara, CA",37.348362,-121.93784,Private nonprofit,2,Main campus,Available,Far West,8,City,City: Midsize,2,6552,"5,000 to 9,999"
123165,Scripps College,Claremont,CA,91711,"Claremont, CA",34.104147,-117.711294,Private nonprofit,2,Main campus,Available,Far West,8,Suburb,Suburb: Large,4,1113,"1,000 to 4,999"
123280,Shasta Bible College and Graduate School,Redding,CA,96002,"Redding, CA",40.566034,-122.314419,Private nonprofit,2,Main campus,Available,Far West,8,City,City: Small,3,21,"Fewer than 1,000"
123457,Simpson University,Redding,CA,96003-8606,"Redding, CA",40.61334,-122.332981,Private nonprofit,2,Main campus,Available,Far West,8,City,City: Small,3,809,"Fewer than 1,000"
123554,Saint Mary's College of California,Moraga,CA,94575,"Moraga, CA",37.840731,-122.109031,Private nonprofit,2,Main campus,Available,Far West,8,Suburb,Suburb: Large,4,1947,"1,000 to 4,999"
123572,Sonoma State University,Rohnert Park,CA,94928-3609,"Rohnert Park, CA",38.340274,-122.677066,Public,1,Main campus,Available,Far West,8,Suburb,Suburb: Large,4,5166,"5,000 to 9,999"
123651,Vanguard University of Southern California,Costa Mesa,CA,92626,"Costa Mesa, CA",33.662686,-117.900911,Private nonprofit,2,Main campus,Available,Far West,8,City,City: Midsize,2,1933,"1,000 to 4,999"
123952,Southern California Institute of Architecture,Los Angeles,CA,90013-1822,"Los Angeles, CA",34.044215,-118.232799,Private nonprofit,2,Main campus,Available,Far West,8,City,City: Large,1,236,"Fewer than 1,000"
123961,University of Southern California,Los Angeles,CA,90089,"Los Angeles, CA",34.021281,-118.284169,Private nonprofit,2,Main campus,Available,Far West,8,City,City: Large,1,20443,"20,000 or more"
124292,Thomas Aquinas College,Santa Paula,CA,93060,"Santa Paula, CA",34.429009,-119.087141,Private nonprofit,2,Main campus,Available,Far West,8,Rural,Rural: Distant,11,566,"Fewer than 1,000"
124487,Epic Bible College & Graduate School,Sacramento,CA,95841,"Sacramento, CA",38.645152,-121.362642,Private nonprofit,2,Main campus,Unavailable,Far West,8,Suburb,Suburb: Large,4,66,"Fewer than 1,000"
125231,Walden University,Minneapolis,MN,55401,"Minneapolis, MN",44.98125,-93.265738,Private for-profit,3,Main campus,Unavailable,Plains,4,City,City: Large,1,9136,"5,000 to 9,999"
125727,Westmont College,Santa Barbara,CA,93108-1089,"Santa Barbara, CA",34.450151,-119.662517,Private nonprofit,2,Main campus,Available,Far West,8,Suburb,Suburb: Midsize,5,1302,"1,000 to 4,999"
125763,Whittier College,Whittier,CA,90601,"Whittier, CA",33.978773,-118.032299,Private nonprofit,2,Main campus,Available,Far West,8,Suburb,Suburb: Large,4,764,"Fewer than 1,000"
125897,Woodbury University,Burbank,CA,91504-1052,"Burbank, CA",34.208011,-118.341147,Private nonprofit,2,Main campus,Available,Far West,8,City,City: Large,1,779,"Fewer than 1,000"
126076,Yeshiva Ohr Elchonon Chabad West Coast Talmudical Seminary,Los Angeles,CA,90046-7660,"Los Angeles, CA",34.085465,-118.346613,Private nonprofit,2,Main campus,Available,Far West,8,City,City: Large,1,163,"Fewer than 1,000"
126182,Adams State University,Alamosa,CO,81101,"Alamosa, CO",37.473636,-105.879642,Public,1,Main campus,Unavailable,Rocky Mountains,7,Town,Town: Remote,9,1250,"1,000 to 4,999"
126562,University of Colorado Denver/Anschutz Medical Campus,Denver,CO,80217-3364,"Denver, CO",39.745149,-104.837722,Public,1,Main campus,Available,Rocky Mountains,7,City,City: Large,1,10519,"10,000 to 19,999"
126580,University of Colorado Colorado Springs,Colorado Springs,CO,80918,"Colorado Springs, CO",38.892735,-104.800296,Public,1,Main campus,Available,Rocky Mountains,7,City,City: Large,1,8697,"5,000 to 9,999"
126614,University of Colorado Boulder,Boulder,CO,80309-0017,"Boulder, CO",40.008781,-105.270823,Public,1,Main campus,Available,Rocky Mountains,7,City,City: Midsize,2,31939,"20,000 or more"
126669,Colorado Christian University,Lakewood,CO,80226,"Lakewood, CO",39.71388,-105.09456,Private nonprofit,2,Main campus,Unavailable,Rocky Mountains,7,Suburb,Suburb: Large,4,5549,"5,000 to 9,999"
126678,Colorado College,Colorado Springs,CO,80903,"Colorado Springs, CO",38.84886,-104.822697,Private nonprofit,2,Main campus,Available,Rocky Mountains,7,City,City: Large,1,2014,"1,000 to 4,999"
126775,Colorado School of Mines,Golden,CO,80401,"Golden, CO",39.751443,-105.223364,Public,1,Main campus,Available,Rocky Mountains,7,Suburb,Suburb: Large,4,6155,"5,000 to 9,999"
126818,Colorado State University-Fort Collins,Fort Collins,CO,80523-0100,"Fort Collins, CO",40.574805,-105.080732,Public,1,Main campus,Available,Rocky Mountains,7,City,City: Midsize,2,25538,"20,000 or more"
126827,Colorado Technical University-Colorado Springs,Colorado Springs,CO,80907-3812,"Colorado Springs, CO",38.895069,-104.85716,Private for-profit,3,Main campus,Unavailable,Rocky Mountains,7,City,City: Large,1,28086,"20,000 or more"
127060,University of Denver,Denver,CO,80208,"Denver, CO",39.678005,-104.963259,Private nonprofit,2,Main campus,Available,Rocky Mountains,7,City,City: Large,1,6025,"5,000 to 9,999"
127185,Fort Lewis College,Durango,CO,81301-3999,"Durango, CO",37.275939,-107.867422,Public,1,Main campus,Available,Rocky Mountains,7,Town,Town: Distant,8,3079,"1,000 to 4,999"
127565,Metropolitan State University of Denver,Denver,CO,80204,"Denver, CO",39.744202,-105.00504,Public,1,Main campus,Available,Rocky Mountains,7,City,City: Large,1,15002,"10,000 to 19,999"
127653,Naropa University,Boulder,CO,80302-6697,"Boulder, CO",40.014235,-105.266987,Private nonprofit,2,Main campus,Available,Rocky Mountains,7,City,City: Midsize,2,339,"Fewer than 1,000"
127714,Nazarene Bible College,Colorado Springs,CO,80909,"Colorado Springs, CO",38.862354,-104.758064,Private nonprofit,2,Main campus,Unavailable,Rocky Mountains,7,City,City: Large,1,284,"Fewer than 1,000"
127741,University of Northern Colorado,Greeley,CO,80639,"Greeley, CO",40.410855,-104.692777,Public,1,Main campus,Available,Rocky Mountains,7,City,City: Midsize,2,5598,"5,000 to 9,999"
127918,Regis University,Denver,CO,80221-1099,"Denver, CO",39.788175,-105.030756,Private nonprofit,2,Main campus,Available,Rocky Mountains,7,City,City: Large,1,2627,"1,000 to 4,999"
127945,Rocky Mountain College of Art and Design,Lakewood,CO,80214,"Lakewood, CO",39.74332,-105.069911,Private for-profit,3,Main campus,Unavailable,Rocky Mountains,7,Suburb,Suburb: Large,4,2050,"1,000 to 4,999"
128106,Colorado State University Pueblo,Pueblo,CO,81001-4901,"Pueblo, CO",38.30859,-104.579033,Public,1,Main campus,Available,Rocky Mountains,7,City,City: Midsize,2,3042,"1,000 to 4,999"
128328,United States Air Force Academy,USAF Academy,CO,80840-5002,"USAF Academy, CO",39.010957,-104.891358,Public,1,Main campus,Available,U.S. Service Schools,10,Rural,Rural: Fringe,10,4114,"1,000 to 4,999"
128391,Western Colorado University,Gunnison,CO,81231,"Gunnison, CO",38.549936,-106.919132,Public,1,Main campus,Available,Rocky Mountains,7,Town,Town: Remote,9,1586,"1,000 to 4,999"
128498,Albertus Magnus College,New Haven,CT,06511-1189,"New Haven, CT",41.332519,-72.923848,Private nonprofit,2,Main campus,Available,New England,1,City,City: Midsize,2,991,"Fewer than 1,000"
128744,University of Bridgeport,Bridgeport,CT,06604-5620,"Bridgeport, CT",41.164741,-73.190166,Private nonprofit,2,Main campus,Available,New England,1,City,City: Midsize,2,1534,"1,000 to 4,999"
128771,Central Connecticut State University,New Britain,CT,6050,"New Britain, CT",41.692502,-72.765991,Public,1,Main campus,Available,New England,1,Suburb,Suburb: Large,4,7822,"5,000 to 9,999"
128780,Charter Oak State College,New Britain,CT,6051,"New Britain, CT",41.666848,-72.781239,Public,1,Main campus,Unavailable,New England,1,Suburb,Suburb: Large,4,1821,"1,000 to 4,999"
128902,Connecticut College,New London,CT,06320-4196,"New London, CT",41.379833,-72.107321,Private nonprofit,2,Main campus,Available,New England,1,City,City: Small,3,1937,"1,000 to 4,999"
129020,University of Connecticut,Storrs,CT,6269,"Storrs, CT",41.809098,-72.249948,Public,1,Main campus,Available,New England,1,Town,Town: Fringe,7,19835,"10,000 to 19,999"
129215,Eastern Connecticut State University,Willimantic,CT,6226,"Willimantic, CT",41.721673,-72.218753,Public,1,Main campus,Available,New England,1,Town,Town: Fringe,7,3418,"1,000 to 4,999"
129242,Fairfield University,Fairfield,CT,06824-5195,"Fairfield, CT",41.157673,-73.255903,Private nonprofit,2,Main campus,Available,New England,1,Suburb,Suburb: Large,4,5373,"5,000 to 9,999"
129525,University of Hartford,West Hartford,CT,06117-1599,"West Hartford, CT",41.798591,-72.715213,Private nonprofit,2,Main campus,Available,New England,1,City,City: Midsize,2,4146,"1,000 to 4,999"
129534,Holy Apostles College and Seminary,Cromwell,CT,06416-2005,"Cromwell, CT",41.60682,-72.647853,Private nonprofit,2,Main campus,Unavailable,New England,1,Suburb,Suburb: Large,4,216,"Fewer than 1,000"
129774,Mitchell College,New London,CT,6320,"New London, CT",41.328013,-72.09523,Private nonprofit,2,Main campus,Available,New England,1,City,City: Small,3,377,"Fewer than 1,000"
129941,University of New Haven,West Haven,CT,06516-1916,"West Haven, CT",41.291314,-72.961472,Private nonprofit,2,Main campus,Available,New England,1,Suburb,Suburb: Large,4,4841,"1,000 to 4,999"
130183,Post University,Waterbury,CT,6723,"Waterbury, CT",41.535549,-73.081497,Private for-profit,3,Main campus,Unavailable,New England,1,City,City: Midsize,2,13603,"10,000 to 19,999"
130226,Quinnipiac University,Hamden,CT,6518,"Hamden, CT",41.418915,-72.894117,Private nonprofit,2,Main campus,Available,New England,1,Suburb,Suburb: Large,4,6531,"5,000 to 9,999"
130253,Sacred Heart University,Fairfield,CT,06825-1000,"Fairfield, CT",41.220893,-73.243332,Private nonprofit,2,Main campus,Available,New England,1,Suburb,Suburb: Large,4,7087,"5,000 to 9,999"
130314,University of Saint Joseph,West Hartford,CT,6117,"West Hartford, CT",41.781041,-72.72965,Private nonprofit,2,Main campus,Available,New England,1,City,City: Small,3,838,"Fewer than 1,000"
130493,Southern Connecticut State University,New Haven,CT,06515-1355,"New Haven, CT",41.333225,-72.947897,Public,1,Main campus,Available,New England,1,City,City: Midsize,2,6295,"5,000 to 9,999"
130590,Trinity College,Hartford,CT,06106-3100,"Hartford, CT",41.747451,-72.690882,Private nonprofit,2,Main campus,Available,New England,1,City,City: Midsize,2,2146,"1,000 to 4,999"
130624,United States Coast Guard Academy,New London,CT,6320,"New London, CT",41.375823,-72.101583,Public,1,Main campus,Available,U.S. Service Schools,10,City,City: Small,3,1108,"1,000 to 4,999"
130697,Wesleyan University,Middletown,CT,6459,"Middletown, CT",41.554665,-72.657146,Private nonprofit,2,Main campus,Available,New England,1,City,City: Small,3,3067,"1,000 to 4,999"
130776,Western Connecticut State University,Danbury,CT,06810-6826,"Danbury, CT",41.400365,-73.444264,Public,1,Main campus,Available,New England,1,City,City: Small,3,3511,"1,000 to 4,999"
130794,Yale University,New Haven,CT,6520,"New Haven, CT",41.311158,-72.926688,Private nonprofit,2,Main campus,Available,New England,1,City,City: Midsize,2,6758,"5,000 to 9,999"
130934,Delaware State University,Dover,DE,19901,"Dover, DE",39.187173,-75.54053,Public,1,Main campus,Available,Mid East,2,City,City: Small,3,4398,"1,000 to 4,999"
130943,University of Delaware,Newark,DE,19716,"Newark, DE",39.679577,-75.752822,Public,1,Main campus,Available,Mid East,2,Suburb,Suburb: Large,4,19071,"10,000 to 19,999"
130989,Goldey-Beacom College,Wilmington,DE,19808,"Wilmington, DE",39.741501,-75.689624,Private nonprofit,2,Main campus,Available,Mid East,2,Suburb,Suburb: Large,4,691,"Fewer than 1,000"
131113,Wilmington University,New Castle,DE,19720,"New Castle, DE",39.682299,-75.586998,Private nonprofit,2,Main campus,Unavailable,Mid East,2,Suburb,Suburb: Large,4,7906,"5,000 to 9,999"
131159,American University,Washington,DC,20016-8001,"Washington, DC",38.936005,-77.088875,Private nonprofit,2,Main campus,Available,Mid East,2,City,City: Large,1,7266,"5,000 to 9,999"
131283,The Catholic University of America,Washington,DC,20064,"Washington, DC",38.933651,-76.997909,Private nonprofit,2,Main campus,Available,Mid East,2,City,City: Large,1,3154,"1,000 to 4,999"
131450,Gallaudet University,Washington,DC,20002-3695,"Washington, DC",38.907371,-76.993675,Private nonprofit,2,Main campus,Available,Mid East,2,City,City: Large,1,812,"Fewer than 1,000"
131469,George Washington University,Washington,DC,20052,"Washington, DC",38.89923,-77.048363,Private nonprofit,2,Main campus,Available,Mid East,2,City,City: Large,1,11182,"10,000 to 19,999"
131496,Georgetown University,Washington,DC,20057-0001,"Washington, DC",38.908809,-77.073463,Private nonprofit,2,Main campus,Available,Mid East,2,City,City: Large,1,7569,"5,000 to 9,999"
131520,Howard University,Washington,DC,20059,"Washington, DC",38.922392,-77.018966,Private nonprofit,2,Main campus,Available,Mid East,2,City,City: Large,1,10108,"10,000 to 19,999"
131803,Strayer University-District of Columbia,Washington,DC,20005,"Washington, DC",38.904881,-77.034133,Private for-profit,3,Main campus,Unavailable,Mid East,2,City,City: Large,1,156,"Fewer than 1,000"
131876,Trinity Washington University,Washington,DC,20017-1094,"Washington, DC",38.927398,-77.004261,Private nonprofit,2,Main campus,Available,Mid East,2,City,City: Large,1,1414,"1,000 to 4,999"
132408,Baptist University of Florida,Graceville,FL,32440,"Graceville, FL",30.962708,-85.503931,Private nonprofit,2,Main campus,Available,Southeast,5,Rural,Rural: Distant,11,360,"Fewer than 1,000"
132471,Barry University,Miami,FL,33161-6695,"Miami, FL",25.878908,-80.198925,Private nonprofit,2,Main campus,Available,Southeast,5,Suburb,Suburb: Large,4,2212,"1,000 to 4,999"
132602,Bethune-Cookman University,Daytona Beach,FL,32114-3099,"Daytona Beach, FL",29.207195,-81.032946,Private nonprofit,2,Main campus,Available,Southeast,5,City,City: Small,3,2732,"1,000 to 4,999"
132657,Lynn University,Boca Raton,FL,33431-5598,"Boca Raton, FL",26.385985,-80.122806,Private nonprofit,2,Main campus,Available,Southeast,5,City,City: Small,3,2859,"1,000 to 4,999"
132842,Albizu University-Miami,Miami,FL,33172-2209,"Miami, FL",25.795181,-80.354942,Private nonprofit,2,Non-main campus,Available,Southeast,5,City,City: Small,3,287,"Fewer than 1,000"
132903,University of Central Florida,Orlando,FL,32816,"Orlando, FL",28.602159,-81.200889,Public,1,Main campus,Available,Southeast,5,Suburb,Suburb: Large,4,59146,"20,000 or more"
133465,South University-West Palm Beach,Royal Palm Beach,FL,33411,"Royal Palm Beach, FL",26.69215,-80.200219,Private for-profit,3,Non-main campus,Unavailable,Southeast,5,Suburb,Suburb: Large,4,251,"Fewer than 1,000"
133492,Eckerd College,Saint Petersburg,FL,33711-4700,"Saint Petersburg, FL",27.715798,-82.687043,Private nonprofit,2,Main campus,Available,Southeast,5,City,City: Large,1,1888,"1,000 to 4,999"
133526,Edward Waters University,Jacksonville,FL,32209,"Jacksonville, FL",30.34479,-81.684879,Private nonprofit,2,Main campus,Available,Southeast,5,City,City: Large,1,1087,"1,000 to 4,999"
133553,Embry-Riddle Aeronautical University-Daytona Beach,Daytona Beach,FL,32114-3900,"Daytona Beach, FL",29.189903,-81.048367,Private nonprofit,2,Main campus,Available,Southeast,5,City,City: Small,3,7860,"5,000 to 9,999"
133650,Florida Agricultural and Mechanical University,Tallahassee,FL,32307,"Tallahassee, FL",30.428504,-84.290226,Public,1,Main campus,Available,Southeast,5,City,City: Midsize,2,7582,"5,000 to 9,999"
133669,Florida Atlantic University,Boca Raton,FL,33431-0991,"Boca Raton, FL",26.372421,-80.102978,Public,1,Main campus,Available,Southeast,5,City,City: Small,3,23757,"20,000 or more"
133711,Flagler College,Saint Augustine,FL,32084,"Saint Augustine, FL",29.892733,-81.314887,Private nonprofit,2,Main campus,Available,Southeast,5,Suburb,Suburb: Small,6,2391,"1,000 to 4,999"
133809,Florida College,Temple Terrace,FL,33617,"Temple Terrace, FL",28.034936,-82.383289,Private nonprofit,2,Main campus,Available,Southeast,5,Suburb,Suburb: Large,4,588,"Fewer than 1,000"
133872,AdventHealth University,Orlando,FL,32803,"Orlando, FL",28.576142,-81.367687,Private nonprofit,2,Main campus,Unavailable,Southeast,5,City,City: Large,1,1361,"1,000 to 4,999"
133881,Florida Institute of Technology,Melbourne,FL,32901-6975,"Melbourne, FL",28.065773,-80.623123,Private nonprofit,2,Main campus,Available,Southeast,5,City,City: Small,3,3404,"1,000 to 4,999"
133951,Florida International University,Miami,FL,33199,"Miami, FL",25.75732,-80.373928,Public,1,Main campus,Available,Southeast,5,Suburb,Suburb: Large,4,39508,"20,000 or more"
133979,Florida Memorial University,Miami Gardens,FL,33054-6199,"Miami Gardens, FL",25.918278,-80.270753,Private nonprofit,2,Main campus,Available,Southeast,5,Suburb,Suburb: Large,4,1183,"1,000 to 4,999"
134079,Florida Southern College,Lakeland,FL,33801-5698,"Lakeland, FL",28.032443,-81.948203,Private nonprofit,2,Main campus,Available,Southeast,5,City,City: Midsize,2,2656,"1,000 to 4,999"
134097,Florida State University,Tallahassee,FL,32306-1037,"Tallahassee, FL",30.443147,-84.295064,Public,1,Main campus,Available,Southeast,5,City,City: Midsize,2,32212,"20,000 or more"
134130,University of Florida,Gainesville,FL,32611,"Gainesville, FL",29.64629,-82.347911,Public,1,Main campus,Available,Southeast,5,City,City: Midsize,2,35629,"20,000 or more"
134237,Full Sail University,Winter Park,FL,32792-7429,"Winter Park, FL",28.596546,-81.301286,Private for-profit,3,Main campus,Unavailable,Southeast,5,Suburb,Suburb: Large,4,25777,"20,000 or more"
134510,Hobe Sound Bible College,Hobe Sound,FL,33455,"Hobe Sound, FL",27.066304,-80.13184,Private nonprofit,2,Main campus,Unavailable,Southeast,5,Suburb,Suburb: Large,4,112,"Fewer than 1,000"
134945,Jacksonville University,Jacksonville,FL,32211-3394,"Jacksonville, FL",30.353227,-81.60458,Private nonprofit,2,Main campus,Available,Southeast,5,City,City: Large,1,2930,"1,000 to 4,999"
135364,Luther Rice College & Seminary,Lithonia,GA,30038-9869,"Lithonia, GA",33.698126,-84.123179,Private nonprofit,2,Main campus,Available,Southeast,5,Suburb,Suburb: Large,4,165,"Fewer than 1,000"
135726,University of Miami,Coral Gables,FL,33146,"Coral Gables, FL",25.72126,-80.278662,Private nonprofit,2,Main campus,Available,Southeast,5,Suburb,Suburb: Large,4,12913,"10,000 to 19,999"
136172,University of North Florida,Jacksonville,FL,32224-7699,"Jacksonville, FL",30.27194,-81.509144,Public,1,Main campus,Available,Southeast,5,City,City: Large,1,13359,"10,000 to 19,999"
136215,Nova Southeastern University,Fort Lauderdale,FL,33328-2004,"Fort Lauderdale, FL",26.082288,-80.249891,Private nonprofit,2,Main campus,Available,Southeast,5,Suburb,Suburb: Large,4,7240,"5,000 to 9,999"
136330,Palm Beach Atlantic University,West Palm Beach,FL,33401,"West Palm Beach, FL",26.7044,-80.05247,Private nonprofit,2,Main campus,Available,Southeast,5,City,City: Midsize,2,2603,"1,000 to 4,999"
136774,Ringling College of Art and Design,Sarasota,FL,34234-5895,"Sarasota, FL",27.360931,-82.547803,Private nonprofit,2,Main campus,Available,Southeast,5,City,City: Small,3,1662,"1,000 to 4,999"
136950,Rollins College,Winter Park,FL,32789-4499,"Winter Park, FL",28.592787,-81.349239,Private nonprofit,2,Main campus,Available,Southeast,5,Suburb,Suburb: Large,4,2631,"1,000 to 4,999"
137032,Saint Leo University,Saint Leo,FL,33574-6665,"Saint Leo, FL",28.336776,-82.257801,Private nonprofit,2,Main campus,Available,Southeast,5,Town,Town: Fringe,7,6721,"5,000 to 9,999"
137272,St. John Vianney College Seminary,Miami,FL,33165-3244,"Miami, FL",25.742579,-80.337411,Private nonprofit,2,Main campus,Available,Southeast,5,Suburb,Suburb: Large,4,77,"Fewer than 1,000"
137351,University of South Florida,Tampa,FL,33620-9951,"Tampa, FL",28.061458,-82.413232,Public,1,Main campus,Available,Southeast,5,City,City: Large,1,37207,"20,000 or more"
137476,St. Thomas University,Miami Gardens,FL,33054-6459,"Miami Gardens, FL",25.922071,-80.253273,Private nonprofit,2,Main campus,Available,Southeast,5,Suburb,Suburb: Large,4,2214,"1,000 to 4,999"
137546,Stetson University,DeLand,FL,32723,"DeLand, FL",29.035475,-81.300746,Private nonprofit,2,Main campus,Available,Southeast,5,City,City: Small,3,2297,"1,000 to 4,999"
137564,Southeastern University,Lakeland,FL,33801-6034,"Lakeland, FL",28.029733,-81.918382,Private nonprofit,2,Main campus,Available,Southeast,5,City,City: Midsize,2,4813,"1,000 to 4,999"
137777,Talmudic College of Florida,Miami Beach,FL,33140-3854,"Miami Beach, FL",25.811996,-80.136293,Private nonprofit,2,Main campus,Unavailable,Southeast,5,City,City: Small,3,27,"Fewer than 1,000"
137847,The University of Tampa,Tampa,FL,33606-1490,"Tampa, FL",27.948455,-82.46483,Private nonprofit,2,Main campus,Available,Southeast,5,City,City: Large,1,10572,"10,000 to 19,999"
137953,Trinity College of Jacksonville,Jacksonville,FL,32221,"Jacksonville, FL",30.311171,-81.79626,Private nonprofit,2,Main campus,Available,Southeast,5,City,City: Large,1,386,"Fewer than 1,000"
137962,Trinity College of Florida,Trinity,FL,34655-4401,"Trinity, FL",28.194732,-82.678318,Private nonprofit,2,Main campus,Available,Southeast,5,Suburb,Suburb: Large,4,148,"Fewer than 1,000"
138275,Warner University,Lake Wales,FL,33859-8797,"Lake Wales, FL",27.825751,-81.599972,Private nonprofit,2,Main campus,Available,Southeast,5,Rural,Rural: Fringe,10,756,"Fewer than 1,000"
138293,Webber International University,Babson Park,FL,33827-0096,"Babson Park, FL",27.838778,-81.532315,Private nonprofit,2,Main campus,Available,Southeast,5,Rural,Rural: Fringe,10,813,"Fewer than 1,000"
138354,University of West Florida,Pensacola,FL,32514-5750,"Pensacola, FL",30.549076,-87.218511,Public,1,Main campus,Available,Southeast,5,Rural,Rural: Fringe,10,9330,"5,000 to 9,999"
138558,Abraham Baldwin Agricultural College,Tifton,GA,31793-2601,"Tifton, GA",31.481889,-83.528281,Public,1,Main campus,Available,Southeast,5,Town,Town: Distant,8,3208,"1,000 to 4,999"
138600,Agnes Scott College,Decatur,GA,30030-3770,"Decatur, GA",33.769268,-84.295459,Private nonprofit,2,Main campus,Available,Southeast,5,Suburb,Suburb: Large,4,836,"Fewer than 1,000"
138716,Albany State University,Albany,GA,31705,"Albany, GA",31.56928,-84.141825,Public,1,Main campus,Unavailable,Southeast,5,City,City: Small,3,5956,"5,000 to 9,999"
138868,Point University,West Point,GA,31833,"West Point, GA",32.87912,-85.184931,Private nonprofit,2,Main campus,Available,Southeast,5,Town,Town: Distant,8,1996,"1,000 to 4,999"
138947,Clark Atlanta University,Atlanta,GA,30314,"Atlanta, GA",33.747628,-84.412584,Private nonprofit,2,Main campus,Available,Southeast,5,City,City: Large,1,3603,"1,000 to 4,999"
139144,Berry College,Mount Berry,GA,30149,"Mount Berry, GA",34.290414,-85.189202,Private nonprofit,2,Main campus,Available,Southeast,5,Suburb,Suburb: Small,6,2245,"1,000 to 4,999"
139153,Beulah Heights University,Atlanta,GA,30316,"Atlanta, GA",33.736993,-84.35768,Private nonprofit,2,Main campus,Unavailable,Southeast,5,City,City: Large,1,138,"Fewer than 1,000"
139199,Brenau University,Gainesville,GA,30501-3668,"Gainesville, GA",34.303117,-83.821513,Private nonprofit,2,Main campus,Available,Southeast,5,City,City: Small,3,1029,"1,000 to 4,999"
139311,Clayton  State University,Morrow,GA,30260-0285,"Morrow, GA",33.594079,-84.328174,Public,1,Main campus,Available,Southeast,5,Suburb,Suburb: Large,4,4348,"1,000 to 4,999"
139366,Columbus State University,Columbus,GA,31907-5645,"Columbus, GA",32.50096,-84.94106,Public,1,Main campus,Available,Southeast,5,City,City: Midsize,2,5625,"5,000 to 9,999"
139393,Covenant College,Lookout Mountain,GA,30750-4164,"Lookout Mountain, GA",34.965161,-85.375066,Private nonprofit,2,Main campus,Available,Southeast,5,Suburb,Suburb: Large,4,939,"Fewer than 1,000"
139463,Dalton State College,Dalton,GA,30720-3797,"Dalton, GA",34.774221,-85.002775,Public,1,Main campus,Unavailable,Southeast,5,City,City: Small,3,4553,"1,000 to 4,999"
139579,South University-Savannah,Savannah,GA,31406,"Savannah, GA",31.999481,-81.105531,Private for-profit,3,Main campus,Unavailable,Southeast,5,City,City: Midsize,2,270,"Fewer than 1,000"
139630,Emmanuel University,Franklin Springs,GA,30639,"Franklin Springs, GA",34.283641,-83.14822,Private nonprofit,2,Main campus,Available,Southeast,5,Rural,Rural: Distant,11,775,"Fewer than 1,000"
139658,Emory University,Atlanta,GA,30322,"Atlanta, GA",33.790183,-84.325512,Private nonprofit,2,Main campus,Available,Southeast,5,City,City: Large,1,7298,"5,000 to 9,999"
139719,Fort Valley State University,Fort Valley,GA,31030-4313,"Fort Valley, GA",32.537595,-83.89537,Public,1,Main campus,Available,Southeast,5,Town,Town: Fringe,7,2684,"1,000 to 4,999"
139755,Georgia Institute of Technology-Main Campus,Atlanta,GA,30332-0530,"Atlanta, GA",33.77242,-84.394832,Public,1,Main campus,Available,Southeast,5,City,City: Large,1,18785,"10,000 to 19,999"
139764,Georgia Southwestern State University,Americus,GA,31709-4693,"Americus, GA",32.054662,-84.217738,Public,1,Main campus,Available,Southeast,5,Town,Town: Distant,8,2424,"1,000 to 4,999"
139861,Georgia College & State University,Milledgeville,GA,31061,"Milledgeville, GA",33.082787,-83.231962,Public,1,Main campus,Available,Southeast,5,Town,Town: Distant,8,5947,"5,000 to 9,999"
139931,Georgia Southern University,Statesboro,GA,30460-8126,"Statesboro, GA",32.426153,-81.784045,Public,1,Main campus,Available,Southeast,5,Town,Town: Distant,8,21790,"20,000 or more"
139940,Georgia State University,Atlanta,GA,30303-3083,"Atlanta, GA",33.7527,-84.38667,Public,1,Main campus,Available,Southeast,5,City,City: Large,1,26623,"20,000 or more"
139959,University of Georgia,Athens,GA,30602,"Athens, GA",33.956262,-83.374039,Public,1,Main campus,Available,Southeast,5,City,City: Midsize,2,32137,"20,000 or more"
139968,Gordon State College,Barnesville,GA,30204,"Barnesville, GA",33.04571,-84.154508,Public,1,Main campus,Available,Southeast,5,Town,Town: Distant,8,2544,"1,000 to 4,999"
140234,LaGrange College,Lagrange,GA,30240-2999,"Lagrange, GA",33.038564,-85.043113,Private nonprofit,2,Main campus,Available,Southeast,5,Town,Town: Distant,8,636,"Fewer than 1,000"
140252,Life University,Marietta,GA,30060,"Marietta, GA",33.932781,-84.514729,Private nonprofit,2,Main campus,Available,Southeast,5,City,City: Small,3,893,"Fewer than 1,000"
140340,Herzing University-Atlanta,Atlanta,GA,30303,"Atlanta, GA",33.754218,-84.387251,Private nonprofit,2,Non-main campus,Available,Southeast,5,City,City: Large,1,387,"Fewer than 1,000"
140447,Mercer University,Macon,GA,31207,"Macon, GA",32.829134,-83.649392,Private nonprofit,2,Main campus,Available,Southeast,5,City,City: Midsize,2,4500,"1,000 to 4,999"
140553,Morehouse College,Atlanta,GA,30314,"Atlanta, GA",33.745982,-84.414917,Private nonprofit,2,Main campus,Available,Southeast,5,City,City: Large,1,2844,"1,000 to 4,999"
140571,Morris Brown College,Atlanta,GA,30314-4140,"Atlanta, GA",33.753707,-84.407668,Private nonprofit,2,Main campus,Unavailable,Southeast,5,City,City: Large,1,432,"Fewer than 1,000"
140696,Oglethorpe University,Atlanta,GA,30319-2797,"Atlanta, GA",33.875441,-84.333687,Private nonprofit,2,Main campus,Available,Southeast,5,Suburb,Suburb: Large,4,1352,"1,000 to 4,999"
140720,Paine College,Augusta,GA,30901-3182,"Augusta, GA",33.469545,-81.993225,Private nonprofit,2,Main campus,Available,Southeast,5,City,City: Midsize,2,388,"Fewer than 1,000"
140818,Piedmont University,Demorest,GA,30535-0010,"Demorest, GA",34.566042,-83.542126,Private nonprofit,2,Main campus,Available,Southeast,5,Town,Town: Distant,8,1117,"1,000 to 4,999"
140872,Reinhardt University,Waleska,GA,30183-2981,"Waleska, GA",34.319756,-84.554264,Private nonprofit,2,Main campus,Available,Southeast,5,Rural,Rural: Fringe,10,1066,"1,000 to 4,999"
140951,Savannah College of Art and Design,Savannah,GA,31402-3146,"Savannah, GA",32.072964,-81.09395,Private nonprofit,2,Main campus,Available,Southeast,5,City,City: Midsize,2,15243,"10,000 to 19,999"
140960,Savannah State University,Savannah,GA,31404-5310,"Savannah, GA",32.024781,-81.063377,Public,1,Main campus,Unavailable,Southeast,5,City,City: Midsize,2,2833,"1,000 to 4,999"
140988,Shorter University,Rome,GA,30165,"Rome, GA",34.257543,-85.196529,Private nonprofit,2,Main campus,Available,Southeast,5,City,City: Small,3,1028,"1,000 to 4,999"
141060,Spelman College,Atlanta,GA,30314-4399,"Atlanta, GA",33.745279,-84.411527,Private nonprofit,2,Main campus,Available,Southeast,5,City,City: Large,1,3414,"1,000 to 4,999"
141167,Thomas University,Thomasville,GA,31792,"Thomasville, GA",30.815576,-83.963587,Private nonprofit,2,Main campus,Available,Southeast,5,Town,Town: Distant,8,998,"Fewer than 1,000"
141185,Toccoa Falls College,Toccoa Falls,GA,30598,"Toccoa Falls, GA",34.593414,-83.357617,Private nonprofit,2,Main campus,Available,Southeast,5,Town,Town: Distant,8,875,"Fewer than 1,000"
141237,Truett McConnell University,Cleveland,GA,30528,"Cleveland, GA",34.596306,-83.748911,Private nonprofit,2,Main campus,Available,Southeast,5,Rural,Rural: Distant,11,744,"Fewer than 1,000"
141264,Valdosta State University,Valdosta,GA,31698,"Valdosta, GA",30.847402,-83.289282,Public,1,Main campus,Available,Southeast,5,City,City: Small,3,6622,"5,000 to 9,999"
141325,Wesleyan College,Macon,GA,31210-4462,"Macon, GA",32.876037,-83.715417,Private nonprofit,2,Main campus,Available,Southeast,5,City,City: Midsize,2,400,"Fewer than 1,000"
141334,University of West Georgia,Carrollton,GA,30118-0001,"Carrollton, GA",33.573621,-85.097762,Public,1,Main campus,Available,Southeast,5,Town,Town: Distant,8,7520,"5,000 to 9,999"
141361,Young Harris College,Young Harris,GA,30582,"Young Harris, GA",34.933523,-83.84587,Private nonprofit,2,Main campus,Available,Southeast,5,Rural,Rural: Remote,12,755,"Fewer than 1,000"
141486,Chaminade University of Honolulu,Honolulu,HI,96816-1578,"Honolulu, HI",21.28995,-157.807851,Private nonprofit,2,Main campus,Available,Far West,8,City,City: Large,1,1672,"1,000 to 4,999"
141565,University of Hawaii at Hilo,Hilo,HI,96720-4091,"Hilo, HI",19.701189,-155.080847,Public,1,Main campus,Available,Far West,8,Town,Town: Remote,9,2160,"1,000 to 4,999"
141574,University of Hawaii at Manoa,Honolulu,HI,96822-2217,"Honolulu, HI",21.298598,-157.818979,Public,1,Main campus,Available,Far West,8,City,City: Large,1,15029,"10,000 to 19,999"
141644,Hawaii Pacific University,Honolulu,HI,96813,"Honolulu, HI",21.310306,-157.859645,Private nonprofit,2,Main campus,Available,Far West,8,City,City: Large,1,2392,"1,000 to 4,999"
141981,University of Hawaii-West Oahu,Kapolei,HI,96707-4507,"Kapolei, HI",21.35531,-158.056403,Public,1,Main campus,Available,Far West,8,Suburb,Suburb: Large,4,2519,"1,000 to 4,999"
142090,Boise Bible College,Boise,ID,83714-1220,"Boise, ID",43.658651,-116.291321,Private nonprofit,2,Main campus,Available,Rocky Mountains,7,Suburb,Suburb: Large,4,93,"Fewer than 1,000"
142115,Boise State University,Boise,ID,83725,"Boise, ID",43.604284,-116.203301,Public,1,Main campus,Available,Rocky Mountains,7,City,City: Midsize,2,17674,"10,000 to 19,999"
142276,Idaho State University,Pocatello,ID,83209,"Pocatello, ID",42.863832,-112.432312,Public,1,Main campus,Unavailable,Rocky Mountains,7,City,City: Small,3,7583,"5,000 to 9,999"
142285,University of Idaho,Moscow,ID,83844-2282,"Moscow, ID",46.727406,-117.014167,Public,1,Main campus,Available,Rocky Mountains,7,Town,Town: Distant,8,7747,"5,000 to 9,999"
142294,The College of Idaho,Caldwell,ID,83605-4432,"Caldwell, ID",43.652284,-116.677992,Private nonprofit,2,Main campus,Available,Rocky Mountains,7,Suburb,Suburb: Midsize,5,1041,"1,000 to 4,999"
142328,Lewis-Clark State College,Lewiston,ID,83501-2698,"Lewiston, ID",46.412199,-117.024875,Public,1,Main campus,Available,Rocky Mountains,7,City,City: Small,3,2385,"1,000 to 4,999"
142461,Northwest Nazarene University,Nampa,ID,83686-5897,"Nampa, ID",43.562411,-116.565783,Private nonprofit,2,Main campus,Available,Rocky Mountains,7,Suburb,Suburb: Midsize,5,1024,"1,000 to 4,999"
142832,Adler University,Chicago,IL,60602,"Chicago, IL",41.882414,-87.629156,Private nonprofit,2,Main campus,Unavailable,Great Lakes,3,City,City: Large,1,9,"Fewer than 1,000"
142957,American Islamic College,Chicago,IL,60613,"Chicago, IL",41.954969,-87.646898,Private nonprofit,2,Main campus,Available,Great Lakes,3,City,City: Large,1,16,"Fewer than 1,000"
143048,School of the Art Institute of Chicago,Chicago,IL,60603,"Chicago, IL",41.88105,-87.625758,Private nonprofit,2,Main campus,Available,Great Lakes,3,City,City: Large,1,2805,"1,000 to 4,999"
143084,Augustana College,Rock Island,IL,61201-2296,"Rock Island, IL",41.502365,-90.55057,Private nonprofit,2,Main campus,Available,Great Lakes,3,City,City: Small,3,2490,"1,000 to 4,999"
143118,Aurora University,Aurora,IL,60506-4892,"Aurora, IL",41.753631,-88.349023,Private nonprofit,2,Main campus,Available,Great Lakes,3,Suburb,Suburb: Large,4,3974,"1,000 to 4,999"
143288,Blackburn College,Carlinville,IL,62626,"Carlinville, IL",39.287896,-89.870241,Private nonprofit,2,Main campus,Available,Great Lakes,3,Town,Town: Distant,8,471,"Fewer than 1,000"
143297,Blessing Rieman College of Nursing and Health Sciences,Quincy,IL,62305-7005,"Quincy, IL",39.949641,-91.357497,Private nonprofit,2,Main campus,Unavailable,Great Lakes,3,Town,Town: Remote,9,176,"Fewer than 1,000"
143358,Bradley University,Peoria,IL,61625-0001,"Peoria, IL",40.696896,-89.616786,Private nonprofit,2,Main campus,Available,Great Lakes,3,City,City: Midsize,2,3574,"1,000 to 4,999"
143978,The Chicago School at Chicago,Chicago,IL,60654,"Chicago, IL",41.888293,-87.63379,Private nonprofit,2,Non-main campus,Available,Great Lakes,3,City,City: Large,1,21,"Fewer than 1,000"
144005,Chicago State University,Chicago,IL,60628-1598,"Chicago, IL",41.718446,-87.609384,Public,1,Main campus,Available,Great Lakes,3,City,City: Large,1,1384,"1,000 to 4,999"
144050,University of Chicago,Chicago,IL,60637,"Chicago, IL",41.787994,-87.599539,Private nonprofit,2,Main campus,Available,Great Lakes,3,City,City: Large,1,7569,"5,000 to 9,999"
144281,Columbia College Chicago,Chicago,IL,60605-1996,"Chicago, IL",41.874261,-87.624667,Private nonprofit,2,Main campus,Available,Great Lakes,3,City,City: Large,1,5368,"5,000 to 9,999"
144351,Concordia University-Chicago,River Forest,IL,60305-1499,"River Forest, IL",41.898696,-87.809482,Private nonprofit,2,Main campus,Available,Great Lakes,3,Suburb,Suburb: Large,4,1323,"1,000 to 4,999"
144740,DePaul University,Chicago,IL,60604,"Chicago, IL",41.877618,-87.62724,Private nonprofit,2,Main campus,Available,Great Lakes,3,City,City: Large,1,14090,"10,000 to 19,999"
144883,East-West University,Chicago,IL,60605,"Chicago, IL",41.871309,-87.624793,Private nonprofit,2,Main campus,Unavailable,Great Lakes,3,City,City: Large,1,468,"Fewer than 1,000"
144892,Eastern Illinois University,Charleston,IL,61920,"Charleston, IL",39.479843,-88.175658,Public,1,Main campus,Available,Great Lakes,3,Town,Town: Remote,9,4188,"1,000 to 4,999"
144962,Elmhurst University,Elmhurst,IL,60126-3296,"Elmhurst, IL",41.897164,-87.945369,Private nonprofit,2,Main campus,Available,Great Lakes,3,Suburb,Suburb: Large,4,3006,"1,000 to 4,999"
144971,Eureka College,Eureka,IL,61530,"Eureka, IL",40.71482,-89.269624,Private nonprofit,2,Main campus,Available,Great Lakes,3,Town,Town: Fringe,7,522,"Fewer than 1,000"
145336,Governors State University,University Park,IL,60484,"University Park, IL",41.449103,-87.716441,Public,1,Main campus,Available,Great Lakes,3,Suburb,Suburb: Large,4,2556,"1,000 to 4,999"
145372,Greenville University,Greenville,IL,62246,"Greenville, IL",38.894162,-89.40824,Private nonprofit,2,Main campus,Available,Great Lakes,3,Town,Town: Distant,8,955,"Fewer than 1,000"
145497,Hebrew Theological College,Skokie,IL,60077,"Skokie, IL",42.010103,-87.760874,Private nonprofit,2,Main campus,Available,Great Lakes,3,City,City: Small,3,90,"Fewer than 1,000"
145600,University of Illinois Chicago,Chicago,IL,60607,"Chicago, IL",41.871837,-87.650503,Public,1,Main campus,Available,Great Lakes,3,City,City: Large,1,22170,"20,000 or more"
145619,Benedictine University,Lisle,IL,60532-0900,"Lisle, IL",41.777569,-88.097307,Private nonprofit,2,Main campus,Available,Great Lakes,3,Suburb,Suburb: Large,4,1942,"1,000 to 4,999"
145637,University of Illinois Urbana-Champaign,Champaign,IL,61820-5711,"Champaign, IL",40.104718,-88.229114,Public,1,Main campus,Available,Great Lakes,3,City,City: Small,3,36258,"20,000 or more"
145646,Illinois Wesleyan University,Bloomington,IL,61702-2900,"Bloomington, IL",40.489901,-88.992014,Private nonprofit,2,Main campus,Available,Great Lakes,3,City,City: Small,3,1582,"1,000 to 4,999"
145691,Illinois College,Jacksonville,IL,62650-2299,"Jacksonville, IL",39.7313,-90.246171,Private nonprofit,2,Main campus,Available,Great Lakes,3,Town,Town: Distant,8,930,"Fewer than 1,000"
145725,Illinois Institute of Technology,Chicago,IL,60616,"Chicago, IL",41.8313,-87.627321,Private nonprofit,2,Main campus,Available,Great Lakes,3,City,City: Large,1,2833,"1,000 to 4,999"
145813,Illinois State University,Normal,IL,61790-1000,"Normal, IL",40.509403,-88.990058,Public,1,Main campus,Available,Great Lakes,3,Suburb,Suburb: Midsize,5,19057,"10,000 to 19,999"
146339,Judson University,Elgin,IL,60123-1498,"Elgin, IL",42.061754,-88.291336,Private nonprofit,2,Main campus,Available,Great Lakes,3,City,City: Midsize,2,708,"Fewer than 1,000"
146427,Knox College,Galesburg,IL,61401,"Galesburg, IL",40.943064,-90.373165,Private nonprofit,2,Main campus,Available,Great Lakes,3,Town,Town: Distant,8,1127,"1,000 to 4,999"
146481,Lake Forest College,Lake Forest,IL,60045-2338,"Lake Forest, IL",42.249574,-87.827454,Private nonprofit,2,Main campus,Available,Great Lakes,3,Suburb,Suburb: Large,4,1813,"1,000 to 4,999"
146533,Lakeview College of Nursing,Danville,IL,61832,"Danville, IL",40.13855,-87.644379,Private nonprofit,2,Main campus,Unavailable,Great Lakes,3,Town,Town: Distant,8,66,"Fewer than 1,000"
146612,Lewis University,Romeoville,IL,60446-2200,"Romeoville, IL",41.605432,-88.079032,Private nonprofit,2,Main campus,Available,Great Lakes,3,Suburb,Suburb: Large,4,4015,"1,000 to 4,999"
146719,Loyola University Chicago,Chicago,IL,60660,"Chicago, IL",42.000765,-87.656872,Private nonprofit,2,Main campus,Available,Great Lakes,3,City,City: Large,1,11737,"10,000 to 19,999"
146755,Trinity College of Nursing & Health Sciences,Rock Island,IL,61201-5317,"Rock Island, IL",41.484924,-90.568862,Private nonprofit,2,Main campus,Unavailable,Great Lakes,3,City,City: Small,3,56,"Fewer than 1,000"
147013,McKendree University,Lebanon,IL,62254-1291,"Lebanon, IL",38.608154,-89.816822,Private nonprofit,2,Main campus,Available,Great Lakes,3,Suburb,Suburb: Large,4,1752,"1,000 to 4,999"
147129,Methodist College,Peoria,IL,61615,"Peoria, IL",40.7804,-89.682864,Private nonprofit,2,Main campus,Available,Great Lakes,3,City,City: Midsize,2,245,"Fewer than 1,000"
147244,Millikin University,Decatur,IL,62522-2084,"Decatur, IL",39.842612,-88.976298,Private nonprofit,2,Main campus,Available,Great Lakes,3,City,City: Small,3,1382,"1,000 to 4,999"
147341,Monmouth College,Monmouth,IL,61462-1998,"Monmouth, IL",40.914824,-90.63731,Private nonprofit,2,Main campus,Available,Great Lakes,3,Town,Town: Distant,8,702,"Fewer than 1,000"
147369,Moody Bible Institute,Chicago,IL,60610-3284,"Chicago, IL",41.897822,-87.633459,Private nonprofit,2,Main campus,Available,Great Lakes,3,City,City: Large,1,1510,"1,000 to 4,999"
147536,National Louis University,Chicago,IL,60603,"Chicago, IL",41.880093,-87.624699,Private nonprofit,2,Main campus,Available,Great Lakes,3,City,City: Large,1,4406,"1,000 to 4,999"
147590,National University of Health Sciences,Lombard,IL,60148-4583,"Lombard, IL",41.861697,-88.013171,Private nonprofit,2,Main campus,Unavailable,Great Lakes,3,Suburb,Suburb: Large,4,13,"Fewer than 1,000"
147660,North Central College,Naperville,IL,60540,"Naperville, IL",41.77576,-88.14279,Private nonprofit,2,Main campus,Available,Great Lakes,3,City,City: Midsize,2,2428,"1,000 to 4,999"
147679,North Park University,Chicago,IL,60625-4895,"Chicago, IL",41.975268,-87.709948,Private nonprofit,2,Main campus,Available,Great Lakes,3,City,City: Large,1,1818,"1,000 to 4,999"
147703,Northern Illinois University,Dekalb,IL,60115-2828,"Dekalb, IL",41.933869,-88.766428,Public,1,Main campus,Available,Great Lakes,3,Suburb,Suburb: Small,6,11301,"10,000 to 19,999"
147767,Northwestern University,Evanston,IL,60208,"Evanston, IL",42.050356,-87.679858,Private nonprofit,2,Main campus,Available,Great Lakes,3,City,City: Small,3,9201,"5,000 to 9,999"
147776,Northeastern Illinois University,Chicago,IL,60625-4699,"Chicago, IL",41.980399,-87.718983,Public,1,Main campus,Available,Great Lakes,3,City,City: Large,1,3982,"1,000 to 4,999"
147828,Olivet Nazarene University,Bourbonnais,IL,60914-2271,"Bourbonnais, IL",41.155237,-87.875165,Private nonprofit,2,Main campus,Available,Great Lakes,3,Suburb,Suburb: Small,6,2603,"1,000 to 4,999"
148016,Principia College,Elsah,IL,62028-9799,"Elsah, IL",38.948835,-90.350285,Private nonprofit,2,Main campus,Unavailable,Great Lakes,3,Rural,Rural: Fringe,10,339,"Fewer than 1,000"
148131,Quincy University,Quincy,IL,62301-2699,"Quincy, IL",39.938898,-91.385975,Private nonprofit,2,Main campus,Available,Great Lakes,3,Town,Town: Remote,9,1010,"1,000 to 4,999"
148405,Rockford University,Rockford,IL,61108-2311,"Rockford, IL",42.270639,-89.019536,Private nonprofit,2,Main campus,Available,Great Lakes,3,City,City: Midsize,2,972,"Fewer than 1,000"
148487,Roosevelt University,Chicago,IL,60605-1394,"Chicago, IL",41.876055,-87.624952,Private nonprofit,2,Main campus,Available,Great Lakes,3,City,City: Large,1,2849,"1,000 to 4,999"
148496,Dominican University,River Forest,IL,60305,"River Forest, IL",41.902678,-87.823003,Private nonprofit,2,Main campus,Available,Great Lakes,3,Suburb,Suburb: Large,4,2561,"1,000 to 4,999"
148511,Rush University,Chicago,IL,60612,"Chicago, IL",41.874742,-87.668581,Private nonprofit,2,Main campus,Unavailable,Great Lakes,3,City,City: Large,1,138,"Fewer than 1,000"
148575,Saint Francis Medical Center College of Nursing,Peoria,IL,61603-3783,"Peoria, IL",40.701241,-89.590322,Private nonprofit,2,Main campus,Unavailable,Great Lakes,3,City,City: Midsize,2,273,"Fewer than 1,000"
148584,University of St Francis,Joliet,IL,60435-6188,"Joliet, IL",41.532225,-88.096057,Private nonprofit,2,Main campus,Available,Great Lakes,3,Suburb,Suburb: Large,4,1223,"1,000 to 4,999"
148593,St. John's College,Springfield,IL,62702,"Springfield, IL",39.807602,-89.64532,Private nonprofit,2,Main campus,Unavailable,Great Lakes,3,City,City: Midsize,2,126,"Fewer than 1,000"
148627,Saint Xavier University,Chicago,IL,60655,"Chicago, IL",41.707199,-87.714749,Private nonprofit,2,Main campus,Available,Great Lakes,3,City,City: Large,1,3096,"1,000 to 4,999"
148654,University of Illinois Springfield,Springfield,IL,62703-5407,"Springfield, IL",39.729524,-89.616796,Public,1,Main campus,Available,Great Lakes,3,City,City: Midsize,2,2263,"1,000 to 4,999"
149028,Saint Anthony College of Nursing,Rockford,IL,61114,"Rockford, IL",42.310147,-88.991968,Private nonprofit,2,Main campus,Unavailable,Great Lakes,3,City,City: Midsize,2,172,"Fewer than 1,000"
149222,Southern Illinois University-Carbondale,Carbondale,IL,62901-4512,"Carbondale, IL",37.714193,-89.217273,Public,1,Main campus,Available,Great Lakes,3,Town,Town: Distant,8,8494,"5,000 to 9,999"
149231,Southern Illinois University Edwardsville,Edwardsville,IL,62026-1259,"Edwardsville, IL",38.793949,-89.997779,Public,1,Main campus,Available,Great Lakes,3,Suburb,Suburb: Large,4,8750,"5,000 to 9,999"
149329,Telshe Yeshiva-Chicago,Chicago,IL,60625,"Chicago, IL",41.975536,-87.71755,Private nonprofit,2,Main campus,Available,Great Lakes,3,City,City: Large,1,78,"Fewer than 1,000"
149505,Trinity Christian College,Palos Heights,IL,60463-0929,"Palos Heights, IL",41.667687,-87.783973,Private nonprofit,2,Main campus,Available,Great Lakes,3,Suburb,Suburb: Large,4,820,"Fewer than 1,000"
149514,Trinity International University-Illinois,Deerfield,IL,60015-1283,"Deerfield, IL",42.197945,-87.880851,Private nonprofit,2,Main campus,Available,Great Lakes,3,Suburb,Suburb: Large,4,55,"Fewer than 1,000"
149639,VanderCook College of Music,Chicago,IL,60616-3731,"Chicago, IL",41.836833,-87.629138,Private nonprofit,2,Main campus,Available,Great Lakes,3,City,City: Large,1,76,"Fewer than 1,000"
149772,Western Illinois University,Macomb,IL,61455,"Macomb, IL",40.468086,-90.686899,Public,1,Main campus,Available,Great Lakes,3,Town,Town: Remote,9,4410,"1,000 to 4,999"
149781,Wheaton College,Wheaton,IL,60187-5593,"Wheaton, IL",41.870176,-88.099643,Private nonprofit,2,Main campus,Available,Great Lakes,3,Suburb,Suburb: Large,4,2121,"1,000 to 4,999"
150066,Anderson University,Anderson,IN,46012-3495,"Anderson, IN",40.112768,-85.664315,Private nonprofit,2,Main campus,Available,Great Lakes,3,City,City: Small,3,1057,"1,000 to 4,999"
150136,Ball State University,Muncie,IN,47306,"Muncie, IN",40.203431,-85.409043,Public,1,Main campus,Available,Great Lakes,3,City,City: Small,3,13988,"10,000 to 19,999"
150145,Bethel University,Mishawaka,IN,46545-5591,"Mishawaka, IN",41.678399,-86.194686,Private nonprofit,2,Main campus,Available,Great Lakes,3,City,City: Small,3,1008,"1,000 to 4,999"
150163,Butler University,Indianapolis,IN,46208,"Indianapolis, IN",39.8374,-86.172167,Private nonprofit,2,Main campus,Available,Great Lakes,3,City,City: Large,1,4317,"1,000 to 4,999"
150172,Calumet College of Saint Joseph,Whiting,IN,46394,"Whiting, IN",41.671008,-87.494123,Private nonprofit,2,Main campus,Unavailable,Great Lakes,3,Suburb,Suburb: Large,4,529,"Fewer than 1,000"
150400,DePauw University,Greencastle,IN,46135-1772,"Greencastle, IN",39.640904,-86.860363,Private nonprofit,2,Main campus,Available,Great Lakes,3,Town,Town: Distant,8,1905,"1,000 to 4,999"
150455,Earlham College,Richmond,IN,47374-4095,"Richmond, IN",39.823431,-84.915037,Private nonprofit,2,Main campus,Available,Great Lakes,3,Town,Town: Distant,8,670,"Fewer than 1,000"
150534,University of Evansville,Evansville,IN,47722,"Evansville, IN",37.971549,-87.531644,Private nonprofit,2,Main campus,Available,Great Lakes,3,City,City: Midsize,2,1539,"1,000 to 4,999"
150604,Franklin College,Franklin,IN,46131-2623,"Franklin, IN",39.478298,-86.047182,Private nonprofit,2,Main campus,Available,Great Lakes,3,Suburb,Suburb: Large,4,900,"Fewer than 1,000"
150668,Goshen College,Goshen,IN,46526-4794,"Goshen, IN",41.563582,-85.827795,Private nonprofit,2,Main campus,Available,Great Lakes,3,City,City: Small,3,773,"Fewer than 1,000"
150677,Grace College and Theological Seminary,Winona Lake,IN,46590-1274,"Winona Lake, IN",41.22595,-85.814228,Private nonprofit,2,Main campus,Available,Great Lakes,3,Town,Town: Distant,8,1464,"1,000 to 4,999"
150756,Hanover College,Hanover,IN,47243,"Hanover, IN",38.715642,-85.460051,Private nonprofit,2,Main campus,Available,Great Lakes,3,Town,Town: Distant,8,1031,"1,000 to 4,999"
150774,Holy Cross College,Notre Dame,IN,46556-0308,"Notre Dame, IN",41.698996,-86.253822,Private nonprofit,2,Main campus,Available,Great Lakes,3,Suburb,Suburb: Large,4,639,"Fewer than 1,000"
150941,Huntington University,Huntington,IN,46750,"Huntington, IN",40.898152,-85.497317,Private nonprofit,2,Main campus,Available,Great Lakes,3,Town,Town: Distant,8,1082,"1,000 to 4,999"
151102,Purdue University Fort Wayne,Fort Wayne,IN,46805-1499,"Fort Wayne, IN",41.117278,-85.108962,Public,1,Main campus,Available,Great Lakes,3,City,City: Large,1,5484,"5,000 to 9,999"
151111,Indiana University-Indianapolis,Indianapolis,IN,46202-5143,"Indianapolis, IN",39.772948,-86.172217,Public,1,Main campus,Available,Great Lakes,3,City,City: Large,1,13830,"10,000 to 19,999"
151263,University of Indianapolis,Indianapolis,IN,46227-3697,"Indianapolis, IN",39.709571,-86.133969,Private nonprofit,2,Main campus,Available,Great Lakes,3,City,City: Large,1,3005,"1,000 to 4,999"
151290,Indiana Institute of Technology,Fort Wayne,IN,46803-1228,"Fort Wayne, IN",41.078365,-85.116479,Private nonprofit,2,Main campus,Available,Great Lakes,3,City,City: Large,1,1441,"1,000 to 4,999"
151324,Indiana State University,Terre Haute,IN,47809,"Terre Haute, IN",39.469073,-87.407846,Public,1,Main campus,Available,Great Lakes,3,City,City: Small,3,6188,"5,000 to 9,999"
151333,Indiana University-Kokomo,Kokomo,IN,46902-9003,"Kokomo, IN",40.460062,-86.132048,Public,1,Main campus,Available,Great Lakes,3,City,City: Small,3,2352,"1,000 to 4,999"
151342,Indiana University-South Bend,South Bend,IN,46615-7111,"South Bend, IN",41.665324,-86.221991,Public,1,Main campus,Available,Great Lakes,3,City,City: Midsize,2,3933,"1,000 to 4,999"
151351,Indiana University-Bloomington,Bloomington,IN,47405-7000,"Bloomington, IN",39.16609,-86.526559,Public,1,Main campus,Available,Great Lakes,3,City,City: Small,3,37806,"20,000 or more"
151360,Indiana University-Northwest,Gary,IN,46408-1197,"Gary, IN",41.557324,-87.337249,Public,1,Main campus,Available,Great Lakes,3,Suburb,Suburb: Large,4,2661,"1,000 to 4,999"
151379,Indiana University-Southeast,New Albany,IN,47150,"New Albany, IN",38.345191,-85.819985,Public,1,Main campus,Available,Great Lakes,3,Suburb,Suburb: Large,4,3170,"1,000 to 4,999"
151388,Indiana University-East,Richmond,IN,47374-1289,"Richmond, IN",39.868707,-84.881923,Public,1,Main campus,Available,Great Lakes,3,Town,Town: Distant,8,2589,"1,000 to 4,999"
151777,Manchester University,North Manchester,IN,46962,"North Manchester, IN",41.01154,-85.762249,Private nonprofit,2,Main campus,Available,Great Lakes,3,Town,Town: Distant,8,936,"Fewer than 1,000"
151786,Marian University,Indianapolis,IN,46222-1997,"Indianapolis, IN",39.813233,-86.202643,Private nonprofit,2,Main campus,Available,Great Lakes,3,City,City: Large,1,2266,"1,000 to 4,999"
151801,Indiana Wesleyan University-Marion,Marion,IN,46953-4974,"Marion, IN",40.517937,-85.667503,Private nonprofit,2,Main campus,Available,Great Lakes,3,Town,Town: Distant,8,1974,"1,000 to 4,999"
152080,University of Notre Dame,Notre Dame,IN,46556,"Notre Dame, IN",41.703058,-86.238959,Private nonprofit,2,Main campus,Available,Great Lakes,3,Suburb,Suburb: Large,4,8818,"5,000 to 9,999"
152099,Oakland City University,Oakland City,IN,47660-1099,"Oakland City, IN",38.340891,-87.35144,Private nonprofit,2,Main campus,Available,Great Lakes,3,Rural,Rural: Distant,11,499,"Fewer than 1,000"
152318,Rose-Hulman Institute of Technology,Terre Haute,IN,47803-3920,"Terre Haute, IN",39.483602,-87.326749,Private nonprofit,2,Main campus,Available,Great Lakes,3,City,City: Small,3,2309,"1,000 to 4,999"
152336,University of Saint Francis-Fort Wayne,Fort Wayne,IN,46808-3994,"Fort Wayne, IN",41.087205,-85.177246,Private nonprofit,2,Main campus,Available,Great Lakes,3,City,City: Large,1,1567,"1,000 to 4,999"
152381,Saint Mary-of-the-Woods College,Saint Mary of the Woods,IN,47876-1099,"Saint Mary of the Woods, IN",39.508546,-87.463791,Private nonprofit,2,Main campus,Available,Great Lakes,3,Rural,Rural: Fringe,10,853,"Fewer than 1,000"
152390,Saint Mary's College,Notre Dame,IN,46556,"Notre Dame, IN",41.707274,-86.256947,Private nonprofit,2,Main campus,Available,Great Lakes,3,Suburb,Suburb: Large,4,1458,"1,000 to 4,999"
152530,Taylor University,Upland,IN,46989-1001,"Upland, IN",40.456246,-85.497034,Private nonprofit,2,Main campus,Available,Great Lakes,3,Rural,Rural: Distant,11,2025,"1,000 to 4,999"
152567,Trine University,Angola,IN,46703-1764,"Angola, IN",41.632502,-85.008009,Private nonprofit,2,Main campus,Available,Great Lakes,3,Town,Town: Distant,8,2324,"1,000 to 4,999"
152600,Valparaiso University,Valparaiso,IN,46383,"Valparaiso, IN",41.462239,-87.040172,Private nonprofit,2,Main campus,Available,Great Lakes,3,Suburb,Suburb: Small,6,2083,"1,000 to 4,999"
152673,Wabash College,Crawfordsville,IN,47933-0352,"Crawfordsville, IN",40.037588,-86.906,Private nonprofit,2,Main campus,Available,Great Lakes,3,Town,Town: Distant,8,866,"Fewer than 1,000"
152798,Allen College,Waterloo,IA,50703-1999,"Waterloo, IA",42.530084,-92.340148,Private nonprofit,2,Main campus,Unavailable,Plains,4,City,City: Small,3,261,"Fewer than 1,000"
152992,Briar Cliff University,Sioux City,IA,51104,"Sioux City, IA",42.526443,-96.428444,Private nonprofit,2,Main campus,Unavailable,Plains,4,City,City: Small,3,624,"Fewer than 1,000"
153001,Buena Vista University,Storm Lake,IA,50588,"Storm Lake, IA",42.642255,-95.208529,Private nonprofit,2,Main campus,Available,Plains,4,Town,Town: Remote,9,1366,"1,000 to 4,999"
153108,Central College,Pella,IA,50219,"Pella, IA",41.401539,-92.922199,Private nonprofit,2,Main campus,Available,Plains,4,Town,Town: Distant,8,1070,"1,000 to 4,999"
153126,Clarke University,Dubuque,IA,52001-3198,"Dubuque, IA",42.509475,-90.690487,Private nonprofit,2,Main campus,Available,Plains,4,City,City: Small,3,742,"Fewer than 1,000"
153144,Coe College,Cedar Rapids,IA,52402-5092,"Cedar Rapids, IA",41.988263,-91.658192,Private nonprofit,2,Main campus,Available,Plains,4,City,City: Midsize,2,1164,"1,000 to 4,999"
153162,Cornell College,Mount Vernon,IA,52314,"Mount Vernon, IA",41.924554,-91.423741,Private nonprofit,2,Main campus,Available,Plains,4,Town,Town: Fringe,7,1086,"1,000 to 4,999"
153241,Divine Word College,Epworth,IA,52045,"Epworth, IA",42.441721,-90.934578,Private nonprofit,2,Main campus,Unavailable,Plains,4,Rural,Rural: Distant,11,64,"Fewer than 1,000"
153250,Dordt University,Sioux Center,IA,51250-1606,"Sioux Center, IA",43.082527,-96.166562,Private nonprofit,2,Main campus,Available,Plains,4,Town,Town: Remote,9,1597,"1,000 to 4,999"
153269,Drake University,Des Moines,IA,50311-4505,"Des Moines, IA",41.60129,-93.652163,Private nonprofit,2,Main campus,Available,Plains,4,City,City: Midsize,2,2543,"1,000 to 4,999"
153278,University of Dubuque,Dubuque,IA,52001,"Dubuque, IA",42.49726,-90.693428,Private nonprofit,2,Main campus,Available,Plains,4,City,City: Small,3,1440,"1,000 to 4,999"
153320,Faith Baptist Bible College and Theological Seminary,Ankeny,IA,50023-2152,"Ankeny, IA",41.737082,-93.624422,Private nonprofit,2,Main campus,Available,Plains,4,Suburb,Suburb: Large,4,405,"Fewer than 1,000"
153366,Graceland University-Lamoni,Lamoni,IA,50140,"Lamoni, IA",40.615966,-93.924893,Private nonprofit,2,Main campus,Available,Plains,4,Rural,Rural: Remote,12,798,"Fewer than 1,000"
153375,Grand View University,Des Moines,IA,50316,"Des Moines, IA",41.620039,-93.600954,Private nonprofit,2,Main campus,Available,Plains,4,City,City: Midsize,2,1486,"1,000 to 4,999"
153384,Grinnell College,Grinnell,IA,50112-1690,"Grinnell, IA",41.747952,-92.722094,Private nonprofit,2,Main campus,Available,Plains,4,Town,Town: Remote,9,1729,"1,000 to 4,999"
153603,Iowa State University,Ames,IA,50011-2103,"Ames, IA",42.026212,-93.648504,Public,1,Main campus,Available,Plains,4,City,City: Small,3,25367,"20,000 or more"
153658,University of Iowa,Iowa City,IA,52242-1316,"Iowa City, IA",41.661935,-91.536425,Public,1,Main campus,Available,Plains,4,City,City: Small,3,22264,"20,000 or more"
153825,Loras College,Dubuque,IA,52004-0178,"Dubuque, IA",42.503908,-90.679023,Private nonprofit,2,Main campus,Available,Plains,4,City,City: Small,3,1083,"1,000 to 4,999"
153834,Luther College,Decorah,IA,52101-1045,"Decorah, IA",43.312304,-91.802809,Private nonprofit,2,Main campus,Available,Plains,4,Town,Town: Remote,9,1379,"1,000 to 4,999"
153861,Maharishi International University,Fairfield,IA,52557,"Fairfield, IA",41.017781,-91.967306,Private nonprofit,2,Main campus,Available,Plains,4,Town,Town: Remote,9,922,"Fewer than 1,000"
153977,Mercy College of Health Sciences,Des Moines,IA,50309-1239,"Des Moines, IA",41.594559,-93.626238,Private nonprofit,2,Main campus,Available,Plains,4,City,City: Midsize,2,867,"Fewer than 1,000"
154004,Morningside University,Sioux City,IA,51106-1751,"Sioux City, IA",42.473891,-96.359464,Private nonprofit,2,Main campus,Available,Plains,4,City,City: Small,3,1163,"1,000 to 4,999"
154013,Mount Mercy University,Cedar Rapids,IA,52402-4797,"Cedar Rapids, IA",42.001931,-91.650991,Private nonprofit,2,Main campus,Available,Plains,4,City,City: Midsize,2,1107,"1,000 to 4,999"
154022,The University of Arizona Global Campus,Chandler,AZ,85225,"Chandler, AZ",32.8273,-117.141961,Public,1,Main campus,Unavailable,Southwest,6,City,City: Large,1,20152,"20,000 or more"
154095,University of Northern Iowa,Cedar Falls,IA,50614-0005,"Cedar Falls, IA",42.514923,-92.459703,Public,1,Main campus,Available,Plains,4,City,City: Small,3,7529,"5,000 to 9,999"
154101,Northwestern College,Orange City,IA,51041,"Orange City, IA",42.999007,-96.058772,Private nonprofit,2,Main campus,Available,Plains,4,Town,Town: Distant,8,1175,"1,000 to 4,999"
154174,Palmer College of Chiropractic,Davenport,IA,52803-5287,"Davenport, IA",41.529021,-90.574607,Private nonprofit,2,Main campus,Unavailable,Plains,4,City,City: Midsize,2,43,"Fewer than 1,000"
154235,Saint Ambrose University,Davenport,IA,52803-2898,"Davenport, IA",41.54065,-90.579854,Private nonprofit,2,Main campus,Available,Plains,4,City,City: Midsize,2,1916,"1,000 to 4,999"
154350,Simpson College,Indianola,IA,50125,"Indianola, IA",41.365503,-93.563471,Private nonprofit,2,Main campus,Available,Plains,4,Town,Town: Fringe,7,1227,"1,000 to 4,999"
154493,Upper Iowa University,Fayette,IA,52142-1857,"Fayette, IA",42.838283,-91.799543,Private nonprofit,2,Main campus,Available,Plains,4,Rural,Rural: Remote,12,1994,"1,000 to 4,999"
154518,Waldorf University,Forest City,IA,50436-1713,"Forest City, IA",43.262923,-93.641714,Private nonprofit,2,Main campus,Available,Plains,4,Rural,Rural: Remote,12,1827,"1,000 to 4,999"
154527,Wartburg College,Waverly,IA,50677-0903,"Waverly, IA",42.7277,-92.483387,Private nonprofit,2,Main campus,Available,Plains,4,Town,Town: Distant,8,1452,"1,000 to 4,999"
154590,William Penn University,Oskaloosa,IA,52577,"Oskaloosa, IA",41.310111,-92.647095,Private nonprofit,2,Main campus,Available,Plains,4,Town,Town: Remote,9,1301,"1,000 to 4,999"
154688,Baker University,Baldwin City,KS,66006-0065,"Baldwin City, KS",38.778712,-95.187346,Private nonprofit,2,Main campus,Available,Plains,4,Rural,Rural: Distant,11,1100,"1,000 to 4,999"
154712,Benedictine College,Atchison,KS,66002-1499,"Atchison, KS",39.573079,-95.113858,Private nonprofit,2,Main campus,Available,Plains,4,Town,Town: Distant,8,2272,"1,000 to 4,999"
154721,Bethany College,Lindsborg,KS,67456-1897,"Lindsborg, KS",38.580598,-97.67367,Private nonprofit,2,Main campus,Available,Plains,4,Rural,Rural: Remote,12,569,"Fewer than 1,000"
154749,Bethel College-North Newton,North Newton,KS,67117-1716,"North Newton, KS",38.075169,-97.343256,Private nonprofit,2,Main campus,Available,Plains,4,Town,Town: Distant,8,504,"Fewer than 1,000"
154855,Central Christian College of Kansas,McPherson,KS,67460-5740,"McPherson, KS",38.357978,-97.668597,Private nonprofit,2,Main campus,Available,Plains,4,Town,Town: Remote,9,380,"Fewer than 1,000"
155025,Emporia State University,Emporia,KS,66801-5415,"Emporia, KS",38.414784,-96.179021,Public,1,Main campus,Available,Plains,4,Town,Town: Remote,9,2239,"1,000 to 4,999"
155061,Fort Hays State University,Hays,KS,67601-4099,"Hays, KS",38.872156,-99.342503,Public,1,Main campus,Available,Plains,4,Town,Town: Remote,9,9733,"5,000 to 9,999"
155070,Barclay College,Haviland,KS,67059-0288,"Haviland, KS",37.62012,-99.105351,Private nonprofit,2,Main campus,Available,Plains,4,Rural,Rural: Remote,12,168,"Fewer than 1,000"
155089,Friends University,Wichita,KS,67213,"Wichita, KS",37.678459,-97.367048,Private nonprofit,2,Main campus,Available,Plains,4,City,City: Large,1,1048,"1,000 to 4,999"
155308,Kansas Christian College,Overland Park,KS,66204-1975,"Overland Park, KS",38.994848,-94.666878,Private nonprofit,2,Main campus,Unavailable,Plains,4,City,City: Midsize,2,143,"Fewer than 1,000"
155317,University of Kansas,Lawrence,KS,66045,"Lawrence, KS",38.958549,-95.247567,Public,1,Main campus,Available,Plains,4,City,City: Small,3,21217,"20,000 or more"
155335,Newman University,Wichita,KS,67213-2097,"Wichita, KS",37.672643,-97.37768,Private nonprofit,2,Main campus,Available,Plains,4,City,City: Large,1,851,"Fewer than 1,000"
155399,Kansas State University,Manhattan,KS,66506,"Manhattan, KS",39.188648,-96.581077,Public,1,Main campus,Available,Plains,4,City,City: Small,3,15142,"10,000 to 19,999"
155414,Kansas Wesleyan University,Salina,KS,67401-6146,"Salina, KS",38.813795,-97.607973,Private nonprofit,2,Main campus,Available,Plains,4,Town,Town: Remote,9,956,"Fewer than 1,000"
155496,Manhattan Christian College,Manhattan,KS,66502-4801,"Manhattan, KS",39.184806,-96.579383,Private nonprofit,2,Main campus,Available,Plains,4,City,City: Small,3,146,"Fewer than 1,000"
155511,McPherson College,McPherson,KS,67460-1402,"McPherson, KS",38.371422,-97.642996,Private nonprofit,2,Main campus,Available,Plains,4,Town,Town: Remote,9,872,"Fewer than 1,000"
155520,MidAmerica Nazarene University,Olathe,KS,66062-1899,"Olathe, KS",38.875244,-94.781526,Private nonprofit,2,Main campus,Available,Plains,4,Suburb,Suburb: Large,4,983,"Fewer than 1,000"
155627,Ottawa University-Ottawa,Ottawa,KS,66067-3399,"Ottawa, KS",38.603173,-95.264187,Private nonprofit,2,Main campus,Available,Plains,4,Town,Town: Distant,8,870,"Fewer than 1,000"
155636,Ottawa University-Kansas City,Overland Park,KS,66211,"Overland Park, KS",38.932055,-94.635461,Private nonprofit,2,Non-main campus,Unavailable,Plains,4,City,City: Midsize,2,219,"Fewer than 1,000"
155681,Pittsburg State University,Pittsburg,KS,66762,"Pittsburg, KS",37.392071,-94.702473,Public,1,Main campus,Available,Plains,4,Town,Town: Distant,8,4210,"1,000 to 4,999"
155812,University of Saint Mary,Leavenworth,KS,66048-5082,"Leavenworth, KS",39.279396,-94.906743,Private nonprofit,2,Main campus,Available,Plains,4,Town,Town: Fringe,7,925,"Fewer than 1,000"
155900,Southwestern College,Winfield,KS,67156-2499,"Winfield, KS",37.248608,-96.975405,Private nonprofit,2,Main campus,Available,Plains,4,Town,Town: Distant,8,924,"Fewer than 1,000"
155937,Sterling College,Sterling,KS,67579,"Sterling, KS",38.219937,-98.208644,Private nonprofit,2,Main campus,Available,Plains,4,Rural,Rural: Remote,12,538,"Fewer than 1,000"
155973,Tabor College,Hillsboro,KS,67063-1799,"Hillsboro, KS",38.34858,-97.199773,Private nonprofit,2,Main campus,Available,Plains,4,Rural,Rural: Remote,12,494,"Fewer than 1,000"
156082,Washburn University,Topeka,KS,66621,"Topeka, KS",39.033778,-95.702222,Public,1,Main campus,Unavailable,Plains,4,City,City: Midsize,2,4562,"1,000 to 4,999"
156125,Wichita State University,Wichita,KS,67260-0124,"Wichita, KS",37.718882,-97.292361,Public,1,Main campus,Available,Plains,4,City,City: Large,1,10780,"10,000 to 19,999"
156189,Alice Lloyd College,Pippa Passes,KY,41844,"Pippa Passes, KY",37.335087,-82.875068,Private nonprofit,2,Main campus,Available,Southeast,5,Rural,Rural: Remote,12,558,"Fewer than 1,000"
156213,Asbury University,Wilmore,KY,40390-1198,"Wilmore, KY",37.862029,-84.662606,Private nonprofit,2,Main campus,Available,Southeast,5,Town,Town: Fringe,7,1420,"1,000 to 4,999"
156286,Bellarmine University,Louisville,KY,40205-0671,"Louisville, KY",38.219279,-85.704997,Private nonprofit,2,Main campus,Available,Southeast,5,City,City: Large,1,2161,"1,000 to 4,999"
156295,Berea College,Berea,KY,40404-2182,"Berea, KY",37.57202,-84.292893,Private nonprofit,2,Main campus,Available,Southeast,5,Town,Town: Distant,8,1513,"1,000 to 4,999"
156356,Brescia University,Owensboro,KY,42301-3023,"Owensboro, KY",37.769041,-87.111639,Private nonprofit,2,Main campus,Available,Southeast,5,City,City: Small,3,545,"Fewer than 1,000"
156365,Campbellsville University,Campbellsville,KY,42718-2799,"Campbellsville, KY",37.343342,-85.348943,Private nonprofit,2,Main campus,Available,Southeast,5,Town,Town: Distant,8,2840,"1,000 to 4,999"
156408,Centre College,Danville,KY,40422-1394,"Danville, KY",37.645709,-84.779392,Private nonprofit,2,Main campus,Available,Southeast,5,Town,Town: Distant,8,1400,"1,000 to 4,999"
156417,Clear Creek Baptist Bible College,Pineville,KY,40977-9752,"Pineville, KY",36.725236,-83.727702,Private nonprofit,2,Main campus,Unavailable,Southeast,5,Rural,Rural: Distant,11,159,"Fewer than 1,000"
156471,Galen College of Nursing-Louisville,Louisville,KY,40245,"Louisville, KY",38.281333,-85.499039,Private for-profit,3,Main campus,Unavailable,Southeast,5,City,City: Large,1,4801,"1,000 to 4,999"
156541,University of the Cumberlands,Williamsburg,KY,40769,"Williamsburg, KY",36.737048,-84.161646,Private nonprofit,2,Main campus,Available,Southeast,5,Town,Town: Remote,9,6941,"5,000 to 9,999"
156620,Eastern Kentucky University,Richmond,KY,40475-3102,"Richmond, KY",37.740845,-84.300796,Public,1,Main campus,Available,Southeast,5,Town,Town: Distant,8,12318,"10,000 to 19,999"
156745,Georgetown College,Georgetown,KY,40324-1696,"Georgetown, KY",38.207615,-84.553767,Private nonprofit,2,Main campus,Available,Southeast,5,Town,Town: Fringe,7,1097,"1,000 to 4,999"
157030,Kentucky Mountain Bible College,Jackson,KY,41339,"Jackson, KY",37.603443,-83.438765,Private nonprofit,2,Main campus,Available,Southeast,5,Rural,Rural: Remote,12,69,"Fewer than 1,000"
157058,Kentucky State University,Frankfort,KY,40601-2355,"Frankfort, KY",38.201427,-84.855402,Public,1,Main campus,Available,Southeast,5,Town,Town: Distant,8,1309,"1,000 to 4,999"
157076,Kentucky Wesleyan College,Owensboro,KY,42301,"Owensboro, KY",37.744489,-87.119658,Private nonprofit,2,Main campus,Available,Southeast,5,City,City: Small,3,842,"Fewer than 1,000"
157085,University of Kentucky,Lexington,KY,40506-0032,"Lexington, KY",38.038911,-84.504747,Public,1,Main campus,Available,Southeast,5,City,City: Large,1,24763,"20,000 or more"
157100,Kentucky Christian University,Grayson,KY,41143-1199,"Grayson, KY",38.338805,-82.945561,Private nonprofit,2,Main campus,Available,Southeast,5,Town,Town: Distant,8,429,"Fewer than 1,000"
157216,Lindsey Wilson University,Columbia,KY,42728-1223,"Columbia, KY",37.101502,-85.299997,Private nonprofit,2,Main campus,Unavailable,Southeast,5,Town,Town: Remote,9,1585,"1,000 to 4,999"
157289,University of Louisville,Louisville,KY,40292-0001,"Louisville, KY",38.216862,-85.760412,Public,1,Main campus,Available,Southeast,5,City,City: Large,1,14727,"10,000 to 19,999"
157377,Midway University,Midway,KY,40347-1120,"Midway, KY",38.146126,-84.678142,Private nonprofit,2,Main campus,Available,Southeast,5,Rural,Rural: Distant,11,1262,"1,000 to 4,999"
157386,Morehead State University,Morehead,KY,40351,"Morehead, KY",38.186768,-83.434021,Public,1,Main campus,Available,Southeast,5,Town,Town: Remote,9,4578,"1,000 to 4,999"
157401,Murray State University,Murray,KY,42071-3318,"Murray, KY",36.612419,-88.323629,Public,1,Main campus,Available,Southeast,5,Town,Town: Distant,8,6688,"5,000 to 9,999"
157447,Northern Kentucky University,Highland Heights,KY,41099,"Highland Heights, KY",39.029714,-84.463483,Public,1,Main campus,Available,Southeast,5,Suburb,Suburb: Large,4,8246,"5,000 to 9,999"
157535,University of Pikeville,Pikeville,KY,41501,"Pikeville, KY",37.479232,-82.521063,Private nonprofit,2,Main campus,Unavailable,Southeast,5,Town,Town: Remote,9,1135,"1,000 to 4,999"
157748,The Southern Baptist Theological Seminary,Louisville,KY,40280-0001,"Louisville, KY",38.248216,-85.687649,Private nonprofit,2,Main campus,Available,Southeast,5,City,City: Large,1,848,"Fewer than 1,000"
157757,Spalding University,Louisville,KY,40203-2188,"Louisville, KY",38.242407,-85.757725,Private nonprofit,2,Main campus,Available,Southeast,5,City,City: Large,1,583,"Fewer than 1,000"
157809,Thomas More University,Crestview Hills,KY,41017-3495,"Crestview Hills, KY",39.022963,-84.568923,Private nonprofit,2,Main campus,Available,Southeast,5,Suburb,Suburb: Large,4,1293,"1,000 to 4,999"
157818,Transylvania University,Lexington,KY,40508-1797,"Lexington, KY",38.052983,-84.493202,Private nonprofit,2,Main campus,Available,Southeast,5,City,City: Large,1,1005,"1,000 to 4,999"
157863,Union Commonwealth University,Barbourville,KY,40906-1499,"Barbourville, KY",36.870875,-83.888477,Private nonprofit,2,Main campus,Available,Southeast,5,Town,Town: Remote,9,746,"Fewer than 1,000"
157951,Western Kentucky University,Bowling Green,KY,42101-1000,"Bowling Green, KY",36.985035,-86.456828,Public,1,Main campus,Available,Southeast,5,City,City: Small,3,12155,"10,000 to 19,999"
158477,Centenary College of Louisiana,Shreveport,LA,71104,"Shreveport, LA",32.483335,-93.730834,Private nonprofit,2,Main campus,Available,Southeast,5,City,City: Midsize,2,685,"Fewer than 1,000"
158802,Dillard University,New Orleans,LA,70122,"New Orleans, LA",29.996587,-90.06464,Private nonprofit,2,Main campus,Available,Southeast,5,City,City: Large,1,1063,"1,000 to 4,999"
159009,Grambling State University,Grambling,LA,71245,"Grambling, LA",32.523797,-92.713245,Public,1,Main campus,Available,Southeast,5,Town,Town: Distant,8,4164,"1,000 to 4,999"
159373,Louisiana State University Health Sciences Center-New Orleans,New Orleans,LA,70112-2223,"New Orleans, LA",29.957272,-90.083145,Public,1,Main campus,Unavailable,Southeast,5,City,City: Large,1,862,"Fewer than 1,000"
159382,Louisiana State University at Alexandria,Alexandria,LA,71302-9121,"Alexandria, LA",31.178616,-92.414409,Public,1,Main campus,Available,Southeast,5,Rural,Rural: Fringe,10,5632,"5,000 to 9,999"
159391,Louisiana State University and Agricultural & Mechanical College,Baton Rouge,LA,70803-2750,"Baton Rouge, LA",30.414986,-91.178921,Public,1,Main campus,Available,Southeast,5,City,City: Midsize,2,30594,"20,000 or more"
159416,Louisiana State University-Shreveport,Shreveport,LA,71115-2399,"Shreveport, LA",32.428465,-93.70561,Public,1,Main campus,Available,Southeast,5,City,City: Midsize,2,2153,"1,000 to 4,999"
159568,Louisiana Christian University,Pineville,LA,71359,"Pineville, LA",31.324528,-92.425973,Private nonprofit,2,Main campus,Available,Southeast,5,Suburb,Suburb: Small,6,672,"Fewer than 1,000"
159647,Louisiana Tech University,Ruston,LA,71272,"Ruston, LA",32.528297,-92.649963,Public,1,Main campus,Available,Southeast,5,Town,Town: Distant,8,8312,"5,000 to 9,999"
159656,Loyola University New Orleans,New Orleans,LA,70118-6143,"New Orleans, LA",29.936141,-90.120417,Private nonprofit,2,Main campus,Available,Southeast,5,City,City: Large,1,2812,"1,000 to 4,999"
159717,McNeese State University,Lake Charles,LA,70605,"Lake Charles, LA",30.178187,-93.217222,Public,1,Main campus,Available,Southeast,5,City,City: Small,3,5005,"5,000 to 9,999"
159939,University of New Orleans,New Orleans,LA,70148,"New Orleans, LA",30.027704,-90.067142,Public,1,Main campus,Available,Southeast,5,City,City: Large,1,4638,"1,000 to 4,999"
159948,New Orleans Baptist Theological Seminary,New Orleans,LA,70126,"New Orleans, LA",30.004336,-90.043439,Private nonprofit,2,Main campus,Unavailable,Southeast,5,City,City: Large,1,865,"Fewer than 1,000"
159966,Nicholls State University,Thibodaux,LA,70310,"Thibodaux, LA",29.794486,-90.801571,Public,1,Main campus,Available,Southeast,5,City,City: Small,3,4737,"1,000 to 4,999"
159993,University of Louisiana at Monroe,Monroe,LA,71209-0000,"Monroe, LA",32.527748,-92.07374,Public,1,Main campus,Available,Southeast,5,City,City: Small,3,5022,"5,000 to 9,999"
160038,Northwestern State University of Louisiana,Natchitoches,LA,71497-0002,"Natchitoches, LA",31.750666,-93.097797,Public,1,Main campus,Available,Southeast,5,Town,Town: Remote,9,5519,"5,000 to 9,999"
160065,University of Holy Cross,New Orleans,LA,70131-7399,"New Orleans, LA",29.912003,-89.99445,Private nonprofit,2,Main campus,Available,Southeast,5,City,City: Large,1,471,"Fewer than 1,000"
160074,Franciscan Missionaries of Our Lady University,Baton Rouge,LA,70808,"Baton Rouge, LA",30.401379,-91.110587,Private nonprofit,2,Main campus,Available,Southeast,5,City,City: Midsize,2,821,"Fewer than 1,000"
160409,Saint Joseph Seminary College,St. Benedict,LA,70457,"St. Benedict, LA",30.526778,-90.113621,Private nonprofit,2,Main campus,Unavailable,Southeast,5,Rural,Rural: Fringe,10,93,"Fewer than 1,000"
160612,Southeastern Louisiana University,Hammond,LA,70402,"Hammond, LA",30.514652,-90.468676,Public,1,Main campus,Available,Southeast,5,City,City: Small,3,9514,"5,000 to 9,999"
160621,Southern University and A & M College,Baton Rouge,LA,70813,"Baton Rouge, LA",30.524558,-91.190105,Public,1,Main campus,Available,Southeast,5,City,City: Midsize,2,5519,"5,000 to 9,999"
160630,Southern University at New Orleans,New Orleans,LA,70126,"New Orleans, LA",30.026162,-90.044912,Public,1,Main campus,Available,Southeast,5,City,City: Large,1,1055,"1,000 to 4,999"
160658,University of Louisiana at Lafayette,Lafayette,LA,70503,"Lafayette, LA",30.212191,-92.020165,Public,1,Main campus,Available,Southeast,5,City,City: Midsize,2,12428,"10,000 to 19,999"
160755,Tulane University of Louisiana,New Orleans,LA,70118-5698,"New Orleans, LA",29.940069,-90.122144,Private nonprofit,2,Main campus,Available,Southeast,5,City,City: Large,1,7767,"5,000 to 9,999"
160904,Xavier University of Louisiana,New Orleans,LA,70125-1098,"New Orleans, LA",29.964162,-90.107307,Private nonprofit,2,Main campus,Available,Southeast,5,City,City: Large,1,2628,"1,000 to 4,999"
160959,College of the Atlantic,Bar Harbor,ME,4609,"Bar Harbor, ME",44.395258,-68.221517,Private nonprofit,2,Main campus,Available,New England,1,Rural,Rural: Remote,12,353,"Fewer than 1,000"
160977,Bates College,Lewiston,ME,4240,"Lewiston, ME",44.105299,-70.203333,Private nonprofit,2,Main campus,Available,New England,1,City,City: Small,3,1760,"1,000 to 4,999"
161004,Bowdoin College,Brunswick,ME,4011,"Brunswick, ME",43.907134,-69.963942,Private nonprofit,2,Main campus,Available,New England,1,Town,Town: Fringe,7,1873,"1,000 to 4,999"
161086,Colby College,Waterville,ME,04901-8840,"Waterville, ME",44.564211,-69.66337,Private nonprofit,2,Main campus,Available,New England,1,Town,Town: Remote,9,2407,"1,000 to 4,999"
161217,University of Maine at Augusta,Augusta,ME,04330-9410,"Augusta, ME",44.337746,-69.796396,Public,1,Main campus,Unavailable,New England,1,Town,Town: Distant,8,2659,"1,000 to 4,999"
161226,University of Maine at Farmington,Farmington,ME,04938-9978,"Farmington, ME",44.666911,-70.147121,Public,1,Main campus,Available,New England,1,Rural,Rural: Remote,12,1140,"1,000 to 4,999"
161235,University of Maine at Fort Kent,Fort Kent,ME,04743-1292,"Fort Kent, ME",47.250389,-68.589319,Public,1,Main campus,Available,New England,1,Rural,Rural: Remote,12,599,"Fewer than 1,000"
161253,University of Maine,Orono,ME,4469,"Orono, ME",44.899257,-68.669332,Public,1,Main campus,Available,New England,1,Suburb,Suburb: Small,6,8496,"5,000 to 9,999"
161299,Maine Maritime Academy,Castine,ME,04420-0001,"Castine, ME",44.389654,-68.804347,Public,1,Main campus,Available,New England,1,Rural,Rural: Distant,11,942,"Fewer than 1,000"
161341,University of Maine at Presque Isle,Presque Isle,ME,04769-2888,"Presque Isle, ME",46.672285,-68.016343,Public,1,Main campus,Available,New England,1,Rural,Rural: Fringe,10,1913,"1,000 to 4,999"
161457,University of New England,Biddeford,ME,04005-9599,"Biddeford, ME",43.458591,-70.38535,Private nonprofit,2,Main campus,Available,New England,1,Suburb,Suburb: Midsize,5,2135,"1,000 to 4,999"
161509,Maine College of Art & Design,Portland,ME,04101-3494,"Portland, ME",43.655743,-70.261015,Private nonprofit,2,Main campus,Available,New England,1,City,City: Small,3,415,"Fewer than 1,000"
161518,Saint Joseph's College of Maine,Standish,ME,04084-5263,"Standish, ME",43.826314,-70.483373,Private nonprofit,2,Main campus,Available,New England,1,Rural,Rural: Fringe,10,964,"Fewer than 1,000"
161554,University of Southern Maine,Portland,ME,4103,"Portland, ME",43.662863,-70.274247,Public,1,Main campus,Available,New England,1,City,City: Small,3,4222,"1,000 to 4,999"
161563,Thomas College,Waterville,ME,04901-5097,"Waterville, ME",44.524909,-69.664734,Private nonprofit,2,Main campus,Available,New England,1,Town,Town: Remote,9,647,"Fewer than 1,000"
161572,Unity Environmental University,New Gloucester,ME,4260,"New Gloucester, ME",43.905745,-70.257277,Private nonprofit,2,Main campus,Unavailable,New England,1,Rural,Rural: Distant,11,6483,"5,000 to 9,999"
161873,University of Baltimore,Baltimore,MD,21201-5720,"Baltimore, MD",39.305834,-76.616591,Public,1,Main campus,Available,Mid East,2,City,City: Large,1,1133,"1,000 to 4,999"
162007,Bowie State University,Bowie,MD,20715-9465,"Bowie, MD",39.018185,-76.759721,Public,1,Main campus,Available,Mid East,2,Suburb,Suburb: Large,4,5043,"5,000 to 9,999"
162061,Capitol Technology University,Laurel,MD,20708,"Laurel, MD",39.046673,-76.850231,Private nonprofit,2,Main campus,Available,Mid East,2,Suburb,Suburb: Large,4,315,"Fewer than 1,000"
162210,Washington Adventist University,Takoma Park,MD,20912,"Takoma Park, MD",38.986349,-77.000608,Private nonprofit,2,Main campus,Available,Mid East,2,Suburb,Suburb: Large,4,452,"Fewer than 1,000"
162283,Coppin State University,Baltimore,MD,21216-3698,"Baltimore, MD",39.311258,-76.658687,Public,1,Main campus,Available,Mid East,2,City,City: Large,1,1844,"1,000 to 4,999"
162584,Frostburg State University,Frostburg,MD,21532-1099,"Frostburg, MD",39.650918,-78.934293,Public,1,Main campus,Available,Mid East,2,Town,Town: Remote,9,2909,"1,000 to 4,999"
162654,Goucher College,Baltimore,MD,21204-2794,"Baltimore, MD",39.410175,-76.594843,Private nonprofit,2,Main campus,Available,Mid East,2,City,City: Small,3,964,"Fewer than 1,000"
162760,Hood College,Frederick,MD,21701,"Frederick, MD",39.420631,-77.419049,Private nonprofit,2,Main campus,Available,Mid East,2,City,City: Small,3,1194,"1,000 to 4,999"
162928,Johns Hopkins University,Baltimore,MD,21218-2688,"Baltimore, MD",39.328977,-76.621595,Private nonprofit,2,Main campus,Available,Mid East,2,City,City: Large,1,5693,"5,000 to 9,999"
163046,Loyola University Maryland,Baltimore,MD,21210-2699,"Baltimore, MD",39.346358,-76.621872,Private nonprofit,2,Main campus,Available,Mid East,2,City,City: Large,1,3869,"1,000 to 4,999"
163204,University of Maryland Global Campus,Adelphi,MD,20783-8010,"Adelphi, MD",38.912706,-76.847584,Public,1,Main campus,Unavailable,Mid East,2,Suburb,Suburb: Large,4,49664,"20,000 or more"
163259,University of Maryland Baltimore,Baltimore,MD,21201-1627,"Baltimore, MD",39.286864,-76.623983,Public,1,Main campus,Unavailable,Mid East,2,City,City: Large,1,958,"Fewer than 1,000"
163268,University of Maryland-Baltimore County,Baltimore,MD,21250,"Baltimore, MD",39.256686,-76.711607,Public,1,Main campus,Available,Mid East,2,Suburb,Suburb: Large,4,10701,"10,000 to 19,999"
163286,University of Maryland-College Park,College Park,MD,20742,"College Park, MD",38.988178,-76.944721,Public,1,Main campus,Available,Mid East,2,Suburb,Suburb: Large,4,30760,"20,000 or more"
163295,Maryland Institute College of Art,Baltimore,MD,21217-4134,"Baltimore, MD",39.308792,-76.621033,Private nonprofit,2,Main campus,Available,Mid East,2,City,City: Large,1,1189,"1,000 to 4,999"
163338,University of Maryland Eastern Shore,Princess Anne,MD,21853-1299,"Princess Anne, MD",38.207386,-75.686852,Public,1,Main campus,Available,Mid East,2,Town,Town: Fringe,7,2391,"1,000 to 4,999"
163453,Morgan State University,Baltimore,MD,21251-0001,"Baltimore, MD",39.344161,-76.585565,Public,1,Main campus,Available,Mid East,2,City,City: Large,1,9019,"5,000 to 9,999"
163462,Mount St. Mary's University,Emmitsburg,MD,21727-7799,"Emmitsburg, MD",39.681705,-77.351887,Private nonprofit,2,Main campus,Available,Mid East,2,Rural,Rural: Distant,11,1768,"1,000 to 4,999"
163532,Ner Israel Rabbinical College,Pikesville,MD,21208,"Pikesville, MD",39.388021,-76.753526,Private nonprofit,2,Main campus,Available,Mid East,2,Suburb,Suburb: Large,4,280,"Fewer than 1,000"
163578,Notre Dame of Maryland University,Baltimore,MD,21210-2476,"Baltimore, MD",39.350612,-76.619739,Private nonprofit,2,Main campus,Available,Mid East,2,City,City: Large,1,709,"Fewer than 1,000"
163851,Salisbury University,Salisbury,MD,21801-6862,"Salisbury, MD",38.34648,-75.604815,Public,1,Main campus,Available,Mid East,2,Suburb,Suburb: Small,6,6057,"5,000 to 9,999"
163912,St. Mary's College of Maryland,St. Mary's City,MD,20686,"St. Mary's City, MD",38.188047,-76.430994,Public,1,Main campus,Available,Mid East,2,Rural,Rural: Fringe,10,1603,"1,000 to 4,999"
163976,St. John's College,Annapolis,MD,21401,"Annapolis, MD",38.981598,-76.491359,Private nonprofit,2,Main campus,Available,Mid East,2,Suburb,Suburb: Large,4,471,"Fewer than 1,000"
164076,Towson University,Towson,MD,21252-0001,"Towson, MD",39.393622,-76.611164,Public,1,Main campus,Available,Mid East,2,City,City: Small,3,16136,"10,000 to 19,999"
164155,United States Naval Academy,Annapolis,MD,21402-1300,"Annapolis, MD",38.980507,-76.481692,Public,1,Main campus,Available,U.S. Service Schools,10,Suburb,Suburb: Large,4,4474,"1,000 to 4,999"
164173,Stevenson University,Owings Mills,MD,21117,"Owings Mills, MD",39.426413,-76.775809,Private nonprofit,2,Main campus,Available,Mid East,2,Suburb,Suburb: Large,4,3102,"1,000 to 4,999"
164216,Washington College,Chestertown,MD,21620-1438,"Chestertown, MD",39.217329,-76.06878,Private nonprofit,2,Main campus,Available,Mid East,2,Town,Town: Distant,8,891,"Fewer than 1,000"
164270,McDaniel College,Westminster,MD,21157,"Westminster, MD",39.584231,-77.001992,Private nonprofit,2,Main campus,Available,Mid East,2,Town,Town: Fringe,7,1617,"1,000 to 4,999"
164368,Hult International Business School,Cambridge,MA,2141,"Cambridge, MA",42.369968,-71.070645,Private nonprofit,2,Main campus,Available,New England,1,City,City: Midsize,2,618,"Fewer than 1,000"
164447,American International College,Springfield,MA,1109,"Springfield, MA",42.112346,-72.558338,Private nonprofit,2,Main campus,Available,New England,1,City,City: Midsize,2,1017,"1,000 to 4,999"
164465,Amherst College,Amherst,MA,01002-5000,"Amherst, MA",42.372459,-72.518493,Private nonprofit,2,Main campus,Available,New England,1,City,City: Small,3,1911,"1,000 to 4,999"
164492,Anna Maria College,Paxton,MA,01612-1198,"Paxton, MA",42.330542,-71.91896,Private nonprofit,2,Main campus,Available,New England,1,Rural,Rural: Fringe,10,906,"Fewer than 1,000"
164562,Assumption University,Worcester,MA,01609-1296,"Worcester, MA",42.294226,-71.828991,Private nonprofit,2,Main campus,Available,New England,1,City,City: Midsize,2,1669,"1,000 to 4,999"
164580,Babson College,Wellesley,MA,02457-0310,"Wellesley, MA",42.297017,-71.264057,Private nonprofit,2,Main campus,Available,New England,1,Suburb,Suburb: Large,4,2728,"1,000 to 4,999"
164614,Boston Baptist College,Boston,MA,02136-4030,"Boston, MA",42.254037,-71.1103,Private nonprofit,2,Main campus,Available,New England,1,City,City: Large,1,19,"Fewer than 1,000"
164632,Bay Path University,Longmeadow,MA,1106,"Longmeadow, MA",42.055088,-72.583382,Private nonprofit,2,Main campus,Available,New England,1,Suburb,Suburb: Large,4,1108,"1,000 to 4,999"
164739,Bentley University,Waltham,MA,02452-4705,"Waltham, MA",42.385995,-71.222839,Private nonprofit,2,Main campus,Available,New England,1,City,City: Small,3,4474,"1,000 to 4,999"
164748,Berklee College of Music,Boston,MA,2215,"Boston, MA",42.346646,-71.089405,Private nonprofit,2,Main campus,Available,New England,1,City,City: Large,1,7468,"5,000 to 9,999"
164924,Boston College,Chestnut Hill,MA,2467,"Chestnut Hill, MA",42.336213,-71.169242,Private nonprofit,2,Main campus,Available,New England,1,City,City: Small,3,10085,"10,000 to 19,999"
164988,Boston University,Boston,MA,2215,"Boston, MA",42.351118,-71.107942,Private nonprofit,2,Main campus,Available,New England,1,City,City: Large,1,18248,"10,000 to 19,999"
165015,Brandeis University,Waltham,MA,02454-9110,"Waltham, MA",42.365727,-71.260155,Private nonprofit,2,Main campus,Available,New England,1,City,City: Small,3,3618,"1,000 to 4,999"
165024,Bridgewater State University,Bridgewater,MA,2325,"Bridgewater, MA",41.98749,-70.974553,Public,1,Main campus,Available,New England,1,Suburb,Suburb: Large,4,7829,"5,000 to 9,999"
165167,Cambridge College,Boston,MA,2129,"Boston, MA",42.381091,-71.072646,Private nonprofit,2,Main campus,Unavailable,New England,1,City,City: Large,1,532,"Fewer than 1,000"
165334,Clark University,Worcester,MA,01610-1477,"Worcester, MA",42.249987,-71.823356,Private nonprofit,2,Main campus,Available,New England,1,City,City: Midsize,2,2214,"1,000 to 4,999"
165529,Curry College,Milton,MA,02186-2395,"Milton, MA",42.238061,-71.116539,Private nonprofit,2,Main campus,Available,New England,1,Suburb,Suburb: Large,4,1780,"1,000 to 4,999"
165574,Dean College,Franklin,MA,02038-1941,"Franklin, MA",42.085634,-71.397813,Private nonprofit,2,Main campus,Available,New England,1,Suburb,Suburb: Large,4,1089,"1,000 to 4,999"
165662,Emerson College,Boston,MA,02116-4624,"Boston, MA",42.352202,-71.065384,Private nonprofit,2,Main campus,Available,New England,1,City,City: Large,1,3870,"1,000 to 4,999"
165671,Emmanuel College,Boston,MA,2115,"Boston, MA",42.340602,-71.103634,Private nonprofit,2,Main campus,Available,New England,1,City,City: Large,1,1854,"1,000 to 4,999"
165699,Endicott College,Beverly,MA,1915,"Beverly, MA",42.553296,-70.840847,Private nonprofit,2,Main campus,Available,New England,1,Suburb,Suburb: Large,4,3125,"1,000 to 4,999"
165802,Fisher College,Boston,MA,2116,"Boston, MA",42.355253,-71.074125,Private nonprofit,2,Main campus,Available,New England,1,City,City: Large,1,1167,"1,000 to 4,999"
165820,Fitchburg State University,Fitchburg,MA,01420-2697,"Fitchburg, MA",42.588298,-71.789666,Public,1,Main campus,Available,New England,1,Suburb,Suburb: Midsize,5,2752,"1,000 to 4,999"
165866,Framingham State University,Framingham,MA,01701-9101,"Framingham, MA",42.297116,-71.437565,Public,1,Main campus,Available,New England,1,City,City: Small,3,2566,"1,000 to 4,999"
165936,Gordon College,Wenham,MA,1984,"Wenham, MA",42.590567,-70.82151,Private nonprofit,2,Main campus,Available,New England,1,Rural,Rural: Fringe,10,1278,"1,000 to 4,999"
166018,Hampshire College,Amherst,MA,01002-5001,"Amherst, MA",42.325852,-72.531469,Private nonprofit,2,Main campus,Available,New England,1,Rural,Rural: Fringe,10,839,"Fewer than 1,000"
166027,Harvard University,Cambridge,MA,2138,"Cambridge, MA",42.374471,-71.118313,Private nonprofit,2,Main campus,Available,New England,1,City,City: Midsize,2,7601,"5,000 to 9,999"
166054,Hellenic College-Holy Cross Greek Orthodox School of Theology,Brookline,MA,02445-7415,"Brookline, MA",42.317018,-71.129418,Private nonprofit,2,Main campus,Available,New England,1,Suburb,Suburb: Large,4,64,"Fewer than 1,000"
166124,College of the Holy Cross,Worcester,MA,01610-2395,"Worcester, MA",42.23752,-71.808214,Private nonprofit,2,Main campus,Available,New England,1,City,City: Midsize,2,3106,"1,000 to 4,999"
166391,Lasell University,Newton,MA,2466,"Newton, MA",42.342148,-71.24347,Private nonprofit,2,Main campus,Available,New England,1,City,City: Small,3,1226,"1,000 to 4,999"
166452,Lesley University,Cambridge,MA,02138-2790,"Cambridge, MA",42.38012,-71.117303,Private nonprofit,2,Main campus,Available,New England,1,City,City: Midsize,2,1122,"1,000 to 4,999"
166513,University of Massachusetts-Lowell,Lowell,MA,1854,"Lowell, MA",42.652864,-71.326809,Public,1,Main campus,Available,New England,1,Suburb,Suburb: Large,4,11434,"10,000 to 19,999"
166629,University of Massachusetts-Amherst,Amherst,MA,1003,"Amherst, MA",42.385999,-72.526728,Public,1,Main campus,Available,New England,1,City,City: Small,3,23671,"20,000 or more"
166638,University of Massachusetts-Boston,Boston,MA,02125-3393,"Boston, MA",42.312881,-71.036865,Public,1,Main campus,Available,New England,1,City,City: Large,1,11512,"10,000 to 19,999"
166656,Massachusetts College of Pharmacy and Health Sciences,Boston,MA,02115-5896,"Boston, MA",42.336825,-71.101244,Private nonprofit,2,Main campus,Available,New England,1,City,City: Large,1,3451,"1,000 to 4,999"
166674,Massachusetts College of Art and Design,Boston,MA,02115-5882,"Boston, MA",42.336862,-71.099275,Public,1,Main campus,Available,New England,1,City,City: Large,1,1831,"1,000 to 4,999"
166683,Massachusetts Institute of Technology,Cambridge,MA,02139-4301,"Cambridge, MA",42.359243,-71.093226,Private nonprofit,2,Main campus,Available,New England,1,City,City: Midsize,2,4535,"1,000 to 4,999"
166692,Massachusetts Maritime Academy,Buzzards Bay,MA,02532-1803,"Buzzards Bay, MA",41.739072,-70.624084,Public,1,Main campus,Available,New England,1,Suburb,Suburb: Large,4,1395,"1,000 to 4,999"
166717,William James College,Newton,MA,2459,"Newton, MA",42.294995,-71.203256,Private nonprofit,2,Main campus,Unavailable,New England,1,City,City: Small,3,39,"Fewer than 1,000"
166850,Merrimack College,North Andover,MA,1845,"North Andover, MA",42.668344,-71.124216,Private nonprofit,2,Main campus,Available,New England,1,Suburb,Suburb: Large,4,3916,"1,000 to 4,999"
166869,MGH Institute of Health Professions,Boston,MA,02129-4557,"Boston, MA",42.375018,-71.054002,Private nonprofit,2,Main campus,Unavailable,New England,1,City,City: Large,1,164,"Fewer than 1,000"
166911,Montserrat College of Art,Beverly,MA,01915-4508,"Beverly, MA",42.550212,-70.876131,Private nonprofit,2,Main campus,Unavailable,New England,1,Suburb,Suburb: Large,4,226,"Fewer than 1,000"
166939,Mount Holyoke College,South Hadley,MA,01075-1489,"South Hadley, MA",42.25489,-72.573916,Private nonprofit,2,Main campus,Available,New England,1,Suburb,Suburb: Large,4,2169,"1,000 to 4,999"
167057,The New England Conservatory of Music,Boston,MA,02115-5018,"Boston, MA",42.340946,-71.08629,Private nonprofit,2,Main campus,Available,New England,1,City,City: Large,1,393,"Fewer than 1,000"
167260,Nichols College,Dudley,MA,01571-5000,"Dudley, MA",42.044033,-71.930283,Private nonprofit,2,Main campus,Available,New England,1,Suburb,Suburb: Large,4,1163,"1,000 to 4,999"
167288,Massachusetts College of Liberal Arts,North Adams,MA,01247-4100,"North Adams, MA",42.691361,-73.102817,Public,1,Main campus,Available,New England,1,Town,Town: Fringe,7,713,"Fewer than 1,000"
167358,Northeastern University,Boston,MA,02115-5005,"Boston, MA",42.339992,-71.088782,Private nonprofit,2,Main campus,Available,New England,1,City,City: Large,1,17326,"10,000 to 19,999"
167394,College of Our Lady of the Elms,Chicopee,MA,1013,"Chicopee, MA",42.141781,-72.60154,Private nonprofit,2,Main campus,Available,New England,1,Suburb,Suburb: Large,4,949,"Fewer than 1,000"
167598,Regis College,Weston,MA,02493-1571,"Weston, MA",42.351291,-71.310561,Private nonprofit,2,Main campus,Available,New England,1,Suburb,Suburb: Large,4,956,"Fewer than 1,000"
167677,Saint John's Seminary,Brighton,MA,02135-3846,"Brighton, MA",42.344146,-71.161998,Private nonprofit,2,Main campus,Unavailable,New England,1,City,City: Large,1,7,"Fewer than 1,000"
167729,Salem State University,Salem,MA,1970,"Salem, MA",42.503575,-70.890234,Public,1,Main campus,Available,New England,1,Suburb,Suburb: Large,4,4291,"1,000 to 4,999"
167783,Simmons University,Boston,MA,02115-5898,"Boston, MA",42.3393,-71.099967,Private nonprofit,2,Main campus,Available,New England,1,City,City: Large,1,1670,"1,000 to 4,999"
167835,Smith College,Northampton,MA,1063,"Northampton, MA",42.318111,-72.638097,Private nonprofit,2,Main campus,Available,New England,1,City,City: Small,3,2544,"1,000 to 4,999"
167899,Springfield College,Springfield,MA,01109-3739,"Springfield, MA",42.1022,-72.556647,Private nonprofit,2,Main campus,Available,New England,1,City,City: Midsize,2,1751,"1,000 to 4,999"
167987,University of Massachusetts-Dartmouth,North Dartmouth,MA,02747-2300,"North Dartmouth, MA",41.62869,-71.004552,Public,1,Main campus,Available,New England,1,Suburb,Suburb: Midsize,5,5221,"5,000 to 9,999"
167996,Stonehill College,Easton,MA,02357-6110,"Easton, MA",42.05905,-71.080632,Private nonprofit,2,Main campus,Available,New England,1,Suburb,Suburb: Large,4,2528,"1,000 to 4,999"
168005,Suffolk University,Boston,MA,02108-3901,"Boston, MA",42.357945,-71.060917,Private nonprofit,2,Main campus,Available,New England,1,City,City: Large,1,4268,"1,000 to 4,999"
168148,Tufts University,Medford,MA,02155-5555,"Medford, MA",42.40855,-71.118293,Private nonprofit,2,Main campus,Available,New England,1,Suburb,Suburb: Large,4,7061,"5,000 to 9,999"
168218,Wellesley College,Wellesley,MA,02481-8203,"Wellesley, MA",42.291554,-71.306605,Private nonprofit,2,Main campus,Available,New England,1,Suburb,Suburb: Large,4,2300,"1,000 to 4,999"
168227,Wentworth Institute of Technology,Boston,MA,2115,"Boston, MA",42.336632,-71.094983,Private nonprofit,2,Main campus,Available,New England,1,City,City: Large,1,3747,"1,000 to 4,999"
168254,Western New England University,Springfield,MA,01119-2684,"Springfield, MA",42.115017,-72.520466,Private nonprofit,2,Main campus,Available,New England,1,City,City: Midsize,2,2603,"1,000 to 4,999"
168263,Westfield State University,Westfield,MA,01086-1630,"Westfield, MA",42.132698,-72.796503,Public,1,Main campus,Available,New England,1,Suburb,Suburb: Large,4,3615,"1,000 to 4,999"
168281,Wheaton College (Massachusetts),Norton,MA,02766-2322,"Norton, MA",41.966637,-71.183979,Private nonprofit,2,Main campus,Available,New England,1,Suburb,Suburb: Large,4,1773,"1,000 to 4,999"
168342,Williams College,Williamstown,MA,1267,"Williamstown, MA",42.712725,-73.203132,Private nonprofit,2,Main campus,Available,New England,1,Town,Town: Fringe,7,2076,"1,000 to 4,999"
168421,Worcester Polytechnic Institute,Worcester,MA,01609-2280,"Worcester, MA",42.274853,-71.808339,Private nonprofit,2,Main campus,Available,New England,1,City,City: Midsize,2,5447,"5,000 to 9,999"
168430,Worcester State University,Worcester,MA,01602-2597,"Worcester, MA",42.267526,-71.844018,Public,1,Main campus,Available,New England,1,City,City: Midsize,2,3930,"1,000 to 4,999"
168528,Adrian College,Adrian,MI,49221-2575,"Adrian, MI",41.898591,-84.061481,Private nonprofit,2,Main campus,Available,Great Lakes,3,Town,Town: Distant,8,1604,"1,000 to 4,999"
168546,Albion College,Albion,MI,49224,"Albion, MI",42.245049,-84.745639,Private nonprofit,2,Main campus,Available,Great Lakes,3,Town,Town: Distant,8,1300,"1,000 to 4,999"
168591,Alma College,Alma,MI,48801-1599,"Alma, MI",43.38004,-84.672053,Private nonprofit,2,Main campus,Available,Great Lakes,3,Town,Town: Distant,8,1148,"1,000 to 4,999"
168740,Andrews University,Berrien Springs,MI,49104,"Berrien Springs, MI",41.963859,-86.355815,Private nonprofit,2,Main campus,Available,Great Lakes,3,Town,Town: Fringe,7,1224,"1,000 to 4,999"
168786,Aquinas College,Grand Rapids,MI,49506-1801,"Grand Rapids, MI",42.96019,-85.628785,Private nonprofit,2,Main campus,Available,Great Lakes,3,City,City: Midsize,2,1083,"1,000 to 4,999"
168847,Baker College,Owosso,MI,48867-8956,"Owosso, MI",42.984804,-84.172404,Private nonprofit,2,Main campus,Available,Great Lakes,3,Town,Town: Distant,8,3026,"1,000 to 4,999"
169080,Calvin University,Grand Rapids,MI,49546,"Grand Rapids, MI",42.929916,-85.587548,Private nonprofit,2,Main campus,Available,Great Lakes,3,City,City: Midsize,2,3193,"1,000 to 4,999"
169248,Central Michigan University,Mount Pleasant,MI,48859,"Mount Pleasant, MI",43.591203,-84.77525,Public,1,Main campus,Available,Great Lakes,3,Town,Town: Distant,8,10035,"10,000 to 19,999"
169327,Cleary University,Howell,MI,48843,"Howell, MI",42.586638,-83.879987,Private nonprofit,2,Main campus,Available,Great Lakes,3,Suburb,Suburb: Midsize,5,738,"Fewer than 1,000"
169363,Concordia University Ann Arbor,Ann Arbor,MI,48105,"Ann Arbor, MI",42.273157,-83.68268,Private nonprofit,2,Non-main campus,Available,Great Lakes,3,City,City: Midsize,2,702,"Fewer than 1,000"
169442,College for Creative Studies,Detroit,MI,48202,"Detroit, MI",42.361839,-83.062352,Private nonprofit,2,Main campus,Available,Great Lakes,3,City,City: Large,1,1230,"1,000 to 4,999"
169479,Davenport University,Grand Rapids,MI,49512-9396,"Grand Rapids, MI",42.850013,-85.533519,Private nonprofit,2,Main campus,Available,Great Lakes,3,Suburb,Suburb: Large,4,3134,"1,000 to 4,999"
169716,University of Detroit Mercy,Detroit,MI,48221-3038,"Detroit, MI",42.414222,-83.139158,Private nonprofit,2,Main campus,Available,Great Lakes,3,City,City: Large,1,2438,"1,000 to 4,999"
169798,Eastern Michigan University,Ypsilanti,MI,48197,"Ypsilanti, MI",42.251675,-83.627443,Public,1,Main campus,Available,Great Lakes,3,Suburb,Suburb: Large,4,10055,"10,000 to 19,999"
169910,Ferris State University,Big Rapids,MI,49307-2251,"Big Rapids, MI",43.687724,-85.481925,Public,1,Main campus,Available,Great Lakes,3,Town,Town: Remote,9,8106,"5,000 to 9,999"
169983,Kettering University,Flint,MI,48504-6214,"Flint, MI",43.012468,-83.71282,Private nonprofit,2,Main campus,Available,Great Lakes,3,City,City: Small,3,1205,"1,000 to 4,999"
170000,Grace Christian University,Wyoming,MI,49509,"Wyoming, MI",42.919541,-85.692077,Private nonprofit,2,Main campus,Available,Great Lakes,3,City,City: Small,3,716,"Fewer than 1,000"
170037,Cornerstone University,Grand Rapids,MI,49525-5897,"Grand Rapids, MI",42.979966,-85.595328,Private nonprofit,2,Main campus,Available,Great Lakes,3,City,City: Midsize,2,1298,"1,000 to 4,999"
170082,Grand Valley State University,Allendale,MI,49401-9403,"Allendale, MI",42.963001,-85.889826,Public,1,Main campus,Available,Great Lakes,3,Town,Town: Fringe,7,18854,"10,000 to 19,999"
170091,Great Lakes Christian College,Lansing,MI,48917-1299,"Lansing, MI",42.754249,-84.638714,Private nonprofit,2,Main campus,Unavailable,Great Lakes,3,Suburb,Suburb: Large,4,197,"Fewer than 1,000"
170286,Hillsdale College,Hillsdale,MI,49242,"Hillsdale, MI",41.933682,-84.633195,Private nonprofit,2,Main campus,Available,Great Lakes,3,Town,Town: Distant,8,1573,"1,000 to 4,999"
170301,Hope College,Holland,MI,49423-9000,"Holland, MI",42.787247,-86.100971,Private nonprofit,2,Main campus,Available,Great Lakes,3,City,City: Small,3,3288,"1,000 to 4,999"
170532,Kalamazoo College,Kalamazoo,MI,49006-3295,"Kalamazoo, MI",42.290789,-85.601857,Private nonprofit,2,Main campus,Available,Great Lakes,3,City,City: Small,3,1149,"1,000 to 4,999"
170639,Lake Superior State University,Sault Ste Marie,MI,49783,"Sault Ste Marie, MI",46.492849,-84.365573,Public,1,Main campus,Unavailable,Great Lakes,3,Town,Town: Remote,9,1325,"1,000 to 4,999"
170675,Lawrence Technological University,Southfield,MI,48075-1058,"Southfield, MI",42.474072,-83.25003,Private nonprofit,2,Main campus,Available,Great Lakes,3,City,City: Small,3,1668,"1,000 to 4,999"
170806,Madonna University,Livonia,MI,48150-1176,"Livonia, MI",42.384323,-83.404722,Private nonprofit,2,Main campus,Available,Great Lakes,3,City,City: Small,3,1632,"1,000 to 4,999"
170967,Rochester Christian University,Rochester Hills,MI,48307,"Rochester Hills, MI",42.667521,-83.144959,Private nonprofit,2,Main campus,Available,Great Lakes,3,Suburb,Suburb: Large,4,792,"Fewer than 1,000"
170976,University of Michigan-Ann Arbor,Ann Arbor,MI,48109,"Ann Arbor, MI",42.278374,-83.73481,Public,1,Main campus,Available,Great Lakes,3,City,City: Midsize,2,34177,"20,000 or more"
171100,Michigan State University,East Lansing,MI,48824-1046,"East Lansing, MI",42.73212,-84.476111,Public,1,Main campus,Available,Great Lakes,3,City,City: Small,3,40922,"20,000 or more"
171128,Michigan Technological University,Houghton,MI,49931-1295,"Houghton, MI",47.11866,-88.548092,Public,1,Main campus,Available,Great Lakes,3,Town,Town: Remote,9,5955,"5,000 to 9,999"
171137,University of Michigan-Dearborn,Dearborn,MI,48128-1491,"Dearborn, MI",42.317287,-83.231417,Public,1,Main campus,Available,Great Lakes,3,City,City: Midsize,2,5952,"5,000 to 9,999"
171146,University of Michigan-Flint,Flint,MI,48502-1950,"Flint, MI",43.01875,-83.690276,Public,1,Main campus,Available,Great Lakes,3,City,City: Small,3,4411,"1,000 to 4,999"
171456,Northern Michigan University,Marquette,MI,49855-5301,"Marquette, MI",46.559751,-87.406568,Public,1,Main campus,Available,Great Lakes,3,Town,Town: Remote,9,6556,"5,000 to 9,999"
171492,Northwood University,Midland,MI,48640-2398,"Midland, MI",43.628717,-84.27682,Private nonprofit,2,Main campus,Available,Great Lakes,3,City,City: Small,3,1974,"1,000 to 4,999"
171571,Oakland University,Rochester Hills,MI,48309-4401,"Rochester Hills, MI",42.674573,-83.216418,Public,1,Main campus,Available,Great Lakes,3,Suburb,Suburb: Large,4,12351,"10,000 to 19,999"
171599,The University of Olivet,Olivet,MI,49076,"Olivet, MI",42.442891,-84.923891,Private nonprofit,2,Main campus,Available,Great Lakes,3,Rural,Rural: Distant,11,892,"Fewer than 1,000"
171881,Kuyper College,Grand Rapids,MI,49525-9781,"Grand Rapids, MI",43.02195,-85.592657,Private nonprofit,2,Main campus,Available,Great Lakes,3,Suburb,Suburb: Large,4,145,"Fewer than 1,000"
172051,Saginaw Valley State University,University Center,MI,48710,"University Center, MI",43.51176,-83.964273,Public,1,Main campus,Available,Great Lakes,3,Suburb,Suburb: Midsize,5,5989,"5,000 to 9,999"
172264,Siena Heights University,Adrian,MI,49221,"Adrian, MI",41.905624,-84.018841,Private nonprofit,2,Main campus,Available,Great Lakes,3,Town,Town: Distant,8,1495,"1,000 to 4,999"
172334,Spring Arbor University,Spring Arbor,MI,49283-9799,"Spring Arbor, MI",42.206568,-84.556074,Private nonprofit,2,Main campus,Available,Great Lakes,3,Rural,Rural: Fringe,10,1010,"1,000 to 4,999"
172608,Walsh College,Troy,MI,48083-5066,"Troy, MI",42.573888,-83.147197,Private nonprofit,2,Main campus,Unavailable,Great Lakes,3,City,City: Small,3,445,"Fewer than 1,000"
172644,Wayne State University,Detroit,MI,48202,"Detroit, MI",42.358994,-83.068998,Public,1,Main campus,Available,Great Lakes,3,City,City: Large,1,15587,"10,000 to 19,999"
172699,Western Michigan University,Kalamazoo,MI,49008-5200,"Kalamazoo, MI",42.282194,-85.613759,Public,1,Main campus,Available,Great Lakes,3,City,City: Small,3,12568,"10,000 to 19,999"
172866,Academy College,Bloomington,MN,55431-1411,"Bloomington, MN",44.855722,-93.299809,Private for-profit,3,Main campus,Unavailable,Plains,4,City,City: Small,3,56,"Fewer than 1,000"
173045,Augsburg University,Minneapolis,MN,55454,"Minneapolis, MN",44.966307,-93.240436,Private nonprofit,2,Main campus,Available,Plains,4,City,City: Large,1,2494,"1,000 to 4,999"
173124,Bemidji State University,Bemidji,MN,56601,"Bemidji, MN",47.482341,-94.874119,Public,1,Main campus,Available,Plains,4,Town,Town: Remote,9,3139,"1,000 to 4,999"
173142,Bethany Lutheran College,Mankato,MN,56001,"Mankato, MN",44.166649,-93.990805,Private nonprofit,2,Main campus,Available,Plains,4,City,City: Small,3,669,"Fewer than 1,000"
173160,Bethel University,Saint Paul,MN,55112,"Saint Paul, MN",45.057655,-93.161663,Private nonprofit,2,Main campus,Available,Plains,4,Suburb,Suburb: Large,4,1871,"1,000 to 4,999"
173258,Carleton College,Northfield,MN,55057,"Northfield, MN",44.462318,-93.154666,Private nonprofit,2,Main campus,Available,Plains,4,Town,Town: Distant,8,2086,"1,000 to 4,999"
173300,Concordia College at Moorhead,Moorhead,MN,56562,"Moorhead, MN",46.862482,-96.76749,Private nonprofit,2,Main campus,Available,Plains,4,Suburb,Suburb: Midsize,5,1829,"1,000 to 4,999"
173328,Concordia University-Saint Paul,Saint Paul,MN,55104-5494,"Saint Paul, MN",44.949759,-93.154861,Private nonprofit,2,Main campus,Available,Plains,4,City,City: Large,1,3018,"1,000 to 4,999"
173452,Martin Luther College,New Ulm,MN,56073-3965,"New Ulm, MN",44.30526,-94.472326,Private nonprofit,2,Main campus,Available,Plains,4,Town,Town: Distant,8,725,"Fewer than 1,000"
173647,Gustavus Adolphus College,Saint Peter,MN,56082-1498,"Saint Peter, MN",44.323626,-93.972196,Private nonprofit,2,Main campus,Available,Plains,4,Town,Town: Fringe,7,1878,"1,000 to 4,999"
173665,Hamline University,Saint Paul,MN,55104-1284,"Saint Paul, MN",44.966246,-93.164479,Private nonprofit,2,Main campus,Available,Plains,4,City,City: Large,1,1776,"1,000 to 4,999"
173902,Macalester College,Saint Paul,MN,55105-1899,"Saint Paul, MN",44.938565,-93.168053,Private nonprofit,2,Main campus,Available,Plains,4,City,City: Large,1,2131,"1,000 to 4,999"
173920,Minnesota State University-Mankato,Mankato,MN,56001,"Mankato, MN",44.146712,-93.99945,Public,1,Main campus,Available,Plains,4,City,City: Small,3,11703,"10,000 to 19,999"
174020,Metropolitan State University,Saint Paul,MN,55106-5000,"Saint Paul, MN",44.957256,-93.074361,Public,1,Main campus,Available,Plains,4,City,City: Large,1,5616,"5,000 to 9,999"
174066,University of Minnesota-Twin Cities,Minneapolis,MN,55455-0213,"Minneapolis, MN",44.972851,-93.235464,Public,1,Main campus,Available,Plains,4,City,City: Large,1,31855,"20,000 or more"
174075,University of Minnesota-Crookston,Crookston,MN,56716-5001,"Crookston, MN",47.802536,-96.606188,Public,1,Main campus,Available,Plains,4,Town,Town: Distant,8,1729,"1,000 to 4,999"
174127,Minneapolis College of Art and Design,Minneapolis,MN,55404,"Minneapolis, MN",44.956988,-93.274705,Private nonprofit,2,Main campus,Available,Plains,4,City,City: Large,1,705,"Fewer than 1,000"
174154,Herzing University-Minneapolis,St. Louis Park,MN,55426,"St. Louis Park, MN",44.975225,-93.404863,Private nonprofit,2,Non-main campus,Available,Plains,4,City,City: Small,3,740,"Fewer than 1,000"
174233,University of Minnesota-Duluth,Duluth,MN,55812,"Duluth, MN",46.817126,-92.084385,Public,1,Main campus,Available,Plains,4,City,City: Small,3,7336,"5,000 to 9,999"
174251,University of Minnesota-Morris,Morris,MN,56267,"Morris, MN",45.589775,-95.899729,Public,1,Main campus,Available,Plains,4,Town,Town: Remote,9,936,"Fewer than 1,000"
174358,Minnesota State University Moorhead,Moorhead,MN,56563,"Moorhead, MN",46.867153,-96.759532,Public,1,Main campus,Available,Plains,4,Suburb,Suburb: Midsize,5,3072,"1,000 to 4,999"
174437,North Central University,Minneapolis,MN,55404-1391,"Minneapolis, MN",44.968625,-93.261511,Private nonprofit,2,Main campus,Available,Plains,4,City,City: Large,1,709,"Fewer than 1,000"
174491,University of Northwestern-St Paul,Saint Paul,MN,55113-1598,"Saint Paul, MN",45.033703,-93.167822,Private nonprofit,2,Main campus,Available,Plains,4,Suburb,Suburb: Large,4,1442,"1,000 to 4,999"
174525,Oak Hills Christian College,Bemidji,MN,56601-8834,"Bemidji, MN",47.425836,-94.901503,Private nonprofit,2,Main campus,Unavailable,Plains,4,Rural,Rural: Fringe,10,75,"Fewer than 1,000"
174747,College of Saint Benedict,Saint Joseph,MN,56374,"Saint Joseph, MN",45.561792,-94.319888,Private nonprofit,2,Main campus,Available,Plains,4,Suburb,Suburb: Midsize,5,1370,"1,000 to 4,999"
174783,Saint Cloud State University,Saint Cloud,MN,56301-4498,"Saint Cloud, MN",45.553227,-94.152657,Public,1,Main campus,Available,Plains,4,City,City: Small,3,5088,"5,000 to 9,999"
174792,Saint Johns University,Collegeville,MN,56321,"Collegeville, MN",45.580075,-94.393621,Private nonprofit,2,Main campus,Available,Plains,4,Rural,Rural: Fringe,10,1395,"1,000 to 4,999"
174817,Saint Mary's University of Minnesota,Winona,MN,55987-1399,"Winona, MN",44.044736,-91.695449,Private nonprofit,2,Main campus,Available,Plains,4,Town,Town: Distant,8,1073,"1,000 to 4,999"
174844,St Olaf College,Northfield,MN,55057-1098,"Northfield, MN",44.461529,-93.182039,Private nonprofit,2,Main campus,Available,Plains,4,Town,Town: Distant,8,3093,"1,000 to 4,999"
174862,Crown College,Saint Bonifacius,MN,55375-9001,"Saint Bonifacius, MN",44.885393,-93.743019,Private nonprofit,2,Main campus,Available,Plains,4,Rural,Rural: Fringe,10,796,"Fewer than 1,000"
174899,The College of Saint Scholastica,Duluth,MN,55811-4199,"Duluth, MN",46.816082,-92.106134,Private nonprofit,2,Main campus,Available,Plains,4,City,City: Small,3,1765,"1,000 to 4,999"
174914,University of St Thomas,Saint Paul,MN,55105-1078,"Saint Paul, MN",44.943439,-93.188986,Private nonprofit,2,Main campus,Available,Plains,4,City,City: Large,1,6245,"5,000 to 9,999"
175005,St Catherine University,Saint Paul,MN,55105,"Saint Paul, MN",44.924926,-93.183761,Private nonprofit,2,Main campus,Available,Plains,4,City,City: Large,1,2473,"1,000 to 4,999"
175078,Southwest Minnesota State University,Marshall,MN,56258-5468,"Marshall, MN",44.45373,-95.759548,Public,1,Main campus,Available,Plains,4,Town,Town: Remote,9,2315,"1,000 to 4,999"
175272,Winona State University,Winona,MN,55987-5838,"Winona, MN",44.046159,-91.643723,Public,1,Main campus,Available,Plains,4,Town,Town: Distant,8,5144,"5,000 to 9,999"
175342,Alcorn State University,Alcorn State,MS,39096-7500,"Alcorn State, MS",31.877216,-91.142854,Public,1,Main campus,Available,Southeast,5,Rural,Rural: Remote,12,2363,"1,000 to 4,999"
175421,Belhaven University,Jackson,MS,39202,"Jackson, MS",32.318415,-90.169228,Private nonprofit,2,Main campus,Available,Southeast,5,City,City: Midsize,2,1471,"1,000 to 4,999"
175430,Blue Mountain Christian University,Blue Mountain,MS,38610,"Blue Mountain, MS",34.67209,-89.02924,Private nonprofit,2,Main campus,Available,Southeast,5,Rural,Rural: Distant,11,498,"Fewer than 1,000"
175616,Delta State University,Cleveland,MS,38733,"Cleveland, MS",33.744745,-90.735365,Public,1,Main campus,Available,Southeast,5,Town,Town: Remote,9,1620,"1,000 to 4,999"
175856,Jackson State University,Jackson,MS,39217,"Jackson, MS",32.296105,-90.207405,Public,1,Main campus,Available,Southeast,5,City,City: Midsize,2,4600,"1,000 to 4,999"
175980,Millsaps College,Jackson,MS,39210,"Jackson, MS",32.322746,-90.179957,Private nonprofit,2,Main campus,Available,Southeast,5,City,City: Midsize,2,549,"Fewer than 1,000"
176017,University of Mississippi,University,MS,38677-1848,"University, MS",34.365529,-89.537434,Public,1,Main campus,Available,Southeast,5,Town,Town: Remote,9,21473,"20,000 or more"
176035,Mississippi University for Women,Columbus,MS,39701,"Columbus, MS",33.493305,-88.418601,Public,1,Main campus,Available,Southeast,5,Town,Town: Remote,9,1605,"1,000 to 4,999"
176044,Mississippi Valley State University,Itta Bena,MS,38941-1400,"Itta Bena, MS",33.514142,-90.341274,Public,1,Main campus,Available,Southeast,5,Rural,Rural: Distant,11,1439,"1,000 to 4,999"
176053,Mississippi Christian University,Clinton,MS,39058,"Clinton, MS",32.335515,-90.329821,Private nonprofit,2,Main campus,Available,Southeast,5,Suburb,Suburb: Large,4,2518,"1,000 to 4,999"
176080,Mississippi State University,Mississippi State,MS,39762,"Mississippi State, MS",33.454852,-88.790139,Public,1,Main campus,Available,Southeast,5,Town,Town: Remote,9,18397,"10,000 to 19,999"
176318,Rust College,Holly Springs,MS,38635,"Holly Springs, MS",34.776862,-89.446999,Private nonprofit,2,Main campus,Available,Southeast,5,Town,Town: Distant,8,467,"Fewer than 1,000"
176372,University of Southern Mississippi,Hattiesburg,MS,39406-0001,"Hattiesburg, MS",31.32661,-89.331236,Public,1,Main campus,Available,Southeast,5,City,City: Small,3,10075,"10,000 to 19,999"
176406,Tougaloo College,Tougaloo,MS,39174,"Tougaloo, MS",32.403014,-90.16076,Private nonprofit,2,Main campus,Available,Southeast,5,City,City: Midsize,2,639,"Fewer than 1,000"
176451,Wesley Biblical Seminary,Ridgeland,MS,39157-1920,"Ridgeland, MS",32.400142,-90.111379,Private nonprofit,2,Main campus,Unavailable,Southeast,5,Suburb,Suburb: Large,4,24,"Fewer than 1,000"
176479,William Carey University,Hattiesburg,MS,39401,"Hattiesburg, MS",31.305264,-89.291815,Private nonprofit,2,Main campus,Available,Southeast,5,City,City: Small,3,2201,"1,000 to 4,999"
176628,Avila University,Kansas City,MO,64145-1698,"Kansas City, MO",38.91339,-94.591758,Private nonprofit,2,Main campus,Available,Plains,4,City,City: Large,1,1312,"1,000 to 4,999"
176664,Mission University,Springfield,MO,65803-3498,"Springfield, MO",37.239696,-93.284286,Private nonprofit,2,Main campus,Unavailable,Plains,4,City,City: Midsize,2,381,"Fewer than 1,000"
176789,Calvary University,Kansas City,MO,64147-1341,"Kansas City, MO",38.839578,-94.547927,Private nonprofit,2,Main campus,Available,Plains,4,City,City: Large,1,154,"Fewer than 1,000"
176910,Central Christian College of the Bible,Moberly,MO,65270-1997,"Moberly, MO",39.395963,-92.427259,Private nonprofit,2,Main campus,Unavailable,Plains,4,Town,Town: Distant,8,154,"Fewer than 1,000"
176947,Central Methodist University-College of Liberal Arts and Sciences,Fayette,MO,65248-1198,"Fayette, MO",39.150497,-92.685253,Private nonprofit,2,Main campus,Available,Plains,4,Rural,Rural: Distant,11,1040,"1,000 to 4,999"
176965,University of Central Missouri,Warrensburg,MO,64093,"Warrensburg, MO",38.759111,-93.737428,Public,1,Main campus,Available,Plains,4,Town,Town: Distant,8,5648,"5,000 to 9,999"
177038,Cleveland University-Kansas City,Overland Park,KS,66210,"Overland Park, KS",38.932019,-94.679076,Private nonprofit,2,Main campus,Available,Plains,4,City,City: Midsize,2,95,"Fewer than 1,000"
177065,Columbia College,Columbia,MO,65216,"Columbia, MO",38.957388,-92.326354,Private nonprofit,2,Main campus,Unavailable,Plains,4,City,City: Midsize,2,4950,"1,000 to 4,999"
177083,Conception Seminary College,Conception,MO,64433-0502,"Conception, MO",40.24044,-94.682831,Private nonprofit,2,Main campus,Available,Plains,4,Rural,Rural: Remote,12,40,"Fewer than 1,000"
177117,Cottey College,Nevada,MO,64772,"Nevada, MO",37.836127,-94.371311,Private nonprofit,2,Main campus,Available,Plains,4,Town,Town: Remote,9,254,"Fewer than 1,000"
177144,Culver-Stockton College,Canton,MO,63435-1299,"Canton, MO",40.128993,-91.529374,Private nonprofit,2,Main campus,Available,Plains,4,Rural,Rural: Remote,12,807,"Fewer than 1,000"
177214,Drury University,Springfield,MO,65802-3791,"Springfield, MO",37.219681,-93.286192,Private nonprofit,2,Main campus,Available,Plains,4,City,City: Midsize,2,1383,"1,000 to 4,999"
177339,Evangel University,Springfield,MO,65802-2125,"Springfield, MO",37.220956,-93.262614,Private nonprofit,2,Main campus,Available,Plains,4,City,City: Midsize,2,1229,"1,000 to 4,999"
177542,Hannibal-LaGrange University,Hannibal,MO,63401,"Hannibal, MO",39.729015,-91.39094,Private nonprofit,2,Main campus,Available,Plains,4,Town,Town: Remote,9,410,"Fewer than 1,000"
177551,Harris-Stowe State University,Saint Louis,MO,63103-2136,"Saint Louis, MO",38.631744,-90.224288,Public,1,Main campus,Unavailable,Plains,4,City,City: Large,1,960,"Fewer than 1,000"
177719,Barnes-Jewish College Goldfarb School of Nursing,Saint Louis,MO,63110,"Saint Louis, MO",38.637165,-90.258772,Private nonprofit,2,Main campus,Unavailable,Plains,4,City,City: Large,1,446,"Fewer than 1,000"
177746,Kansas City Art Institute,Kansas City,MO,64111-1874,"Kansas City, MO",39.046353,-94.583594,Private nonprofit,2,Main campus,Available,Plains,4,City,City: Large,1,812,"Fewer than 1,000"
177940,Lincoln University,Jefferson City,MO,65101,"Jefferson City, MO",38.564431,-92.166724,Public,1,Main campus,Unavailable,Plains,4,City,City: Small,3,1392,"1,000 to 4,999"
177968,Lindenwood University,Saint Charles,MO,63301-1695,"Saint Charles, MO",38.785425,-90.501286,Private nonprofit,2,Main campus,Available,Plains,4,City,City: Small,3,4624,"1,000 to 4,999"
177986,Logan University,Chesterfield,MO,63017,"Chesterfield, MO",38.63133,-90.542333,Private nonprofit,2,Main campus,Available,Plains,4,Suburb,Suburb: Large,4,229,"Fewer than 1,000"
178059,Maryville University of Saint Louis,Saint Louis,MO,63141-7299,"Saint Louis, MO",38.644774,-90.505998,Private nonprofit,2,Main campus,Available,Plains,4,Suburb,Suburb: Large,4,5658,"5,000 to 9,999"
178208,Midwestern Baptist Theological Seminary,Kansas City,MO,64118-4697,"Kansas City, MO",39.185691,-94.573185,Private nonprofit,2,Main campus,Available,Plains,4,City,City: Large,1,747,"Fewer than 1,000"
178244,Missouri Baptist University,Saint Louis,MO,63141-8698,"Saint Louis, MO",38.641526,-90.462586,Private nonprofit,2,Main campus,Available,Plains,4,Suburb,Suburb: Large,4,1488,"1,000 to 4,999"
178341,Missouri Southern State University,Joplin,MO,64801-1595,"Joplin, MO",37.095155,-94.461689,Public,1,Main campus,Available,Plains,4,City,City: Small,3,3019,"1,000 to 4,999"
178369,Missouri Valley College,Marshall,MO,65340,"Marshall, MO",39.108522,-93.190654,Private nonprofit,2,Main campus,Available,Plains,4,Town,Town: Remote,9,1443,"1,000 to 4,999"
178387,Missouri Western State University,Saint Joseph,MO,64507,"Saint Joseph, MO",39.7575,-94.785643,Public,1,Main campus,Unavailable,Plains,4,City,City: Small,3,2219,"1,000 to 4,999"
178396,University of Missouri-Columbia,Columbia,MO,65211,"Columbia, MO",38.94531,-92.328843,Public,1,Main campus,Available,Plains,4,City,City: Midsize,2,23929,"20,000 or more"
178402,University of Missouri-Kansas City,Kansas City,MO,64110,"Kansas City, MO",39.034179,-94.582141,Public,1,Main campus,Available,Plains,4,City,City: Large,1,6817,"5,000 to 9,999"
178411,Missouri University of Science and Technology,Rolla,MO,65409,"Rolla, MO",37.954444,-91.77311,Public,1,Main campus,Available,Plains,4,Town,Town: Remote,9,5521,"5,000 to 9,999"
178420,University of Missouri-St Louis,Saint Louis,MO,63121-4400,"Saint Louis, MO",38.710312,-90.311091,Public,1,Main campus,Available,Plains,4,Suburb,Suburb: Large,4,5024,"5,000 to 9,999"
178615,Truman State University,Kirksville,MO,63501-4221,"Kirksville, MO",40.188267,-92.581658,Public,1,Main campus,Available,Plains,4,Town,Town: Remote,9,2513,"1,000 to 4,999"
178624,Northwest Missouri State University,Maryville,MO,64468-6001,"Maryville, MO",40.351692,-94.883339,Public,1,Main campus,Available,Plains,4,Town,Town: Remote,9,4378,"1,000 to 4,999"
178679,Ozark Christian College,Joplin,MO,64801,"Joplin, MO",37.103172,-94.510622,Private nonprofit,2,Main campus,Available,Plains,4,City,City: Small,3,602,"Fewer than 1,000"
178697,College of the Ozarks,Point Lookout,MO,65726-0017,"Point Lookout, MO",36.616019,-93.238174,Private nonprofit,2,Main campus,Available,Plains,4,Town,Town: Distant,8,1444,"1,000 to 4,999"
178721,Park University,Parkville,MO,64152-3795,"Parkville, MO",39.189256,-94.679041,Private nonprofit,2,Main campus,Unavailable,Plains,4,Suburb,Suburb: Large,4,4555,"1,000 to 4,999"
178767,Stevens-The Institute of Business & Arts,Saint Louis,MO,63103,"Saint Louis, MO",38.632917,-90.201157,Private for-profit,3,Main campus,Available,Plains,4,City,City: Large,1,89,"Fewer than 1,000"
178989,Research College of Nursing,Kansas City,MO,64132,"Kansas City, MO",39.006611,-94.556762,Private for-profit,3,Main campus,Unavailable,Plains,4,City,City: Large,1,177,"Fewer than 1,000"
179043,Rockhurst University,Kansas City,MO,64110-2561,"Kansas City, MO",39.032318,-94.573003,Private nonprofit,2,Main campus,Available,Plains,4,City,City: Large,1,1580,"1,000 to 4,999"
179159,Saint Louis University,Saint Louis,MO,63103-2097,"Saint Louis, MO",38.636801,-90.2351,Private nonprofit,2,Main campus,Available,Plains,4,City,City: Large,1,7267,"5,000 to 9,999"
179265,University of Health Sciences and Pharmacy in St. Louis,Saint Louis,MO,63110-1088,"Saint Louis, MO",38.636904,-90.260617,Private nonprofit,2,Main campus,Available,Plains,4,City,City: Large,1,337,"Fewer than 1,000"
179326,Southwest Baptist University,Bolivar,MO,65613-2596,"Bolivar, MO",37.602425,-93.407056,Private nonprofit,2,Main campus,Available,Plains,4,Town,Town: Distant,8,1341,"1,000 to 4,999"
179548,Stephens College,Columbia,MO,65215,"Columbia, MO",38.95204,-92.319204,Private nonprofit,2,Main campus,Available,Plains,4,City,City: Midsize,2,391,"Fewer than 1,000"
179557,Southeast Missouri State University,Cape Girardeau,MO,63701,"Cape Girardeau, MO",37.311107,-89.531187,Public,1,Main campus,Available,Plains,4,City,City: Small,3,6373,"5,000 to 9,999"
179566,Missouri State University-Springfield,Springfield,MO,65897-0002,"Springfield, MO",37.199258,-93.281281,Public,1,Main campus,Available,Plains,4,City,City: Midsize,2,13313,"10,000 to 19,999"
179867,Washington University in St Louis,St. Louis,MO,63130,"St. Louis, MO",38.647929,-90.310604,Private nonprofit,2,Main campus,Available,Plains,4,Suburb,Suburb: Large,4,7857,"5,000 to 9,999"
179894,Webster University,Saint Louis,MO,63119-3194,"Saint Louis, MO",38.588875,-90.345151,Private nonprofit,2,Main campus,Available,Plains,4,Suburb,Suburb: Large,4,2304,"1,000 to 4,999"
179946,Westminster College,Fulton,MO,65251-1299,"Fulton, MO",38.849354,-91.955273,Private nonprofit,2,Main campus,Available,Plains,4,Town,Town: Distant,8,638,"Fewer than 1,000"
179955,William Jewell College,Liberty,MO,64068-1896,"Liberty, MO",39.247844,-94.413126,Private nonprofit,2,Main campus,Available,Plains,4,Suburb,Suburb: Large,4,924,"Fewer than 1,000"
179964,William Woods University,Fulton,MO,65251-2388,"Fulton, MO",38.860287,-91.950416,Private nonprofit,2,Main campus,Available,Plains,4,Town,Town: Distant,8,1300,"1,000 to 4,999"
180106,Carroll College,Helena,MT,59625-0002,"Helena, MT",46.600771,-112.040285,Private nonprofit,2,Main campus,Available,Rocky Mountains,7,City,City: Small,3,1092,"1,000 to 4,999"
180179,Montana State University Billings,Billings,MT,59101-0298,"Billings, MT",45.796896,-108.523009,Public,1,Main campus,Unavailable,Rocky Mountains,7,City,City: Midsize,2,2626,"1,000 to 4,999"
180258,University of Providence,Great Falls,MT,59405-4996,"Great Falls, MT",47.490713,-111.270604,Private nonprofit,2,Main campus,Available,Rocky Mountains,7,City,City: Small,3,528,"Fewer than 1,000"
180416,Montana Technological University,Butte,MT,59701-8997,"Butte, MT",46.012868,-112.559511,Public,1,Main campus,Available,Rocky Mountains,7,Town,Town: Remote,9,1480,"1,000 to 4,999"
180461,Montana State University,Bozeman,MT,59717,"Bozeman, MT",45.666726,-111.048812,Public,1,Main campus,Available,Rocky Mountains,7,City,City: Small,3,14451,"10,000 to 19,999"
180489,The University of Montana,Missoula,MT,59812,"Missoula, MT",46.859312,-113.982912,Public,1,Main campus,Available,Rocky Mountains,7,City,City: Small,3,7488,"5,000 to 9,999"
180522,Montana State University-Northern,Havre,MT,59501,"Havre, MT",48.54149,-109.687806,Public,1,Main campus,Unavailable,Rocky Mountains,7,Town,Town: Remote,9,761,"Fewer than 1,000"
180595,Rocky Mountain College,Billings,MT,59102-1796,"Billings, MT",45.796522,-108.554075,Private nonprofit,2,Main campus,Available,Rocky Mountains,7,City,City: Midsize,2,840,"Fewer than 1,000"
180692,The University of Montana-Western,Dillon,MT,59725-3598,"Dillon, MT",45.208306,-112.639264,Public,1,Main campus,Available,Rocky Mountains,7,Town,Town: Remote,9,1198,"1,000 to 4,999"
180814,Bellevue University,Bellevue,NE,68005-3098,"Bellevue, NE",41.150225,-95.91764,Private nonprofit,2,Main campus,Unavailable,Plains,4,Suburb,Suburb: Large,4,10220,"10,000 to 19,999"
180832,Clarkson College,Omaha,NE,68131-2739,"Omaha, NE",41.259165,-95.974847,Private nonprofit,2,Main campus,Available,Plains,4,City,City: Large,1,622,"Fewer than 1,000"
180878,Bryan College of Health Sciences,Lincoln,NE,68506,"Lincoln, NE",40.796768,-96.651532,Private nonprofit,2,Main campus,Available,Plains,4,City,City: Large,1,553,"Fewer than 1,000"
180948,Chadron State College,Chadron,NE,69337-2690,"Chadron, NE",42.8199,-103.001615,Public,1,Main campus,Unavailable,Plains,4,Town,Town: Remote,9,1540,"1,000 to 4,999"
180984,Concordia University-Nebraska,Seward,NE,68434-1556,"Seward, NE",40.914853,-97.089054,Private nonprofit,2,Main campus,Available,Plains,4,Town,Town: Distant,8,1283,"1,000 to 4,999"
181002,Creighton University,Omaha,NE,68178,"Omaha, NE",41.265361,-95.947811,Private nonprofit,2,Main campus,Available,Plains,4,City,City: Large,1,4348,"1,000 to 4,999"
181020,Doane University,Crete,NE,68333,"Crete, NE",40.622952,-96.950932,Private nonprofit,2,Main campus,Available,Plains,4,Town,Town: Distant,8,978,"Fewer than 1,000"
181127,Hastings College,Hastings,NE,68901,"Hastings, NE",40.59025,-98.374403,Private nonprofit,2,Main campus,Available,Plains,4,Town,Town: Distant,8,891,"Fewer than 1,000"
181145,CHI Health School of Radiologic Technology,Omaha,NE,68122,"Omaha, NE",41.32206,-96.020431,Private nonprofit,2,Main campus,Unavailable,Plains,4,City,City: Large,1,29,"Fewer than 1,000"
181215,University of Nebraska at Kearney,Kearney,NE,68849-1212,"Kearney, NE",40.701452,-99.098699,Public,1,Main campus,Available,Plains,4,Town,Town: Distant,8,4088,"1,000 to 4,999"
181297,Nebraska Methodist College of Nursing & Allied Health,Omaha,NE,68114-2852,"Omaha, NE",41.265973,-96.048511,Private nonprofit,2,Main campus,Available,Plains,4,City,City: Large,1,781,"Fewer than 1,000"
181330,Midland University,Fremont,NE,68025,"Fremont, NE",41.43674,-96.488008,Private nonprofit,2,Main campus,Available,Plains,4,Town,Town: Distant,8,1159,"1,000 to 4,999"
181394,University of Nebraska at Omaha,Omaha,NE,68182-0225,"Omaha, NE",41.258769,-96.008516,Public,1,Main campus,Available,Plains,4,City,City: Large,1,11488,"10,000 to 19,999"
181428,University of Nebraska Medical Center,Omaha,NE,68198-7815,"Omaha, NE",41.256312,-95.973966,Public,1,Main campus,Unavailable,Plains,4,City,City: Large,1,938,"Fewer than 1,000"
181446,Nebraska Wesleyan University,Lincoln,NE,68504-2794,"Lincoln, NE",40.839098,-96.64831,Private nonprofit,2,Main campus,Available,Plains,4,City,City: Large,1,1453,"1,000 to 4,999"
181464,University of Nebraska-Lincoln,Lincoln,NE,68588-0419,"Lincoln, NE",40.817598,-96.700508,Public,1,Main campus,Available,Plains,4,City,City: Large,1,19178,"10,000 to 19,999"
181534,Peru State College,Peru,NE,68421-0010,"Peru, NE",40.474689,-95.732731,Public,1,Main campus,Unavailable,Plains,4,Rural,Rural: Remote,12,1092,"1,000 to 4,999"
181604,College of Saint Mary,Omaha,NE,68106,"Omaha, NE",41.240028,-96.021425,Private nonprofit,2,Main campus,Available,Plains,4,City,City: Large,1,445,"Fewer than 1,000"
181738,Union Adventist University,Lincoln,NE,68506,"Lincoln, NE",40.774778,-96.651095,Private nonprofit,2,Main campus,Available,Plains,4,City,City: Large,1,471,"Fewer than 1,000"
181783,Wayne State College,Wayne,NE,68787,"Wayne, NE",42.241556,-97.015122,Public,1,Main campus,Unavailable,Plains,4,Town,Town: Distant,8,3010,"1,000 to 4,999"
181853,York University,York,NE,68467-2699,"York, NE",40.869526,-97.579352,Private nonprofit,2,Main campus,Available,Plains,4,Town,Town: Remote,9,428,"Fewer than 1,000"
182281,University of Nevada-Las Vegas,Las Vegas,NV,89154,"Las Vegas, NV",36.106047,-115.138462,Public,1,Main campus,Available,Far West,8,City,City: Midsize,2,24622,"20,000 or more"
182290,University of Nevada-Reno,Reno,NV,89557,"Reno, NV",39.543642,-119.815377,Public,1,Main campus,Available,Far West,8,City,City: Large,1,15599,"10,000 to 19,999"
182634,Colby-Sawyer College,New London,NH,03257-7835,"New London, NH",43.411663,-71.975805,Private nonprofit,2,Main campus,Available,New England,1,Rural,Rural: Remote,12,771,"Fewer than 1,000"
182670,Dartmouth College,Hanover,NH,03755-3529,"Hanover, NH",43.704115,-72.289949,Private nonprofit,2,Main campus,Available,New England,1,Town,Town: Remote,9,4541,"1,000 to 4,999"
182795,Franklin Pierce University,Rindge,NH,03461-0060,"Rindge, NH",42.78014,-72.058011,Private nonprofit,2,Main campus,Available,New England,1,Rural,Rural: Distant,11,992,"Fewer than 1,000"
182980,New England College,Henniker,NH,3242,"Henniker, NH",43.176403,-71.822282,Private nonprofit,2,Main campus,Available,New England,1,Rural,Rural: Distant,11,1022,"1,000 to 4,999"
183026,Southern New Hampshire University,Manchester,NH,03106-1045,"Manchester, NH",43.038922,-71.451842,Private nonprofit,2,Main campus,Available,New England,1,Suburb,Suburb: Midsize,5,163164,"20,000 or more"
183044,University of New Hampshire-Main Campus,Durham,NH,03824-3547,"Durham, NH",43.135934,-70.932465,Public,1,Main campus,Available,New England,1,Town,Town: Fringe,7,11261,"10,000 to 19,999"
183062,Keene State College,Keene,NH,03435-1506,"Keene, NH",42.926452,-72.279276,Public,1,Main campus,Available,New England,1,Town,Town: Distant,8,2699,"1,000 to 4,999"
183071,University of New Hampshire at Manchester,Manchester,NH,03101-1113,"Manchester, NH",42.987209,-71.468755,Public,1,Non-main campus,Available,New England,1,City,City: Midsize,2,443,"Fewer than 1,000"
183080,Plymouth State University,Plymouth,NH,03264-1595,"Plymouth, NH",43.759573,-71.690164,Public,1,Main campus,Available,New England,1,Town,Town: Remote,9,3153,"1,000 to 4,999"
183211,Rivier University,Nashua,NH,3060,"Nashua, NH",42.738676,-71.45626,Private nonprofit,2,Main campus,Available,New England,1,City,City: Small,3,1231,"1,000 to 4,999"
183239,Saint Anselm College,Manchester,NH,03102-1310,"Manchester, NH",42.986889,-71.503622,Private nonprofit,2,Main campus,Available,New England,1,Suburb,Suburb: Midsize,5,2087,"1,000 to 4,999"
183257,University of New Hampshire College of Professional Studies Online,Manchester,NH,3101,"Manchester, NH",42.987209,-71.468755,Public,1,Non-main campus,Unavailable,New England,1,City,City: Midsize,2,1157,"1,000 to 4,999"
183275,Thomas More College of Liberal Arts,Merrimack,NH,3054,"Merrimack, NH",42.80683,-71.48437,Private nonprofit,2,Main campus,Unavailable,New England,1,Suburb,Suburb: Midsize,5,97,"Fewer than 1,000"
183789,Berkeley College-Woodland Park,Woodland Park,NJ,7424,"Woodland Park, NJ",40.898587,-74.189483,Private for-profit,3,Main campus,Unavailable,Mid East,2,Suburb,Suburb: Large,4,1778,"1,000 to 4,999"
183804,Beth Medrash Govoha,Lakewood,NJ,08701-2754,"Lakewood, NJ",40.095672,-74.221328,Private nonprofit,2,Main campus,Unavailable,Mid East,2,City,City: Small,3,4027,"1,000 to 4,999"
183822,Bloomfield College of Montclair State University,Bloomfield,NJ,7003,"Bloomfield, NJ",40.795105,-74.194309,Public,1,Non-main campus,Available,Mid East,2,Suburb,Suburb: Large,4,781,"Fewer than 1,000"
183910,Caldwell University,Caldwell,NJ,07006-6195,"Caldwell, NJ",40.832753,-74.272571,Private nonprofit,2,Main campus,Available,Mid East,2,Suburb,Suburb: Large,4,1575,"1,000 to 4,999"
183974,Centenary University,Hackettstown,NJ,7840,"Hackettstown, NJ",40.84764,-74.833644,Private nonprofit,2,Main campus,Available,Mid East,2,Suburb,Suburb: Large,4,910,"Fewer than 1,000"
184348,Drew University,Madison,NJ,7940,"Madison, NJ",40.761829,-74.424584,Private nonprofit,2,Main campus,Available,Mid East,2,Suburb,Suburb: Large,4,1533,"1,000 to 4,999"
184603,Fairleigh Dickinson University-Metropolitan Campus,Teaneck,NJ,7666,"Teaneck, NJ",40.897209,-74.028986,Private nonprofit,2,Main campus,Available,Mid East,2,Suburb,Suburb: Large,4,2627,"1,000 to 4,999"
184612,Felician University,Lodi,NJ,7644,"Lodi, NJ",40.867272,-74.096452,Private nonprofit,2,Main campus,Unavailable,Mid East,2,Suburb,Suburb: Large,4,1774,"1,000 to 4,999"
184694,Fairleigh Dickinson University-Florham Campus,Madison,NJ,7940,"Madison, NJ",40.774498,-74.432121,Private nonprofit,2,Non-main campus,Available,Mid East,2,Suburb,Suburb: Large,4,1990,"1,000 to 4,999"
184773,Georgian Court University,Lakewood,NJ,08701-2697,"Lakewood, NJ",40.099617,-74.228186,Private nonprofit,2,Main campus,Available,Mid East,2,City,City: Small,3,1195,"1,000 to 4,999"
184782,Rowan University,Glassboro,NJ,8028,"Glassboro, NJ",39.709108,-75.119119,Public,1,Main campus,Available,Mid East,2,Suburb,Suburb: Large,4,15841,"10,000 to 19,999"
185129,New Jersey City University,Jersey City,NJ,7305,"Jersey City, NJ",40.709937,-74.08727,Public,1,Main campus,Available,Mid East,2,City,City: Large,1,3681,"1,000 to 4,999"
185262,Kean University,Union,NJ,7083,"Union, NJ",40.677981,-74.233503,Public,1,Main campus,Available,Mid East,2,Suburb,Suburb: Large,4,11433,"10,000 to 19,999"
185572,Monmouth University,West Long Branch,NJ,07764-1898,"West Long Branch, NJ",40.280066,-74.006447,Private nonprofit,2,Main campus,Available,Mid East,2,Suburb,Suburb: Large,4,3684,"1,000 to 4,999"
185590,Montclair State University,Montclair,NJ,07043-1624,"Montclair, NJ",40.860414,-74.198141,Public,1,Main campus,Available,Mid East,2,Suburb,Suburb: Large,4,18376,"10,000 to 19,999"
185828,New Jersey Institute of Technology,Newark,NJ,7102,"Newark, NJ",40.741997,-74.177113,Public,1,Main campus,Available,Mid East,2,City,City: Large,1,9019,"5,000 to 9,999"
186131,Princeton University,Princeton,NJ,08544-0070,"Princeton, NJ",40.348732,-74.659365,Private nonprofit,2,Main campus,Available,Mid East,2,City,City: Small,3,5709,"5,000 to 9,999"
186186,Rabbinical College of America,Morristown,NJ,07960-3600,"Morristown, NJ",40.805705,-74.49878,Private nonprofit,2,Main campus,Available,Mid East,2,Suburb,Suburb: Large,4,181,"Fewer than 1,000"
186201,Ramapo College of New Jersey,Mahwah,NJ,07430-1680,"Mahwah, NJ",41.080942,-74.174086,Public,1,Main campus,Available,Mid East,2,Suburb,Suburb: Large,4,4898,"1,000 to 4,999"
186283,Rider University,Lawrenceville,NJ,08648-3099,"Lawrenceville, NJ",40.278796,-74.737833,Private nonprofit,2,Main campus,Available,Mid East,2,Suburb,Suburb: Large,4,3106,"1,000 to 4,999"
186371,Rutgers University-Camden,Camden,NJ,8102,"Camden, NJ",39.948064,-75.12224,Public,1,Non-main campus,Available,Mid East,2,City,City: Small,3,3753,"1,000 to 4,999"
186380,Rutgers University-New Brunswick,New Brunswick,NJ,08901-1281,"New Brunswick, NJ",40.498769,-74.446251,Public,1,Main campus,Available,Mid East,2,City,City: Small,3,37751,"20,000 or more"
186399,Rutgers University-Newark,Newark,NJ,7102,"Newark, NJ",40.739122,-74.175809,Public,1,Non-main campus,Available,Mid East,2,City,City: Large,1,7709,"5,000 to 9,999"
186432,Saint Peter's University,Jersey City,NJ,07306-5997,"Jersey City, NJ",40.727105,-74.071541,Private nonprofit,2,Main campus,Available,Mid East,2,City,City: Large,1,2135,"1,000 to 4,999"
186584,Seton Hall University,South Orange,NJ,07079-2697,"South Orange, NJ",40.742336,-74.246027,Private nonprofit,2,Main campus,Available,Mid East,2,Suburb,Suburb: Large,4,6036,"5,000 to 9,999"
186618,Saint Elizabeth University,Morristown,NJ,7960,"Morristown, NJ",40.78182,-74.438221,Private nonprofit,2,Main campus,Available,Mid East,2,Suburb,Suburb: Large,4,557,"Fewer than 1,000"
186867,Stevens Institute of Technology,Hoboken,NJ,07030-5991,"Hoboken, NJ",40.744776,-74.025334,Private nonprofit,2,Main campus,Available,Mid East,2,Suburb,Suburb: Large,4,4222,"1,000 to 4,999"
186876,Stockton University,Galloway,NJ,08205-9441,"Galloway, NJ",39.492036,-74.531087,Public,1,Main campus,Available,Mid East,2,Rural,Rural: Fringe,10,7537,"5,000 to 9,999"
187046,Thomas Edison State University,Trenton,NJ,8608,"Trenton, NJ",40.220487,-74.768562,Public,1,Main campus,Unavailable,Mid East,2,City,City: Small,3,6707,"5,000 to 9,999"
187134,The College of New Jersey,Ewing,NJ,08628-7718,"Ewing, NJ",40.268651,-74.778791,Public,1,Main campus,Available,Mid East,2,Suburb,Suburb: Large,4,7105,"5,000 to 9,999"
187444,William Paterson University of New Jersey,Wayne,NJ,7470,"Wayne, NJ",40.945255,-74.200248,Public,1,Main campus,Available,Mid East,2,Suburb,Suburb: Large,4,6614,"5,000 to 9,999"
187648,Eastern New Mexico University-Main Campus,Portales,NM,88130,"Portales, NM",34.175592,-103.34819,Public,1,Main campus,Available,Southwest,6,Town,Town: Remote,9,3357,"1,000 to 4,999"
187745,Institute of American Indian and Alaska Native Culture and Arts Development,Santa Fe,NM,87508-1300,"Santa Fe, NM",35.586563,-106.010015,Public,1,Main campus,Available,Southwest,6,Rural,Rural: Fringe,10,334,"Fewer than 1,000"
187897,New Mexico Highlands University,Las Vegas,NM,87701,"Las Vegas, NM",35.596233,-105.219197,Public,1,Main campus,Unavailable,Southwest,6,Town,Town: Remote,9,1451,"1,000 to 4,999"
187967,New Mexico Institute of Mining and Technology,Socorro,NM,87801,"Socorro, NM",34.067041,-106.905211,Public,1,Main campus,Available,Southwest,6,Town,Town: Remote,9,995,"Fewer than 1,000"
187985,University of New Mexico-Main Campus,Albuquerque,NM,87131,"Albuquerque, NM",35.083868,-106.620155,Public,1,Main campus,Available,Southwest,6,City,City: Large,1,17244,"10,000 to 19,999"
188030,New Mexico State University-Main Campus,Las Cruces,NM,88003-8001,"Las Cruces, NM",32.281568,-106.752069,Public,1,Main campus,Available,Southwest,6,Suburb,Suburb: Midsize,5,11946,"10,000 to 19,999"
188182,University of the Southwest,Hobbs,NM,88240,"Hobbs, NM",32.775496,-103.186948,Private nonprofit,2,Main campus,Unavailable,Southwest,6,Town,Town: Remote,9,346,"Fewer than 1,000"
188304,Western New Mexico University,Silver City,NM,88061,"Silver City, NM",32.7767,-108.283284,Public,1,Main campus,Unavailable,Southwest,6,Town,Town: Remote,9,2026,"1,000 to 4,999"
188429,Adelphi University,Garden City,NY,11530-0701,"Garden City, NY",40.721439,-73.653321,Private nonprofit,2,Main campus,Available,Mid East,2,Suburb,Suburb: Large,4,5276,"5,000 to 9,999"
188526,Albany College of Pharmacy and Health Sciences,Albany,NY,12208-3492,"Albany, NY",42.650371,-73.779063,Private nonprofit,2,Main campus,Available,Mid East,2,City,City: Midsize,2,481,"Fewer than 1,000"
188641,Alfred University,Alfred,NY,14802-1205,"Alfred, NY",42.254476,-77.788106,Private nonprofit,2,Main campus,Available,Mid East,2,Rural,Rural: Distant,11,1423,"1,000 to 4,999"
189088,Bard College,Annandale-On-Hudson,NY,12504-5000,"Annandale-On-Hudson, NY",42.020386,-73.909927,Private nonprofit,2,Main campus,Available,Mid East,2,Rural,Rural: Fringe,10,2414,"1,000 to 4,999"
189097,Barnard College,New York,NY,10027-6598,"New York, NY",40.810098,-73.963346,Private nonprofit,2,Main campus,Available,Mid East,2,City,City: Large,1,3264,"1,000 to 4,999"
189228,Berkeley College-New York,New York,NY,10017,"New York, NY",40.753986,-73.979458,Private for-profit,3,Main campus,Unavailable,Mid East,2,City,City: Large,1,1449,"1,000 to 4,999"
189282,Mount Sinai Phillips School of Nursing,New York,NY,10035-6354,"New York, NY",40.804778,-73.936639,Private nonprofit,2,Main campus,Unavailable,Mid East,2,City,City: Large,1,311,"Fewer than 1,000"
189413,Boricua College,New York,NY,10032-1560,"New York, NY",40.833434,-73.9458,Private nonprofit,2,Main campus,Unavailable,Mid East,2,City,City: Large,1,391,"Fewer than 1,000"
189565,Bryant & Stratton College-Syracuse North,Liverpool,NY,13090,"Liverpool, NY",43.149337,-76.230807,Private nonprofit,2,Non-main campus,Unavailable,Mid East,2,Suburb,Suburb: Large,4,458,"Fewer than 1,000"
189705,Canisius University,Buffalo,NY,14208-1098,"Buffalo, NY",42.925206,-78.852577,Private nonprofit,2,Main campus,Available,Mid East,2,City,City: Large,1,1685,"1,000 to 4,999"
189857,Central Yeshiva Tomchei Tmimim Lubavitz,Brooklyn,NY,11213-2798,"Brooklyn, NY",40.669694,-73.938778,Private nonprofit,2,Main campus,Available,Mid East,2,City,City: Large,1,863,"Fewer than 1,000"
190044,Clarkson University,Potsdam,NY,13699,"Potsdam, NY",44.662716,-74.999359,Private nonprofit,2,Main campus,Available,Mid East,2,Town,Town: Remote,9,2196,"1,000 to 4,999"
190099,Colgate University,Hamilton,NY,13346-1398,"Hamilton, NY",42.819475,-75.536346,Private nonprofit,2,Main campus,Available,Mid East,2,Rural,Rural: Distant,11,3180,"1,000 to 4,999"
190114,Metropolitan College of New York,New York,NY,10006-1742,"New York, NY",40.708706,-74.014702,Private nonprofit,2,Main campus,Available,Mid East,2,City,City: Large,1,402,"Fewer than 1,000"
190150,Columbia University in the City of New York,New York,NY,10027,"New York, NY",40.808286,-73.961885,Private nonprofit,2,Main campus,Available,Mid East,2,City,City: Large,1,8973,"5,000 to 9,999"
190372,The Cooper Union for the Advancement of Science and Art,New York,NY,10003-7120,"New York, NY",40.728148,-73.991609,Private nonprofit,2,Main campus,Available,Mid East,2,City,City: Large,1,842,"Fewer than 1,000"
190415,Cornell University,Ithaca,NY,14853,"Ithaca, NY",42.4472,-76.483084,Private nonprofit,2,Main campus,Available,Mid East,2,City,City: Small,3,15995,"10,000 to 19,999"
190512,CUNY Bernard M Baruch College,New York,NY,10010,"New York, NY",40.740238,-73.983417,Public,1,Main campus,Available,Mid East,2,City,City: Large,1,16154,"10,000 to 19,999"
190549,CUNY Brooklyn College,Brooklyn,NY,11210,"Brooklyn, NY",40.631517,-73.949898,Public,1,Main campus,Available,Mid East,2,City,City: Large,1,10543,"10,000 to 19,999"
190558,College of Staten Island CUNY,Staten Island,NY,10314,"Staten Island, NY",40.601831,-74.14849,Public,1,Main campus,Available,Mid East,2,City,City: Large,1,9657,"5,000 to 9,999"
190567,CUNY City College,New York,NY,10031,"New York, NY",40.819846,-73.948542,Public,1,Main campus,Available,Mid East,2,City,City: Large,1,12505,"10,000 to 19,999"
190576,CUNY Graduate School and University Center,New York,NY,10016,"New York, NY",40.748612,-73.983822,Public,1,Main campus,Available,Mid East,2,City,City: Large,1,3254,"1,000 to 4,999"
190594,CUNY Hunter College,New York,NY,10065,"New York, NY",40.768669,-73.964795,Public,1,Main campus,Available,Mid East,2,City,City: Large,1,16289,"10,000 to 19,999"
190600,CUNY John Jay College of Criminal Justice,New York,NY,10019,"New York, NY",40.770351,-73.98841,Public,1,Main campus,Available,Mid East,2,City,City: Large,1,11590,"10,000 to 19,999"
190637,CUNY Lehman College,Bronx,NY,10468,"Bronx, NY",40.872962,-73.895379,Public,1,Main campus,Available,Mid East,2,City,City: Large,1,10696,"10,000 to 19,999"
190646,CUNY Medgar Evers College,Brooklyn,NY,11225,"Brooklyn, NY",40.666256,-73.957076,Public,1,Main campus,Available,Mid East,2,City,City: Large,1,3233,"1,000 to 4,999"
190655,CUNY New York City College of Technology,Brooklyn,NY,11201,"Brooklyn, NY",40.695483,-73.987856,Public,1,Main campus,Available,Mid East,2,City,City: Large,1,13580,"10,000 to 19,999"
190664,CUNY Queens College,Queens,NY,11367,"Queens, NY",40.736416,-73.820053,Public,1,Main campus,Available,Mid East,2,City,City: Large,1,12550,"10,000 to 19,999"
190691,CUNY York College,Jamaica,NY,11451,"Jamaica, NY",40.701576,-73.796313,Public,1,Main campus,Available,Mid East,2,City,City: Large,1,4345,"1,000 to 4,999"
190716,D'Youville  University,Buffalo,NY,14201-1084,"Buffalo, NY",42.902636,-78.890868,Private nonprofit,2,Main campus,Available,Mid East,2,City,City: Large,1,1258,"1,000 to 4,999"
190725,Daemen University,Amherst,NY,14226-3592,"Amherst, NY",42.965605,-78.788111,Private nonprofit,2,Main campus,Available,Mid East,2,Suburb,Suburb: Large,4,1643,"1,000 to 4,999"
190752,Yeshiva of Far Rockaway Derech Ayson Rabbinical Seminary,Far Rockaway,NY,11691-5219,"Far Rockaway, NY",40.60049,-73.743901,Private nonprofit,2,Main campus,Available,Mid East,2,City,City: Large,1,60,"Fewer than 1,000"
190761,Dominican University New York,Orangeburg,NY,10962-1210,"Orangeburg, NY",41.047419,-73.950555,Private nonprofit,2,Main campus,Available,Mid East,2,Suburb,Suburb: Large,4,1105,"1,000 to 4,999"
190983,Elmira College,Elmira,NY,14901,"Elmira, NY",42.0961,-76.813459,Private nonprofit,2,Main campus,Available,Mid East,2,City,City: Small,3,708,"Fewer than 1,000"
191205,Five Towns College,Dix Hills,NY,11746-5871,"Dix Hills, NY",40.794506,-73.369348,Private for-profit,3,Main campus,Available,Mid East,2,Suburb,Suburb: Large,4,547,"Fewer than 1,000"
191241,Fordham University,Bronx,NY,10458,"Bronx, NY",40.859354,-73.882705,Private nonprofit,2,Main campus,Available,Mid East,2,City,City: Large,1,10512,"10,000 to 19,999"
191515,Hamilton College,Clinton,NY,13323,"Clinton, NY",43.050245,-75.408195,Private nonprofit,2,Main campus,Available,Mid East,2,Suburb,Suburb: Midsize,5,2030,"1,000 to 4,999"
191533,Hartwick College,Oneonta,NY,13820-4020,"Oneonta, NY",42.457599,-75.071994,Private nonprofit,2,Main campus,Available,Mid East,2,Town,Town: Remote,9,1087,"1,000 to 4,999"
191621,Hilbert College,Hamburg,NY,14075-1597,"Hamburg, NY",42.75464,-78.820257,Private nonprofit,2,Main campus,Available,Mid East,2,Suburb,Suburb: Large,4,921,"Fewer than 1,000"
191630,Hobart William Smith Colleges,Geneva,NY,14456,"Geneva, NY",42.858131,-76.985516,Private nonprofit,2,Main campus,Available,Mid East,2,Town,Town: Distant,8,1786,"1,000 to 4,999"
191649,Hofstra University,Hempstead,NY,11549,"Hempstead, NY",40.715959,-73.60078,Private nonprofit,2,Main campus,Available,Mid East,2,Suburb,Suburb: Large,4,6488,"5,000 to 9,999"
191676,Houghton University,Houghton,NY,14744,"Houghton, NY",42.426137,-78.155426,Private nonprofit,2,Main campus,Available,Mid East,2,Rural,Rural: Remote,12,753,"Fewer than 1,000"
191931,Iona University,New Rochelle,NY,10801-1890,"New Rochelle, NY",40.925725,-73.788046,Private nonprofit,2,Main campus,Available,Mid East,2,Suburb,Suburb: Large,4,2951,"1,000 to 4,999"
191968,Ithaca College,Ithaca,NY,14850-7002,"Ithaca, NY",42.422154,-76.494136,Private nonprofit,2,Main campus,Available,Mid East,2,Suburb,Suburb: Small,6,4242,"1,000 to 4,999"
192040,Jewish Theological Seminary of America,New York,NY,10027-4649,"New York, NY",40.811892,-73.960582,Private nonprofit,2,Main campus,Available,Mid East,2,City,City: Large,1,172,"Fewer than 1,000"
192110,The Juilliard School,New York,NY,10023-6588,"New York, NY",40.773725,-73.982913,Private nonprofit,2,Main campus,Available,Mid East,2,City,City: Large,1,468,"Fewer than 1,000"
192165,Kehilath Yakov Rabbinical Seminary,Ossining,NY,10562,"Ossining, NY",41.220521,-73.814887,Private nonprofit,2,Main campus,Unavailable,Mid East,2,Rural,Rural: Fringe,10,205,"Fewer than 1,000"
192192,Keuka College,Keuka Park,NY,14478,"Keuka Park, NY",42.615253,-77.090562,Private nonprofit,2,Main campus,Available,Mid East,2,Town,Town: Distant,8,966,"Fewer than 1,000"
192271,LIM College,New York,NY,10017-0000,"New York, NY",40.754991,-73.979413,Private for-profit,3,Main campus,Available,Mid East,2,City,City: Large,1,1187,"1,000 to 4,999"
192323,Le Moyne College,Syracuse,NY,13214-1301,"Syracuse, NY",43.049192,-76.090435,Private nonprofit,2,Main campus,Available,Mid East,2,Suburb,Suburb: Large,4,2439,"1,000 to 4,999"
192448,Long Island University,Brookville,NY,11548-1327,"Brookville, NY",40.820714,-73.593678,Private nonprofit,2,Main campus,Available,Mid East,2,Suburb,Suburb: Large,4,5520,"5,000 to 9,999"
192624,Machzikei Hadath Rabbinical College,Brooklyn,NY,11204-1805,"Brooklyn, NY",40.627937,-73.988378,Private nonprofit,2,Main campus,Available,Mid East,2,City,City: Large,1,131,"Fewer than 1,000"
192703,Manhattan University,Riverdale,NY,10471-4098,"Riverdale, NY",40.889756,-73.901893,Private nonprofit,2,Main campus,Available,Mid East,2,City,City: Large,1,2744,"1,000 to 4,999"
192712,Manhattan School of Music,New York,NY,10027,"New York, NY",40.812312,-73.961334,Private nonprofit,2,Main campus,Available,Mid East,2,City,City: Large,1,539,"Fewer than 1,000"
192749,Manhattanville University,Purchase,NY,10577,"Purchase, NY",41.032187,-73.715645,Private nonprofit,2,Main campus,Available,Mid East,2,Suburb,Suburb: Large,4,1362,"1,000 to 4,999"
192819,Marist University,Poughkeepsie,NY,12601,"Poughkeepsie, NY",41.720937,-73.935484,Private nonprofit,2,Main campus,Available,Mid East,2,Suburb,Suburb: Large,4,5182,"5,000 to 9,999"
192864,Marymount Manhattan College,New York,NY,10021-4597,"New York, NY",40.768787,-73.959767,Private nonprofit,2,Main campus,Available,Mid East,2,City,City: Large,1,1577,"1,000 to 4,999"
193016,Mercy University,Dobbs Ferry,NY,10522,"Dobbs Ferry, NY",41.021626,-73.874447,Private nonprofit,2,Main campus,Available,Mid East,2,Suburb,Suburb: Large,4,5735,"5,000 to 9,999"
193052,Mesivta Torah Vodaath Rabbinical Seminary,Brooklyn,NY,11218,"Brooklyn, NY",40.6382,-73.969395,Private nonprofit,2,Main campus,Available,Mid East,2,City,City: Large,1,399,"Fewer than 1,000"
193070,Mesivtha Tifereth Jerusalem of America,New York,NY,10002-6301,"New York, NY",40.713812,-73.991271,Private nonprofit,2,Main campus,Available,Mid East,2,City,City: Large,1,51,"Fewer than 1,000"
193292,Molloy University,Rockville Centre,NY,11571-5002,"Rockville Centre, NY",40.685941,-73.626183,Private nonprofit,2,Main campus,Available,Mid East,2,Suburb,Suburb: Large,4,3162,"1,000 to 4,999"
193353,Mount Saint Mary College,Newburgh,NY,12550,"Newburgh, NY",41.513872,-74.012655,Private nonprofit,2,Main campus,Available,Mid East,2,City,City: Small,3,1148,"1,000 to 4,999"
193399,University of Mount Saint Vincent,Bronx,NY,10471-1093,"Bronx, NY",40.913657,-73.908887,Private nonprofit,2,Main campus,Available,Mid East,2,City,City: Large,1,2692,"1,000 to 4,999"
193584,Nazareth University,Rochester,NY,14618-3790,"Rochester, NY",43.101576,-77.518579,Private nonprofit,2,Main campus,Available,Mid East,2,Suburb,Suburb: Large,4,1873,"1,000 to 4,999"
193654,The New School,New York,NY,10011,"New York, NY",40.735508,-73.997114,Private nonprofit,2,Main campus,Available,Mid East,2,City,City: Large,1,6563,"5,000 to 9,999"
193900,New York University,New York,NY,10012-1091,"New York, NY",40.729452,-73.997264,Private nonprofit,2,Main campus,Available,Mid East,2,City,City: Large,1,28663,"20,000 or more"
193973,Niagara University,Niagara University,NY,14109,"Niagara University, NY",43.137279,-79.036689,Private nonprofit,2,Main campus,Available,Mid East,2,Suburb,Suburb: Large,4,2653,"1,000 to 4,999"
194091,New York Institute of Technology,Old Westbury,NY,11568-8000,"Old Westbury, NY",40.812447,-73.6078,Private nonprofit,2,Main campus,Available,Mid East,2,Rural,Rural: Fringe,10,3440,"1,000 to 4,999"
194310,Pace University,New York,NY,10038-1598,"New York, NY",40.711014,-74.004719,Private nonprofit,2,Main campus,Available,Mid East,2,City,City: Large,1,7665,"5,000 to 9,999"
194392,Paul Smiths College of Arts and Science,Paul Smiths,NY,12970-0265,"Paul Smiths, NY",44.433965,-74.252675,Private nonprofit,2,Main campus,Available,Mid East,2,Rural,Rural: Distant,11,579,"Fewer than 1,000"
194569,Davis College,Pottersville,NY,12860-2300,"Pottersville, NY",43.730713,-73.812057,Private nonprofit,2,Main campus,Available,Mid East,2,Rural,Rural: Distant,11,106,"Fewer than 1,000"
194578,Pratt Institute-Main,Brooklyn,NY,11205,"Brooklyn, NY",40.691297,-73.96431,Private nonprofit,2,Main campus,Available,Mid East,2,City,City: Large,1,3910,"1,000 to 4,999"
194657,Rabbinical Academy Mesivta Rabbi Chaim Berlin,Brooklyn,NY,11230,"Brooklyn, NY",40.618347,-73.963615,Private nonprofit,2,Main campus,Available,Mid East,2,City,City: Large,1,141,"Fewer than 1,000"
194666,Rabbinical College Bobover Yeshiva Bnei Zion,Brooklyn,NY,11219,"Brooklyn, NY",40.631954,-73.985026,Private nonprofit,2,Main campus,Unavailable,Mid East,2,City,City: Large,1,473,"Fewer than 1,000"
194718,Rabbinical Seminary Mkor Chaim,Lakewood,NJ,08701-5827,"Lakewood, NJ",40.046838,-74.214817,Private nonprofit,2,Main campus,Available,Mid East,2,Suburb,Suburb: Large,4,96,"Fewer than 1,000"
194763,Rabbinical Seminary of America,Flushing,NY,11367,"Flushing, NY",40.72308,-73.817161,Private nonprofit,2,Main campus,Available,Mid East,2,City,City: Large,1,397,"Fewer than 1,000"
194824,Rensselaer Polytechnic Institute,Troy,NY,12180-3590,"Troy, NY",42.729978,-73.676646,Private nonprofit,2,Main campus,Available,Mid East,2,City,City: Small,3,5714,"5,000 to 9,999"
194958,Roberts Wesleyan University,Rochester,NY,14624,"Rochester, NY",43.125755,-77.798498,Private nonprofit,2,Main campus,Available,Mid East,2,Suburb,Suburb: Large,4,1149,"1,000 to 4,999"
195003,Rochester Institute of Technology,Rochester,NY,14623-5603,"Rochester, NY",43.084188,-77.67386,Private nonprofit,2,Main campus,Available,Mid East,2,Suburb,Suburb: Large,4,13215,"10,000 to 19,999"
195030,University of Rochester,Rochester,NY,14627-0011,"Rochester, NY",43.126397,-77.631202,Private nonprofit,2,Main campus,Available,Mid East,2,City,City: Midsize,2,6331,"5,000 to 9,999"
195128,Russell Sage College,Troy,NY,12180,"Troy, NY",42.72822,-73.693711,Private nonprofit,2,Main campus,Available,Mid East,2,City,City: Small,3,1244,"1,000 to 4,999"
195164,St Bonaventure University,Saint Bonaventure,NY,14778-9800,"Saint Bonaventure, NY",42.080191,-78.481107,Private nonprofit,2,Main campus,Available,Mid East,2,Town,Town: Remote,9,2012,"1,000 to 4,999"
195173,St. Francis College,Brooklyn,NY,11201,"Brooklyn, NY",40.690233,-73.986559,Private nonprofit,2,Main campus,Unavailable,Mid East,2,City,City: Large,1,1684,"1,000 to 4,999"
195216,St Lawrence University,Canton,NY,13617,"Canton, NY",44.589879,-75.161343,Private nonprofit,2,Main campus,Available,Mid East,2,Town,Town: Remote,9,1918,"1,000 to 4,999"
195243,St. Thomas Aquinas College,Sparkill,NY,10976-1050,"Sparkill, NY",41.041576,-73.936799,Private nonprofit,2,Main campus,Available,Mid East,2,Suburb,Suburb: Large,4,972,"Fewer than 1,000"
195304,Sarah Lawrence College,Bronxville,NY,10708,"Bronxville, NY",40.9355,-73.843727,Private nonprofit,2,Main campus,Available,Mid East,2,Suburb,Suburb: Large,4,1530,"1,000 to 4,999"
195438,Sh'or Yoshuv Rabbinical College,Lawrence,NY,11559-1714,"Lawrence, NY",40.605227,-73.740085,Private nonprofit,2,Main campus,Unavailable,Mid East,2,Suburb,Suburb: Large,4,156,"Fewer than 1,000"
195474,Siena University,Loudonville,NY,12211-1462,"Loudonville, NY",42.717602,-73.7526,Private nonprofit,2,Main campus,Available,Mid East,2,Suburb,Suburb: Large,4,3409,"1,000 to 4,999"
195526,Skidmore College,Saratoga Springs,NY,12866,"Saratoga Springs, NY",43.097035,-73.785335,Private nonprofit,2,Main campus,Available,Mid East,2,Suburb,Suburb: Small,6,2694,"1,000 to 4,999"
195544,St. Joseph's University-New York,Brooklyn,NY,11205-3688,"Brooklyn, NY",40.690418,-73.967664,Private nonprofit,2,Main campus,Available,Mid East,2,City,City: Large,1,3144,"1,000 to 4,999"
195720,St. John Fisher University,Rochester,NY,14618-3597,"Rochester, NY",43.116259,-77.513056,Private nonprofit,2,Main campus,Available,Mid East,2,Suburb,Suburb: Large,4,2565,"1,000 to 4,999"
195809,St. John's University-New York,Queens,NY,11439,"Queens, NY",40.722523,-73.796104,Private nonprofit,2,Main campus,Available,Mid East,2,City,City: Large,1,9477,"5,000 to 9,999"
196015,SUNY College of Technology at Canton,Canton,NY,13617-1098,"Canton, NY",44.604096,-75.182906,Public,1,Main campus,Available,Mid East,2,Town,Town: Remote,9,2741,"1,000 to 4,999"
196033,SUNY College of Agriculture and Technology at Cobleskill,Cobleskill,NY,12043,"Cobleskill, NY",42.672534,-74.498258,Public,1,Main campus,Available,Mid East,2,Town,Town: Distant,8,1904,"1,000 to 4,999"
196042,Farmingdale State College,Farmingdale,NY,11735-1021,"Farmingdale, NY",40.754224,-73.42832,Public,1,Main campus,Available,Mid East,2,Suburb,Suburb: Large,4,9552,"5,000 to 9,999"
196060,University at Albany,Albany,NY,12222,"Albany, NY",42.685489,-73.824662,Public,1,Main campus,Available,Mid East,2,City,City: Midsize,2,12564,"10,000 to 19,999"
196079,Binghamton University,Vestal,NY,13850-6000,"Vestal, NY",42.087868,-75.966889,Public,1,Main campus,Available,Mid East,2,Suburb,Suburb: Midsize,5,14655,"10,000 to 19,999"
196088,University at Buffalo,Buffalo,NY,14260-1660,"Buffalo, NY",43.000942,-78.789458,Public,1,Main campus,Available,Mid East,2,Suburb,Suburb: Large,4,20112,"20,000 or more"
196097,Stony Brook University,Stony Brook,NY,11794-0701,"Stony Brook, NY",40.91476,-73.12046,Public,1,Main campus,Available,Mid East,2,Suburb,Suburb: Large,4,18101,"10,000 to 19,999"
196103,SUNY College of Environmental Science and Forestry,Syracuse,NY,13210,"Syracuse, NY",43.034765,-76.138724,Public,1,Main campus,Available,Mid East,2,City,City: Midsize,2,1839,"1,000 to 4,999"
196112,SUNY Polytechnic Institute,Utica,NY,13502,"Utica, NY",43.137701,-75.229841,Public,1,Main campus,Available,Mid East,2,Suburb,Suburb: Midsize,5,1849,"1,000 to 4,999"
196121,SUNY Brockport,Brockport,NY,14420-2919,"Brockport, NY",43.211926,-77.947188,Public,1,Main campus,Available,Mid East,2,Town,Town: Fringe,7,5784,"5,000 to 9,999"
196130,SUNY Buffalo State University,Buffalo,NY,14222,"Buffalo, NY",42.933832,-78.882125,Public,1,Main campus,Available,Mid East,2,City,City: Large,1,5097,"5,000 to 9,999"
196149,State University of New York at Cortland,Cortland,NY,13045-0900,"Cortland, NY",42.598022,-76.188655,Public,1,Main campus,Available,Mid East,2,Town,Town: Distant,8,5901,"5,000 to 9,999"
196158,SUNY at Fredonia,Fredonia,NY,14063-1136,"Fredonia, NY",42.452236,-79.337375,Public,1,Main campus,Available,Mid East,2,Town,Town: Distant,8,2755,"1,000 to 4,999"
196167,SUNY College at Geneseo,Geneseo,NY,14454-1465,"Geneseo, NY",42.796645,-77.821894,Public,1,Main campus,Available,Mid East,2,Town,Town: Distant,8,3869,"1,000 to 4,999"
196176,State University of New York at New Paltz,New Paltz,NY,12561-2443,"New Paltz, NY",41.740936,-74.082188,Public,1,Main campus,Available,Mid East,2,Town,Town: Fringe,7,6086,"5,000 to 9,999"
196185,SUNY Oneonta,Oneonta,NY,13820-4015,"Oneonta, NY",42.468861,-75.063632,Public,1,Main campus,Available,Mid East,2,Town,Town: Remote,9,4643,"1,000 to 4,999"
196194,State University of New York at Oswego,Oswego,NY,13126,"Oswego, NY",43.454287,-76.540798,Public,1,Main campus,Available,Mid East,2,Town,Town: Distant,8,5473,"5,000 to 9,999"
196200,SUNY College at Potsdam,Potsdam,NY,13676-2294,"Potsdam, NY",44.662148,-74.973815,Public,1,Main campus,Available,Mid East,2,Town,Town: Remote,9,1823,"1,000 to 4,999"
196219,SUNY at Purchase College,Purchase,NY,10577-1400,"Purchase, NY",41.047223,-73.701955,Public,1,Main campus,Available,Mid East,2,Suburb,Suburb: Large,4,3197,"1,000 to 4,999"
196237,SUNY Old Westbury,Old Westbury,NY,11568-0210,"Old Westbury, NY",40.799021,-73.571907,Public,1,Main campus,Available,Mid East,2,Suburb,Suburb: Large,4,4162,"1,000 to 4,999"
196246,State University of New York at Plattsburgh,Plattsburgh,NY,12901-2681,"Plattsburgh, NY",44.69293,-73.466536,Public,1,Main campus,Available,Mid East,2,Town,Town: Distant,8,3769,"1,000 to 4,999"
196255,SUNY Downstate Health Sciences University,Brooklyn,NY,11203-2098,"Brooklyn, NY",40.653855,-73.945535,Public,1,Main campus,Unavailable,Mid East,2,City,City: Large,1,293,"Fewer than 1,000"
196264,Empire State University,Saratoga Springs,NY,12866-4391,"Saratoga Springs, NY",43.077283,-73.782484,Public,1,Main campus,Unavailable,Mid East,2,Suburb,Suburb: Small,6,7585,"5,000 to 9,999"
196291,SUNY Maritime College,Throggs Neck,NY,10465-4198,"Throggs Neck, NY",40.807217,-73.795309,Public,1,Main campus,Available,Mid East,2,City,City: Large,1,1285,"1,000 to 4,999"
196307,Upstate Medical University,Syracuse,NY,13210,"Syracuse, NY",43.041819,-76.140009,Public,1,Main campus,Unavailable,Mid East,2,City,City: Midsize,2,159,"Fewer than 1,000"
196413,Syracuse University,Syracuse,NY,13244,"Syracuse, NY",43.036644,-76.133989,Private nonprofit,2,Main campus,Available,Mid East,2,City,City: Midsize,2,15477,"10,000 to 19,999"
196431,Talmudical Seminary Oholei Torah,Brooklyn,NY,11213,"Brooklyn, NY",40.670089,-73.945759,Private nonprofit,2,Main campus,Available,Mid East,2,City,City: Large,1,400,"Fewer than 1,000"
196440,Talmudical Institute of Upstate New York,Rochester,NY,14607,"Rochester, NY",43.147062,-77.574943,Private nonprofit,2,Main campus,Available,Mid East,2,City,City: Midsize,2,13,"Fewer than 1,000"
196592,Touro University,New York,NY,10036,"New York, NY",40.756832,-73.987049,Private nonprofit,2,Main campus,Available,Mid East,2,City,City: Large,1,4040,"1,000 to 4,999"
196680,Excelsior University,Albany,NY,12203-5159,"Albany, NY",42.705487,-73.862981,Private nonprofit,2,Main campus,Unavailable,Mid East,2,City,City: Midsize,2,11550,"10,000 to 19,999"
196866,Union College,Schenectady,NY,12308-2311,"Schenectady, NY",42.818097,-73.928788,Private nonprofit,2,Main campus,Available,Mid East,2,City,City: Small,3,2046,"1,000 to 4,999"
197018,United Talmudical Seminary,Brooklyn,NY,11211,"Brooklyn, NY",40.705687,-73.959113,Private nonprofit,2,Main campus,Unavailable,Mid East,2,City,City: Large,1,2241,"1,000 to 4,999"
197027,United States Merchant Marine Academy,Kings Point,NY,11024-1634,"Kings Point, NY",40.81357,-73.763004,Public,1,Main campus,Available,U.S. Service Schools,10,Suburb,Suburb: Large,4,962,"Fewer than 1,000"
197036,United States Military Academy,West  Point,NY,10996,"West  Point, NY",41.388988,-73.956772,Public,1,Main campus,Available,U.S. Service Schools,10,Town,Town: Fringe,7,4408,"1,000 to 4,999"
197045,Utica University,Utica,NY,13502-4892,"Utica, NY",43.096213,-75.272916,Private nonprofit,2,Main campus,Available,Mid East,2,City,City: Small,3,2278,"1,000 to 4,999"
197133,Vassar College,Poughkeepsie,NY,12604,"Poughkeepsie, NY",41.686895,-73.895088,Private nonprofit,2,Main campus,Available,Mid East,2,Suburb,Suburb: Large,4,2444,"1,000 to 4,999"
197142,Villa Maria College,Buffalo,NY,14225-3999,"Buffalo, NY",42.91223,-78.796823,Private nonprofit,2,Main campus,Available,Mid East,2,City,City: Small,3,603,"Fewer than 1,000"
197151,School of Visual Arts,New York,NY,10010,"New York, NY",40.738809,-73.982359,Private for-profit,3,Main campus,Available,Mid East,2,City,City: Large,1,3244,"1,000 to 4,999"
197197,Wagner College,Staten Island,NY,10301-4495,"Staten Island, NY",40.615588,-74.092913,Private nonprofit,2,Main campus,Available,Mid East,2,City,City: Large,1,1651,"1,000 to 4,999"
197221,Webb Institute,Glen Cove,NY,11542-1398,"Glen Cove, NY",40.884444,-73.644909,Private nonprofit,2,Main campus,Available,Mid East,2,Suburb,Suburb: Large,4,106,"Fewer than 1,000"
197285,The College of Westchester,White Plains,NY,10606-1200,"White Plains, NY",41.033687,-73.784404,Private for-profit,3,Main campus,Available,Mid East,2,City,City: Small,3,759,"Fewer than 1,000"
197601,Yeshiva Karlin Stolin,Brooklyn,NY,11204-1545,"Brooklyn, NY",40.624918,-73.983373,Private nonprofit,2,Main campus,Unavailable,Mid East,2,City,City: Large,1,139,"Fewer than 1,000"
197674,Yeshiva of Nitra Rabbinical College,Chester,NY,10918,"Chester, NY",41.353674,-74.255911,Private nonprofit,2,Main campus,Unavailable,Mid East,2,Rural,Rural: Fringe,10,243,"Fewer than 1,000"
197692,Yeshivath Shaar Hatorah,Kew Gardens,NY,11418,"Kew Gardens, NY",40.704048,-73.835009,Private nonprofit,2,Main campus,Available,Mid East,2,City,City: Large,1,76,"Fewer than 1,000"
197708,Yeshiva University,New York,NY,10033-3299,"New York, NY",40.850605,-73.929873,Private nonprofit,2,Main campus,Available,Mid East,2,City,City: Large,1,2852,"1,000 to 4,999"
197735,Yeshivath Viznitz,Monsey,NY,10952,"Monsey, NY",41.114682,-74.070243,Private nonprofit,2,Main campus,Unavailable,Mid East,2,Suburb,Suburb: Large,4,1159,"1,000 to 4,999"
197869,Appalachian State University,Boone,NC,28608,"Boone, NC",36.215536,-81.680583,Public,1,Main campus,Available,Southeast,5,Town,Town: Distant,8,19444,"10,000 to 19,999"
197911,Barton College,Wilson,NC,27893-7000,"Wilson, NC",35.734376,-77.913867,Private nonprofit,2,Main campus,Available,Southeast,5,Town,Town: Fringe,7,982,"Fewer than 1,000"
197984,Belmont Abbey College,Belmont,NC,28012-1802,"Belmont, NC",35.260651,-81.041315,Private nonprofit,2,Main campus,Available,Southeast,5,Suburb,Suburb: Midsize,5,1276,"1,000 to 4,999"
197993,Bennett College,Greensboro,NC,27401-3239,"Greensboro, NC",36.067531,-79.77998,Private nonprofit,2,Main campus,Available,Southeast,5,City,City: Large,1,178,"Fewer than 1,000"
198066,Brevard College,Brevard,NC,28712,"Brevard, NC",35.236763,-82.729494,Private nonprofit,2,Main campus,Available,Southeast,5,Town,Town: Distant,8,815,"Fewer than 1,000"
198136,Campbell University,Buies Creek,NC,27506,"Buies Creek, NC",35.409149,-78.738238,Private nonprofit,2,Main campus,Available,Southeast,5,Town,Town: Fringe,7,2680,"1,000 to 4,999"
198215,Catawba College,Salisbury,NC,28144,"Salisbury, NC",35.691443,-80.482751,Private nonprofit,2,Main campus,Available,Southeast,5,Suburb,Suburb: Large,4,1235,"1,000 to 4,999"
198303,Chowan University,Murfreesboro,NC,27855,"Murfreesboro, NC",36.436258,-77.099141,Private nonprofit,2,Main campus,Available,Southeast,5,Rural,Rural: Remote,12,603,"Fewer than 1,000"
198385,Davidson College,Davidson,NC,28035,"Davidson, NC",35.499767,-80.843979,Private nonprofit,2,Main campus,Available,Southeast,5,Suburb,Suburb: Large,4,1867,"1,000 to 4,999"
198419,Duke University,Durham,NC,27708,"Durham, NC",36.001135,-78.937624,Private nonprofit,2,Main campus,Available,Southeast,5,City,City: Large,1,6442,"5,000 to 9,999"
198464,East Carolina University,Greenville,NC,27858-4353,"Greenville, NC",35.607186,-77.368291,Public,1,Main campus,Available,Southeast,5,City,City: Small,3,19896,"10,000 to 19,999"
198507,Elizabeth City State University,Elizabeth City,NC,27909,"Elizabeth City, NC",36.277978,-76.214041,Public,1,Main campus,Available,Southeast,5,Town,Town: Distant,8,1975,"1,000 to 4,999"
198516,Elon University,Elon,NC,27244-2010,"Elon, NC",36.104148,-79.50344,Private nonprofit,2,Main campus,Available,Southeast,5,Suburb,Suburb: Midsize,5,6452,"5,000 to 9,999"
198543,Fayetteville State University,Fayetteville,NC,28301-4298,"Fayetteville, NC",35.073641,-78.891696,Public,1,Main campus,Available,Southeast,5,City,City: Midsize,2,5762,"5,000 to 9,999"
198561,Gardner-Webb University,Boiling Springs,NC,28017-0997,"Boiling Springs, NC",35.24732,-81.668141,Private nonprofit,2,Main campus,Available,Southeast,5,Rural,Rural: Distant,11,1856,"1,000 to 4,999"
198598,Greensboro College,Greensboro,NC,27401-1875,"Greensboro, NC",36.071082,-79.800232,Private nonprofit,2,Main campus,Available,Southeast,5,City,City: Large,1,708,"Fewer than 1,000"
198613,Guilford College,Greensboro,NC,27410-4108,"Greensboro, NC",36.094233,-79.887737,Private nonprofit,2,Main campus,Available,Southeast,5,City,City: Large,1,1001,"1,000 to 4,999"
198677,Heritage Bible College,Dunn,NC,28334,"Dunn, NC",35.307368,-78.664393,Private nonprofit,2,Main campus,Unavailable,Southeast,5,Rural,Rural: Fringe,10,22,"Fewer than 1,000"
198695,High Point University,High Point,NC,27268,"High Point, NC",35.972035,-79.994675,Private nonprofit,2,Main campus,Available,Southeast,5,City,City: Midsize,2,5129,"5,000 to 9,999"
198756,Johnson C Smith University,Charlotte,NC,28216-5398,"Charlotte, NC",35.243033,-80.857251,Private nonprofit,2,Main campus,Available,Southeast,5,City,City: Large,1,1244,"1,000 to 4,999"
198808,Lees-McRae College,Banner Elk,NC,28604,"Banner Elk, NC",36.162477,-81.873371,Private nonprofit,2,Main campus,Available,Southeast,5,Rural,Rural: Distant,11,873,"Fewer than 1,000"
198835,Lenoir-Rhyne University,Hickory,NC,28601,"Hickory, NC",35.739968,-81.327598,Private nonprofit,2,Main campus,Available,Southeast,5,City,City: Small,3,1359,"1,000 to 4,999"
198862,Livingstone College,Salisbury,NC,28144,"Salisbury, NC",35.670877,-80.483956,Private nonprofit,2,Main campus,Available,Southeast,5,Suburb,Suburb: Large,4,924,"Fewer than 1,000"
198899,Mars Hill University,Mars Hill,NC,28754,"Mars Hill, NC",35.82752,-82.551827,Private nonprofit,2,Main campus,Available,Southeast,5,Rural,Rural: Fringe,10,1044,"1,000 to 4,999"
198950,Meredith College,Raleigh,NC,27607-5298,"Raleigh, NC",35.799351,-78.689995,Private nonprofit,2,Main campus,Available,Southeast,5,City,City: Large,1,1188,"1,000 to 4,999"
198969,Methodist University,Fayetteville,NC,28311-1420,"Fayetteville, NC",35.135058,-78.874426,Private nonprofit,2,Main campus,Available,Southeast,5,City,City: Midsize,2,1448,"1,000 to 4,999"
199032,Montreat College,Montreat,NC,28757-1267,"Montreat, NC",35.646577,-82.2976,Private nonprofit,2,Main campus,Available,Southeast,5,Suburb,Suburb: Large,4,762,"Fewer than 1,000"
199069,University of Mount Olive,Mount Olive,NC,28365-0919,"Mount Olive, NC",35.208166,-78.069388,Private nonprofit,2,Main campus,Available,Southeast,5,Rural,Rural: Distant,11,1796,"1,000 to 4,999"
199102,North Carolina A & T State University,Greensboro,NC,27411,"Greensboro, NC",36.07282,-79.773375,Public,1,Main campus,Available,Southeast,5,City,City: Large,1,12182,"10,000 to 19,999"
199111,University of North Carolina Asheville,Asheville,NC,28804-8510,"Asheville, NC",35.617068,-82.565392,Public,1,Main campus,Available,Southeast,5,City,City: Small,3,2910,"1,000 to 4,999"
199120,University of North Carolina at Chapel Hill,Chapel Hill,NC,27599,"Chapel Hill, NC",35.911769,-79.050969,Public,1,Main campus,Available,Southeast,5,City,City: Small,3,20752,"20,000 or more"
199139,University of North Carolina at Charlotte,Charlotte,NC,28223-0001,"Charlotte, NC",35.306022,-80.730919,Public,1,Main campus,Available,Southeast,5,City,City: Large,1,24453,"20,000 or more"
199148,University of North Carolina at Greensboro,Greensboro,NC,27402-6170,"Greensboro, NC",36.068236,-79.809414,Public,1,Main campus,Available,Southeast,5,City,City: Large,1,14062,"10,000 to 19,999"
199157,North Carolina Central University,Durham,NC,27707,"Durham, NC",35.974237,-78.898602,Public,1,Main campus,Available,Southeast,5,City,City: Large,1,6081,"5,000 to 9,999"
199184,University of North Carolina School of the Arts,Winston Salem,NC,27127-2738,"Winston Salem, NC",36.076183,-80.235672,Public,1,Main campus,Available,Southeast,5,City,City: Large,1,945,"Fewer than 1,000"
199193,North Carolina State University at Raleigh,Raleigh,NC,27695-7001,"Raleigh, NC",35.785111,-78.674517,Public,1,Main campus,Available,Southeast,5,City,City: Large,1,27371,"20,000 or more"
199209,North Carolina Wesleyan University,Rocky Mount,NC,27804,"Rocky Mount, NC",36.019665,-77.773982,Private nonprofit,2,Main campus,Available,Southeast,5,City,City: Small,3,1214,"1,000 to 4,999"
199218,University of North Carolina Wilmington,Wilmington,NC,28403-5963,"Wilmington, NC",34.225223,-77.875527,Public,1,Main campus,Available,Southeast,5,City,City: Midsize,2,14922,"10,000 to 19,999"
199272,William Peace University,Raleigh,NC,27604-1194,"Raleigh, NC",35.789139,-78.637697,Private nonprofit,2,Main campus,Available,Southeast,5,City,City: Large,1,666,"Fewer than 1,000"
199281,University of North Carolina at Pembroke,Pembroke,NC,28372-1510,"Pembroke, NC",34.688313,-79.200347,Public,1,Main campus,Available,Southeast,5,Town,Town: Distant,8,5330,"5,000 to 9,999"
199306,Pfeiffer University,Misenheimer,NC,28109-0960,"Misenheimer, NC",35.484696,-80.283168,Private nonprofit,2,Main campus,Available,Southeast,5,Rural,Rural: Fringe,10,655,"Fewer than 1,000"
199412,Queens University of Charlotte,Charlotte,NC,28274,"Charlotte, NC",35.189051,-80.833509,Private nonprofit,2,Main campus,Available,Southeast,5,City,City: Large,1,1211,"1,000 to 4,999"
199458,Mid-Atlantic Christian University,Elizabeth City,NC,27909-4054,"Elizabeth City, NC",36.303812,-76.216483,Private nonprofit,2,Main campus,Available,Southeast,5,Town,Town: Distant,8,132,"Fewer than 1,000"
199582,Saint Augustine's University,Raleigh,NC,27610-2298,"Raleigh, NC",35.785468,-78.621301,Private nonprofit,2,Main campus,Available,Southeast,5,City,City: Large,1,172,"Fewer than 1,000"
199607,Salem College,Winston-Salem,NC,27101,"Winston-Salem, NC",36.086271,-80.241297,Private nonprofit,2,Main campus,Available,Southeast,5,City,City: Large,1,423,"Fewer than 1,000"
199643,Shaw University,Raleigh,NC,27601,"Raleigh, NC",35.771181,-78.637693,Private nonprofit,2,Main campus,Available,Southeast,5,City,City: Large,1,875,"Fewer than 1,000"
199759,Southeastern Baptist Theological Seminary,Wake Forest,NC,27587-1889,"Wake Forest, NC",35.981858,-78.513755,Private nonprofit,2,Main campus,Available,Southeast,5,Suburb,Suburb: Large,4,585,"Fewer than 1,000"
199847,Wake Forest University,Winston-Salem,NC,27106,"Winston-Salem, NC",36.133609,-80.277446,Private nonprofit,2,Main campus,Available,Southeast,5,City,City: Large,1,5485,"5,000 to 9,999"
199865,Warren Wilson College,Swannanoa,NC,28778-2099,"Swannanoa, NC",35.610328,-82.442619,Private nonprofit,2,Main campus,Available,Southeast,5,Rural,Rural: Fringe,10,707,"Fewer than 1,000"
199883,Watts College of Nursing,Durham,NC,27710,"Durham, NC",36.027649,-78.9413,Private nonprofit,2,Main campus,Unavailable,Southeast,5,City,City: Large,1,124,"Fewer than 1,000"
199962,Wingate University,Wingate,NC,28174-0159,"Wingate, NC",34.986064,-80.44305,Private nonprofit,2,Main campus,Available,Southeast,5,Suburb,Suburb: Large,4,2668,"1,000 to 4,999"
199971,Carolina Christian College,Winston Salem,NC,27105,"Winston Salem, NC",36.146168,-80.256252,Private nonprofit,2,Main campus,Unavailable,Southeast,5,City,City: Large,1,52,"Fewer than 1,000"
199999,Winston-Salem State University,Winston-Salem,NC,27110-0001,"Winston-Salem, NC",36.089554,-80.225033,Public,1,Main campus,Available,Southeast,5,City,City: Large,1,4170,"1,000 to 4,999"
200004,Western Carolina University,Cullowhee,NC,28723-9646,"Cullowhee, NC",35.308979,-83.186258,Public,1,Main campus,Available,Southeast,5,Town,Town: Distant,8,10024,"10,000 to 19,999"
200059,Dickinson State University,Dickinson,ND,58601-4896,"Dickinson, ND",46.882917,-102.799679,Public,1,Main campus,Available,Plains,4,Town,Town: Remote,9,1090,"1,000 to 4,999"
200156,University of Jamestown,Jamestown,ND,58405,"Jamestown, ND",46.914302,-98.698416,Private nonprofit,2,Main campus,Available,Plains,4,Town,Town: Remote,9,1041,"1,000 to 4,999"
200217,University of Mary,Bismarck,ND,58504,"Bismarck, ND",46.723767,-100.75274,Private nonprofit,2,Main campus,Available,Plains,4,Rural,Rural: Fringe,10,2416,"1,000 to 4,999"
200226,Mayville State University,Mayville,ND,58257-1299,"Mayville, ND",47.505415,-97.322554,Public,1,Main campus,Unavailable,Plains,4,Rural,Rural: Remote,12,733,"Fewer than 1,000"
200253,Minot State University,Minot,ND,58707,"Minot, ND",48.246961,-101.29861,Public,1,Main campus,Available,Plains,4,City,City: Small,3,2062,"1,000 to 4,999"
200280,University of North Dakota,Grand Forks,ND,58202-8193,"Grand Forks, ND",47.921654,-97.071738,Public,1,Main campus,Available,Plains,4,City,City: Small,3,9981,"5,000 to 9,999"
200332,North Dakota State University-Main Campus,Fargo,ND,58108-6050,"Fargo, ND",46.893127,-96.800838,Public,1,Main campus,Available,Plains,4,City,City: Midsize,2,9471,"5,000 to 9,999"
200484,Trinity Bible College and Graduate School,Ellendale,ND,58436-7105,"Ellendale, ND",46.001037,-98.517906,Private nonprofit,2,Main campus,Available,Plains,4,Rural,Rural: Remote,12,141,"Fewer than 1,000"
200572,Valley City State University,Valley City,ND,58072,"Valley City, ND",46.918517,-98.00389,Public,1,Main campus,Available,Plains,4,Town,Town: Remote,9,958,"Fewer than 1,000"
200800,University of Akron Main Campus,Akron,OH,44325-2102,"Akron, OH",41.075923,-81.511167,Public,1,Main campus,Available,Great Lakes,3,City,City: Midsize,2,9052,"5,000 to 9,999"
200846,University of Akron Wayne College,Orrville,OH,44667,"Orrville, OH",40.861519,-81.789979,Public,1,Non-main campus,Available,Great Lakes,3,Rural,Rural: Fringe,10,457,"Fewer than 1,000"
200873,Allegheny Wesleyan College,Salem,OH,44460-9598,"Salem, OH",40.86722,-80.861232,Private nonprofit,2,Main campus,Unavailable,Great Lakes,3,Rural,Rural: Fringe,10,46,"Fewer than 1,000"
201061,Art Academy of Cincinnati,Cincinnati,OH,45202-1706,"Cincinnati, OH",39.108805,-84.513913,Private nonprofit,2,Main campus,Available,Great Lakes,3,City,City: Large,1,205,"Fewer than 1,000"
201104,Ashland University,Ashland,OH,44805,"Ashland, OH",40.861755,-82.321061,Private nonprofit,2,Main campus,Available,Great Lakes,3,Town,Town: Fringe,7,2199,"1,000 to 4,999"
201195,Baldwin Wallace University,Berea,OH,44017-2088,"Berea, OH",41.373017,-81.851145,Private nonprofit,2,Main campus,Available,Great Lakes,3,Suburb,Suburb: Large,4,2842,"1,000 to 4,999"
201371,Bluffton University,Bluffton,OH,45817-2104,"Bluffton, OH",40.895606,-83.899439,Private nonprofit,2,Main campus,Available,Great Lakes,3,Rural,Rural: Distant,11,582,"Fewer than 1,000"
201441,Bowling Green State University-Main Campus,Bowling Green,OH,43403,"Bowling Green, OH",41.375513,-83.640896,Public,1,Main campus,Available,Great Lakes,3,Town,Town: Fringe,7,12812,"10,000 to 19,999"
201548,Capital University,Columbus,OH,43209-2394,"Columbus, OH",39.954875,-82.937867,Private nonprofit,2,Main campus,Available,Great Lakes,3,Suburb,Suburb: Large,4,1585,"1,000 to 4,999"
201645,Case Western Reserve University,Cleveland,OH,44106,"Cleveland, OH",41.507419,-81.609596,Private nonprofit,2,Main campus,Available,Great Lakes,3,City,City: Large,1,6437,"5,000 to 9,999"
201654,Cedarville University,Cedarville,OH,45314-0601,"Cedarville, OH",39.749237,-83.814692,Private nonprofit,2,Main campus,Available,Great Lakes,3,Rural,Rural: Distant,11,4024,"1,000 to 4,999"
201690,Central State University,Wilberforce,OH,45384-1004,"Wilberforce, OH",39.715787,-83.880186,Public,1,Main campus,Available,Great Lakes,3,Rural,Rural: Fringe,10,2620,"1,000 to 4,999"
201821,The Christ College of Nursing and Health Sciences,Cincinnati,OH,45219-2989,"Cincinnati, OH",39.121821,-84.509564,Private nonprofit,2,Main campus,Available,Great Lakes,3,City,City: Large,1,713,"Fewer than 1,000"
201867,Cincinnati College of Mortuary Science,Cincinnati,OH,45224-1462,"Cincinnati, OH",39.206578,-84.505604,Private nonprofit,2,Main campus,Unavailable,Great Lakes,3,Suburb,Suburb: Large,4,107,"Fewer than 1,000"
201885,University of Cincinnati-Main Campus,Cincinnati,OH,45221-0063,"Cincinnati, OH",39.131159,-84.51428,Public,1,Main campus,Available,Great Lakes,3,City,City: Large,1,29882,"20,000 or more"
201964,Ohio Christian University,Circleville,OH,43113-9487,"Circleville, OH",39.613155,-82.904885,Private nonprofit,2,Main campus,Available,Great Lakes,3,Rural,Rural: Fringe,10,862,"Fewer than 1,000"
202046,Cleveland Institute of Art,Cleveland,OH,44106-1710,"Cleveland, OH",41.510435,-81.602416,Private nonprofit,2,Main campus,Available,Great Lakes,3,City,City: Large,1,539,"Fewer than 1,000"
202073,Cleveland Institute of Music,Cleveland,OH,44106-1776,"Cleveland, OH",41.512444,-81.608878,Private nonprofit,2,Main campus,Available,Great Lakes,3,City,City: Large,1,159,"Fewer than 1,000"
202134,Cleveland State University,Cleveland,OH,44115-2214,"Cleveland, OH",41.502281,-81.674355,Public,1,Main campus,Available,Great Lakes,3,City,City: Large,1,8969,"5,000 to 9,999"
202170,Columbus College of Art & Design,Columbus,OH,43215,"Columbus, OH",39.966074,-82.989479,Private nonprofit,2,Main campus,Available,Great Lakes,3,City,City: Large,1,882,"Fewer than 1,000"
202480,University of Dayton,Dayton,OH,45469,"Dayton, OH",39.739547,-84.176113,Private nonprofit,2,Main campus,Available,Great Lakes,3,City,City: Midsize,2,7682,"5,000 to 9,999"
202514,Defiance College,Defiance,OH,43512,"Defiance, OH",41.296842,-84.357075,Private nonprofit,2,Main campus,Available,Great Lakes,3,Town,Town: Distant,8,499,"Fewer than 1,000"
202523,Denison University,Granville,OH,43023,"Granville, OH",40.071505,-82.523272,Private nonprofit,2,Main campus,Available,Great Lakes,3,Suburb,Suburb: Small,6,2380,"1,000 to 4,999"
202763,The University of Findlay,Findlay,OH,45840-3653,"Findlay, OH",41.053344,-83.652313,Private nonprofit,2,Main campus,Available,Great Lakes,3,Town,Town: Distant,8,2223,"1,000 to 4,999"
202806,Franklin University,Columbus,OH,43215-5399,"Columbus, OH",39.95831,-82.990375,Private nonprofit,2,Main campus,Unavailable,Great Lakes,3,City,City: Large,1,5562,"5,000 to 9,999"
203085,Heidelberg University,Tiffin,OH,44883-2462,"Tiffin, OH",41.114833,-83.168387,Private nonprofit,2,Main campus,Available,Great Lakes,3,Town,Town: Distant,8,915,"Fewer than 1,000"
203128,Hiram College,Hiram,OH,44234-0067,"Hiram, OH",41.3107,-81.143981,Private nonprofit,2,Main campus,Available,Great Lakes,3,Rural,Rural: Distant,11,777,"Fewer than 1,000"
203368,John Carroll University,University Heights,OH,44118-4538,"University Heights, OH",41.490259,-81.531224,Private nonprofit,2,Main campus,Available,Great Lakes,3,Suburb,Suburb: Large,4,2274,"1,000 to 4,999"
203517,Kent State University at Kent,Kent,OH,44242-0001,"Kent, OH",41.146653,-81.342533,Public,1,Main campus,Available,Great Lakes,3,Suburb,Suburb: Large,4,19320,"10,000 to 19,999"
203535,Kenyon College,Gambier,OH,43022,"Gambier, OH",40.374408,-82.397977,Private nonprofit,2,Main campus,Available,Great Lakes,3,Rural,Rural: Fringe,10,1732,"1,000 to 4,999"
203544,Kettering College,Kettering,OH,45429-1299,"Kettering, OH",39.695052,-84.192006,Private nonprofit,2,Main campus,Available,Great Lakes,3,City,City: Small,3,549,"Fewer than 1,000"
203580,Lake Erie College,Painesville,OH,44077-3389,"Painesville, OH",41.717841,-81.251817,Private nonprofit,2,Main campus,Available,Great Lakes,3,Suburb,Suburb: Large,4,852,"Fewer than 1,000"
203757,Lourdes University,Sylvania,OH,43560-2898,"Sylvania, OH",41.710009,-83.706108,Private nonprofit,2,Main campus,Available,Great Lakes,3,Suburb,Suburb: Large,4,543,"Fewer than 1,000"
203775,Malone University,Canton,OH,44709-3308,"Canton, OH",40.825662,-81.376863,Private nonprofit,2,Main campus,Available,Great Lakes,3,City,City: Small,3,798,"Fewer than 1,000"
203845,Marietta College,Marietta,OH,45750,"Marietta, OH",39.41668,-81.450045,Private nonprofit,2,Main campus,Available,Great Lakes,3,Town,Town: Fringe,7,952,"Fewer than 1,000"
203960,Mercy College of Ohio,Toledo,OH,43604-1132,"Toledo, OH",41.658319,-83.552538,Private nonprofit,2,Main campus,Available,Great Lakes,3,City,City: Large,1,939,"Fewer than 1,000"
204006,Miami University-Hamilton,Hamilton,OH,45011,"Hamilton, OH",39.377448,-84.563385,Public,1,Non-main campus,Unavailable,Great Lakes,3,Suburb,Suburb: Large,4,2043,"1,000 to 4,999"
204015,Miami University-Middletown,Middletown,OH,45042,"Middletown, OH",39.523776,-84.35724,Public,1,Non-main campus,Unavailable,Great Lakes,3,Suburb,Suburb: Small,6,837,"Fewer than 1,000"
204024,Miami University-Oxford,Oxford,OH,45056,"Oxford, OH",39.507757,-84.732954,Public,1,Main campus,Available,Great Lakes,3,Town,Town: Fringe,7,16656,"10,000 to 19,999"
204176,Mount Carmel College of Nursing,Columbus,OH,43222-1504,"Columbus, OH",39.956625,-83.021501,Private nonprofit,2,Main campus,Available,Great Lakes,3,City,City: Large,1,532,"Fewer than 1,000"
204185,University of Mount Union,Alliance,OH,44601-3929,"Alliance, OH",40.905256,-81.111029,Private nonprofit,2,Main campus,Available,Great Lakes,3,Town,Town: Fringe,7,1995,"1,000 to 4,999"
204194,Mount Vernon Nazarene University,Mount Vernon,OH,43050-9500,"Mount Vernon, OH",40.372901,-82.471074,Private nonprofit,2,Main campus,Available,Great Lakes,3,Town,Town: Distant,8,1358,"1,000 to 4,999"
204200,Mount St. Joseph University,Cincinnati,OH,45233-1670,"Cincinnati, OH",39.095893,-84.639453,Private nonprofit,2,Main campus,Available,Great Lakes,3,Suburb,Suburb: Large,4,1129,"1,000 to 4,999"
204264,Muskingum University,New Concord,OH,43762-1837,"New Concord, OH",39.996585,-81.737127,Private nonprofit,2,Main campus,Available,Great Lakes,3,Rural,Rural: Distant,11,1376,"1,000 to 4,999"
204501,Oberlin College,Oberlin,OH,44074,"Oberlin, OH",41.291992,-82.216795,Private nonprofit,2,Main campus,Available,Great Lakes,3,Town,Town: Fringe,7,2887,"1,000 to 4,999"
204617,Ohio Dominican University,Columbus,OH,43219,"Columbus, OH",39.992764,-82.940689,Private nonprofit,2,Main campus,Available,Great Lakes,3,City,City: Large,1,760,"Fewer than 1,000"
204635,Ohio Northern University,Ada,OH,45810-1599,"Ada, OH",40.7662,-83.827441,Private nonprofit,2,Main campus,Available,Great Lakes,3,Town,Town: Fringe,7,2489,"1,000 to 4,999"
204671,Ohio State University-Lima Campus,Lima,OH,45804,"Lima, OH",40.738521,-84.02384,Public,1,Non-main campus,Unavailable,Great Lakes,3,Rural,Rural: Fringe,10,621,"Fewer than 1,000"
204796,Ohio State University-Main Campus,Columbus,OH,43201,"Columbus, OH",39.999803,-83.007525,Public,1,Main campus,Available,Great Lakes,3,City,City: Large,1,45638,"20,000 or more"
204802,Ohio University-Eastern Campus,Saint Clairsville,OH,43950,"Saint Clairsville, OH",40.073392,-80.976073,Public,1,Non-main campus,Unavailable,Great Lakes,3,Rural,Rural: Fringe,10,298,"Fewer than 1,000"
204848,Ohio University-Lancaster Campus,Lancaster,OH,43130-1037,"Lancaster, OH",39.738752,-82.586069,Public,1,Non-main campus,Unavailable,Great Lakes,3,Rural,Rural: Fringe,10,691,"Fewer than 1,000"
204857,Ohio University-Main Campus,Athens,OH,45701-2979,"Athens, OH",39.326798,-82.100985,Public,1,Main campus,Available,Great Lakes,3,Town,Town: Distant,8,19633,"10,000 to 19,999"
204909,Ohio Wesleyan University,Delaware,OH,43015-2370,"Delaware, OH",40.295963,-83.069757,Private nonprofit,2,Main campus,Available,Great Lakes,3,Suburb,Suburb: Large,4,1516,"1,000 to 4,999"
204936,Otterbein University,Westerville,OH,43081,"Westerville, OH",40.125327,-82.936444,Private nonprofit,2,Main campus,Available,Great Lakes,3,Suburb,Suburb: Large,4,2157,"1,000 to 4,999"
205027,Pontifical College Josephinum,Columbus,OH,43235-1499,"Columbus, OH",40.120735,-83.018829,Private nonprofit,2,Main campus,Available,Great Lakes,3,City,City: Large,1,60,"Fewer than 1,000"
205124,Rabbinical College Telshe,Wickliffe,OH,44092,"Wickliffe, OH",41.593533,-81.485261,Private nonprofit,2,Main campus,Available,Great Lakes,3,Suburb,Suburb: Large,4,50,"Fewer than 1,000"
205443,Shawnee State University,Portsmouth,OH,45662,"Portsmouth, OH",38.730867,-82.993769,Public,1,Main campus,Unavailable,Great Lakes,3,Town,Town: Distant,8,2247,"1,000 to 4,999"
205957,Franciscan University of Steubenville,Steubenville,OH,43952-1763,"Steubenville, OH",40.376919,-80.620524,Private nonprofit,2,Main campus,Available,Great Lakes,3,City,City: Small,3,2901,"1,000 to 4,999"
206048,Tiffin University,Tiffin,OH,44883,"Tiffin, OH",41.118316,-83.184197,Private nonprofit,2,Main campus,Available,Great Lakes,3,Town,Town: Distant,8,2051,"1,000 to 4,999"
206084,University of Toledo,Toledo,OH,43606-3390,"Toledo, OH",41.660572,-83.614714,Public,1,Main campus,Available,Great Lakes,3,City,City: Large,1,9770,"5,000 to 9,999"
206154,Tri-State Bible College,South Point,OH,45680,"South Point, OH",38.426238,-82.579887,Private nonprofit,2,Main campus,Unavailable,Great Lakes,3,Suburb,Suburb: Midsize,5,17,"Fewer than 1,000"
206349,Ursuline College,Pepper Pike,OH,44124,"Pepper Pike, OH",41.497035,-81.465118,Private nonprofit,2,Main campus,Available,Great Lakes,3,Suburb,Suburb: Large,4,670,"Fewer than 1,000"
206437,Walsh University,North Canton,OH,44720-3396,"North Canton, OH",40.873908,-81.369931,Private nonprofit,2,Main campus,Available,Great Lakes,3,Suburb,Suburb: Large,4,1390,"1,000 to 4,999"
206491,Wilberforce University,Wilberforce,OH,45384-1001,"Wilberforce, OH",39.707291,-83.880595,Private nonprofit,2,Main campus,Available,Great Lakes,3,Rural,Rural: Fringe,10,822,"Fewer than 1,000"
206507,Wilmington College,Wilmington,OH,45177,"Wilmington, OH",39.444744,-83.818342,Private nonprofit,2,Main campus,Available,Great Lakes,3,Town,Town: Distant,8,1006,"1,000 to 4,999"
206525,Wittenberg University,Springfield,OH,45504,"Springfield, OH",39.934029,-83.815445,Private nonprofit,2,Main campus,Available,Great Lakes,3,City,City: Small,3,1215,"1,000 to 4,999"
206589,The College of Wooster,Wooster,OH,44691,"Wooster, OH",40.81046,-81.934674,Private nonprofit,2,Main campus,Available,Great Lakes,3,Town,Town: Distant,8,1730,"1,000 to 4,999"
206604,Wright State University-Main Campus,Dayton,OH,45435-0001,"Dayton, OH",39.780634,-84.064881,Public,1,Main campus,Available,Great Lakes,3,Suburb,Suburb: Large,4,6762,"5,000 to 9,999"
206613,Wright State University-Lake Campus,Celina,OH,45822,"Celina, OH",40.546074,-84.509194,Public,1,Non-main campus,Unavailable,Great Lakes,3,Rural,Rural: Fringe,10,892,"Fewer than 1,000"
206622,Xavier University,Cincinnati,OH,45207-1092,"Cincinnati, OH",39.149547,-84.47465,Private nonprofit,2,Main campus,Available,Great Lakes,3,City,City: Large,1,4207,"1,000 to 4,999"
206695,Youngstown State University,Youngstown,OH,44555-0001,"Youngstown, OH",41.104928,-80.64659,Public,1,Main campus,Available,Great Lakes,3,City,City: Small,3,7961,"5,000 to 9,999"
206835,Oklahoma Wesleyan University,Bartlesville,OK,74006-6299,"Bartlesville, OK",36.717453,-95.95671,Private nonprofit,2,Main campus,Available,Southwest,6,Town,Town: Distant,8,673,"Fewer than 1,000"
206862,Southern Nazarene University,Bethany,OK,73008,"Bethany, OK",35.513295,-97.629504,Private nonprofit,2,Main campus,Unavailable,Southwest,6,Suburb,Suburb: Large,4,1455,"1,000 to 4,999"
206914,Cameron University,Lawton,OK,73505-6377,"Lawton, OK",34.606487,-98.434163,Public,1,Main campus,Unavailable,Southwest,6,City,City: Small,3,2492,"1,000 to 4,999"
206941,University of Central Oklahoma,Edmond,OK,73034,"Edmond, OK",35.6552,-97.471508,Public,1,Main campus,Available,Southwest,6,Suburb,Suburb: Large,4,10170,"10,000 to 19,999"
207041,East Central University,Ada,OK,74820-6999,"Ada, OK",34.771934,-96.663849,Public,1,Main campus,Available,Southwest,6,Town,Town: Remote,9,2467,"1,000 to 4,999"
207157,Randall University,Moore,OK,73160,"Moore, OK",35.300757,-97.491107,Private nonprofit,2,Main campus,Available,Southwest,6,Suburb,Suburb: Large,4,267,"Fewer than 1,000"
207263,Northeastern State University,Tahlequah,OK,74464-2399,"Tahlequah, OK",35.919939,-94.967229,Public,1,Main campus,Available,Southwest,6,Town,Town: Remote,9,4772,"1,000 to 4,999"
207306,Northwestern Oklahoma State University,Alva,OK,73717-2799,"Alva, OK",36.796658,-98.667673,Public,1,Main campus,Available,Southwest,6,Town,Town: Remote,9,1498,"1,000 to 4,999"
207324,Oklahoma Christian University,Edmond,OK,73013,"Edmond, OK",35.611412,-97.469526,Private nonprofit,2,Main campus,Available,Southwest,6,City,City: Large,1,1885,"1,000 to 4,999"
207342,University of Oklahoma-Health Sciences Center,Oklahoma City,OK,73117-1221,"Oklahoma City, OK",35.47928,-97.496289,Public,1,Non-main campus,Unavailable,Southwest,6,City,City: Large,1,1214,"1,000 to 4,999"
207351,Oklahoma Panhandle State University,Goodwell,OK,73939-0430,"Goodwell, OK",36.594518,-101.638488,Public,1,Main campus,Unavailable,Southwest,6,Rural,Rural: Distant,11,917,"Fewer than 1,000"
207388,Oklahoma State University-Main Campus,Stillwater,OK,74078-1015,"Stillwater, OK",36.123085,-97.069743,Public,1,Main campus,Available,Southwest,6,Town,Town: Distant,8,21773,"20,000 or more"
207403,Oklahoma Baptist University,Shawnee,OK,74804,"Shawnee, OK",35.360492,-96.932459,Private nonprofit,2,Main campus,Available,Southwest,6,Town,Town: Distant,8,1308,"1,000 to 4,999"
207458,Oklahoma City University,Oklahoma City,OK,73106-1402,"Oklahoma City, OK",35.495271,-97.541242,Private nonprofit,2,Main campus,Available,Southwest,6,City,City: Large,1,1514,"1,000 to 4,999"
207500,University of Oklahoma-Norman Campus,Norman,OK,73019-3072,"Norman, OK",35.209407,-97.444211,Public,1,Main campus,Available,Southwest,6,Suburb,Suburb: Midsize,5,22734,"20,000 or more"
207582,Oral Roberts University,Tulsa,OK,74171,"Tulsa, OK",36.049129,-95.952547,Private nonprofit,2,Main campus,Available,Southwest,6,City,City: Large,1,3487,"1,000 to 4,999"
207661,Rogers State University,Claremore,OK,74017-3252,"Claremore, OK",36.321437,-95.635718,Public,1,Main campus,Unavailable,Southwest,6,Town,Town: Fringe,7,2657,"1,000 to 4,999"
207722,University of Science and Arts of Oklahoma,Chickasha,OK,73018-5322,"Chickasha, OK",35.031392,-97.95641,Public,1,Main campus,Available,Southwest,6,Town,Town: Distant,8,941,"Fewer than 1,000"
207847,Southeastern Oklahoma State University,Durant,OK,74701-3347,"Durant, OK",34.006808,-96.376864,Public,1,Main campus,Available,Southwest,6,Town,Town: Distant,8,3018,"1,000 to 4,999"
207856,Southwestern Christian University,Bethany,OK,73008,"Bethany, OK",35.513314,-97.63934,Private nonprofit,2,Main campus,Unavailable,Southwest,6,Suburb,Suburb: Large,4,377,"Fewer than 1,000"
207865,Southwestern Oklahoma State University,Weatherford,OK,73096-3001,"Weatherford, OK",35.535281,-98.707768,Public,1,Main campus,Unavailable,Southwest,6,Town,Town: Remote,9,3514,"1,000 to 4,999"
207971,University of Tulsa,Tulsa,OK,74104-3189,"Tulsa, OK",36.152324,-95.945941,Private nonprofit,2,Main campus,Available,Southwest,6,City,City: Large,1,2813,"1,000 to 4,999"
208646,Eastern Oregon University,La Grande,OR,97850,"La Grande, OR",45.319795,-118.092495,Public,1,Main campus,Available,Far West,8,Town,Town: Remote,9,2172,"1,000 to 4,999"
208725,New Hope Christian College-Eugene,Eugene,OR,97405,"Eugene, OR",44.032674,-123.15355,Private nonprofit,2,Main campus,Available,Far West,8,City,City: Midsize,2,56,"Fewer than 1,000"
208822,George Fox University,Newberg,OR,97132,"Newberg, OR",45.303629,-122.967494,Private nonprofit,2,Main campus,Available,Far West,8,Town,Town: Fringe,7,2699,"1,000 to 4,999"
209056,Lewis & Clark College,Portland,OR,97219-7899,"Portland, OR",45.450882,-122.669137,Private nonprofit,2,Main campus,Available,Far West,8,City,City: Large,1,2120,"1,000 to 4,999"
209065,Linfield University,McMinnville,OR,97128-6894,"McMinnville, OR",45.201173,-123.199642,Private nonprofit,2,Main campus,Available,Far West,8,Town,Town: Distant,8,1621,"1,000 to 4,999"
209241,Mount Angel Seminary,Saint Benedict,OR,97373,"Saint Benedict, OR",45.057871,-122.775405,Private nonprofit,2,Main campus,Available,Far West,8,Rural,Rural: Fringe,10,38,"Fewer than 1,000"
209296,National University of Natural Medicine,Portland,OR,97201-4848,"Portland, OR",45.501931,-122.6766,Private nonprofit,2,Main campus,Unavailable,Far West,8,City,City: Large,1,41,"Fewer than 1,000"
209409,Bushnell University,Eugene,OR,97401-3745,"Eugene, OR",44.047483,-123.079754,Private nonprofit,2,Main campus,Available,Far West,8,City,City: Midsize,2,517,"Fewer than 1,000"
209490,Oregon Health & Science University,Portland,OR,97239-3098,"Portland, OR",45.498772,-122.686096,Public,1,Main campus,Unavailable,Far West,8,City,City: Large,1,836,"Fewer than 1,000"
209506,Oregon Institute of Technology,Klamath Falls,OR,97601-8801,"Klamath Falls, OR",42.257152,-121.785177,Public,1,Main campus,Available,Far West,8,Town,Town: Remote,9,2892,"1,000 to 4,999"
209542,Oregon State University,Corvallis,OR,97331,"Corvallis, OR",44.56395,-123.274723,Public,1,Main campus,Available,Far West,8,City,City: Small,3,30743,"20,000 or more"
209551,University of Oregon,Eugene,OR,97403,"Eugene, OR",44.045146,-123.075792,Public,1,Main campus,Available,Far West,8,City,City: Midsize,2,20497,"20,000 or more"
209603,Pacific Northwest College of Art,Portland,OR,97209-3404,"Portland, OR",45.526766,-122.678182,Private nonprofit,2,Main campus,Available,Far West,8,City,City: Large,1,420,"Fewer than 1,000"
209612,Pacific University,Forest Grove,OR,97116,"Forest Grove, OR",45.521394,-123.108777,Private nonprofit,2,Main campus,Available,Far West,8,Suburb,Suburb: Large,4,1516,"1,000 to 4,999"
209807,Portland State University,Portland,OR,97201,"Portland, OR",45.511601,-122.686289,Public,1,Main campus,Available,Far West,8,City,City: Large,1,13182,"10,000 to 19,999"
209825,University of Portland,Portland,OR,97203-5798,"Portland, OR",45.572724,-122.726691,Private nonprofit,2,Main campus,Available,Far West,8,City,City: Large,1,2957,"1,000 to 4,999"
209922,Reed College,Portland,OR,97202-8199,"Portland, OR",45.480959,-122.630348,Private nonprofit,2,Main campus,Available,Far West,8,City,City: Large,1,1320,"1,000 to 4,999"
210146,Southern Oregon University,Ashland,OR,97520,"Ashland, OR",42.185077,-122.695081,Public,1,Main campus,Available,Far West,8,Suburb,Suburb: Midsize,5,2751,"1,000 to 4,999"
210304,Warner Pacific University,Portland,OR,97215,"Portland, OR",45.506265,-122.592498,Private nonprofit,2,Main campus,Available,Far West,8,City,City: Large,1,375,"Fewer than 1,000"
210331,Corban University,Salem,OR,97317-9392,"Salem, OR",44.882399,-122.961129,Private nonprofit,2,Main campus,Available,Far West,8,City,City: Midsize,2,678,"Fewer than 1,000"
210401,Willamette University,Salem,OR,97301,"Salem, OR",44.935457,-123.030537,Private nonprofit,2,Main campus,Available,Far West,8,City,City: Midsize,2,1592,"1,000 to 4,999"
210429,Western Oregon University,Monmouth,OR,97361-1394,"Monmouth, OR",44.852235,-123.238309,Public,1,Main campus,Available,Far West,8,Town,Town: Fringe,7,3103,"1,000 to 4,999"
210492,Bryn Athyn College of the New Church,Bryn Athyn,PA,19009-0717,"Bryn Athyn, PA",40.134393,-75.060808,Private nonprofit,2,Main campus,Available,Mid East,2,Suburb,Suburb: Large,4,244,"Fewer than 1,000"
210571,Albright College,Reading,PA,19604,"Reading, PA",40.361351,-75.909742,Private nonprofit,2,Main campus,Available,Mid East,2,City,City: Small,3,1217,"1,000 to 4,999"
210669,Allegheny College,Meadville,PA,16335-3902,"Meadville, PA",41.64869,-80.147168,Private nonprofit,2,Main campus,Available,Mid East,2,Town,Town: Distant,8,1156,"1,000 to 4,999"
210739,DeSales University,Center Valley,PA,18034-9568,"Center Valley, PA",40.539091,-75.375608,Private nonprofit,2,Main campus,Available,Mid East,2,Suburb,Suburb: Large,4,2128,"1,000 to 4,999"
210775,Alvernia University,Reading,PA,19607-1799,"Reading, PA",40.310028,-75.936754,Private nonprofit,2,Main campus,Available,Mid East,2,City,City: Small,3,2152,"1,000 to 4,999"
211088,Arcadia University,Glenside,PA,19038-3295,"Glenside, PA",40.092606,-75.163876,Private nonprofit,2,Main campus,Available,Mid East,2,Suburb,Suburb: Large,4,1948,"1,000 to 4,999"
211273,Bryn Mawr College,Bryn Mawr,PA,19010,"Bryn Mawr, PA",40.02736,-75.313223,Private nonprofit,2,Main campus,Available,Mid East,2,Suburb,Suburb: Large,4,1359,"1,000 to 4,999"
211291,Bucknell University,Lewisburg,PA,17837,"Lewisburg, PA",40.954317,-76.882616,Private nonprofit,2,Main campus,Available,Mid East,2,Town,Town: Distant,8,3876,"1,000 to 4,999"
211431,Carlow University,Pittsburgh,PA,15213-3165,"Pittsburgh, PA",40.439293,-79.963448,Private nonprofit,2,Main campus,Available,Mid East,2,City,City: Large,1,1348,"1,000 to 4,999"
211440,Carnegie Mellon University,Pittsburgh,PA,15213-3890,"Pittsburgh, PA",40.44357,-79.941993,Private nonprofit,2,Main campus,Available,Mid East,2,City,City: Large,1,7304,"5,000 to 9,999"
211468,Cedar Crest College,Allentown,PA,18104-6196,"Allentown, PA",40.586318,-75.519221,Private nonprofit,2,Main campus,Available,Mid East,2,City,City: Midsize,2,834,"Fewer than 1,000"
211556,Chatham University,Pittsburgh,PA,15232,"Pittsburgh, PA",40.448432,-79.926083,Private nonprofit,2,Main campus,Available,Mid East,2,City,City: Large,1,1232,"1,000 to 4,999"
211583,Chestnut Hill College,Philadelphia,PA,19118-2693,"Philadelphia, PA",40.08678,-75.228742,Private nonprofit,2,Main campus,Available,Mid East,2,City,City: Large,1,815,"Fewer than 1,000"
211608,Cheyney University of Pennsylvania,Cheyney,PA,19319-0200,"Cheyney, PA",39.932274,-75.529262,Public,1,Main campus,Unavailable,Mid East,2,Rural,Rural: Fringe,10,617,"Fewer than 1,000"
211893,Curtis Institute of Music,Philadelphia,PA,19103,"Philadelphia, PA",39.948857,-75.170727,Private nonprofit,2,Main campus,Available,Mid East,2,City,City: Large,1,109,"Fewer than 1,000"
211981,Delaware Valley University,Doylestown,PA,18901-2697,"Doylestown, PA",40.298659,-75.158452,Private nonprofit,2,Main campus,Available,Mid East,2,Suburb,Suburb: Large,4,1628,"1,000 to 4,999"
212009,Dickinson College,Carlisle,PA,17013-2896,"Carlisle, PA",40.202796,-77.197854,Private nonprofit,2,Main campus,Available,Mid East,2,City,City: Small,3,2273,"1,000 to 4,999"
212054,Drexel University,Philadelphia,PA,19104,"Philadelphia, PA",39.955217,-75.190051,Private nonprofit,2,Main campus,Available,Mid East,2,City,City: Large,1,13233,"10,000 to 19,999"
212106,Duquesne University,Pittsburgh,PA,15282,"Pittsburgh, PA",40.43589,-79.993123,Private nonprofit,2,Main campus,Available,Mid East,2,City,City: Large,1,5350,"5,000 to 9,999"
212115,East Stroudsburg University of Pennsylvania,East Stroudsburg,PA,18301-2999,"East Stroudsburg, PA",40.99599,-75.173905,Public,1,Main campus,Available,Mid East,2,Town,Town: Fringe,7,4814,"1,000 to 4,999"
212133,Eastern University,Saint Davids,PA,19087-3696,"Saint Davids, PA",40.050448,-75.370316,Private nonprofit,2,Main campus,Available,Mid East,2,Suburb,Suburb: Large,4,2404,"1,000 to 4,999"
212197,Elizabethtown College,Elizabethtown,PA,17022-2298,"Elizabethtown, PA",40.149236,-76.593224,Private nonprofit,2,Main campus,Available,Mid East,2,Suburb,Suburb: Large,4,1868,"1,000 to 4,999"
212577,Franklin and Marshall College,Lancaster,PA,17604-3003,"Lancaster, PA",40.048045,-76.319037,Private nonprofit,2,Main campus,Available,Mid East,2,City,City: Small,3,1799,"1,000 to 4,999"
212601,Gannon University,Erie,PA,16541-0001,"Erie, PA",42.128403,-80.087166,Private nonprofit,2,Main campus,Available,Mid East,2,City,City: Small,3,2365,"1,000 to 4,999"
212656,Geneva College,Beaver Falls,PA,15010-3599,"Beaver Falls, PA",40.772518,-80.321826,Private nonprofit,2,Main campus,Unavailable,Mid East,2,Suburb,Suburb: Large,4,1096,"1,000 to 4,999"
212674,Gettysburg College,Gettysburg,PA,17325,"Gettysburg, PA",39.836597,-77.236792,Private nonprofit,2,Main campus,Available,Mid East,2,Town,Town: Fringe,7,2099,"1,000 to 4,999"
212771,Gratz College,Jenkintown,PA,19046,"Jenkintown, PA",40.067206,-75.133915,Private nonprofit,2,Main campus,Unavailable,Mid East,2,Suburb,Suburb: Large,4,143,"Fewer than 1,000"
212805,Grove City College,Grove City,PA,16127-2104,"Grove City, PA",41.1558,-80.081481,Private nonprofit,2,Main campus,Available,Mid East,2,Town,Town: Distant,8,2216,"1,000 to 4,999"
212832,Gwynedd Mercy University,Gwynedd Valley,PA,19437-0901,"Gwynedd Valley, PA",40.19774,-75.237224,Private nonprofit,2,Main campus,Available,Mid East,2,Suburb,Suburb: Large,4,1067,"1,000 to 4,999"
212911,Haverford College,Haverford,PA,19041-1392,"Haverford, PA",40.007452,-75.305207,Private nonprofit,2,Main campus,Available,Mid East,2,Suburb,Suburb: Large,4,1430,"1,000 to 4,999"
212984,Holy Family University,Philadelphia,PA,19114-2009,"Philadelphia, PA",40.060581,-74.986451,Private nonprofit,2,Main campus,Available,Mid East,2,City,City: Large,1,2464,"1,000 to 4,999"
213011,Immaculata University,Immaculata,PA,19345,"Immaculata, PA",40.027981,-75.570711,Private nonprofit,2,Main campus,Available,Mid East,2,Suburb,Suburb: Large,4,1320,"1,000 to 4,999"
213020,Indiana University of Pennsylvania,Indiana,PA,15705-1098,"Indiana, PA",40.617531,-79.159332,Public,1,Main campus,Available,Mid East,2,Town,Town: Distant,8,6764,"5,000 to 9,999"
213251,Juniata College,Huntingdon,PA,16652-2196,"Huntingdon, PA",40.500523,-78.017292,Private nonprofit,2,Main campus,Available,Mid East,2,Town,Town: Distant,8,1191,"1,000 to 4,999"
213303,Keystone College,La Plume,PA,18440-0200,"La Plume, PA",41.558969,-75.777456,Private nonprofit,2,Main campus,Available,Mid East,2,Suburb,Suburb: Large,4,771,"Fewer than 1,000"
213321,King's College,Wilkes-Barre,PA,18711-0801,"Wilkes-Barre, PA",41.250097,-75.879822,Private nonprofit,2,Main campus,Available,Mid East,2,City,City: Small,3,1484,"1,000 to 4,999"
213349,Kutztown University of Pennsylvania,Kutztown,PA,19530-0730,"Kutztown, PA",40.513561,-75.783933,Public,1,Main campus,Available,Mid East,2,Town,Town: Fringe,7,6180,"5,000 to 9,999"
213358,La Roche University,Pittsburgh,PA,15237-5898,"Pittsburgh, PA",40.568615,-80.014851,Private nonprofit,2,Main campus,Available,Mid East,2,Suburb,Suburb: Large,4,751,"Fewer than 1,000"
213367,La Salle University,Philadelphia,PA,19141-1199,"Philadelphia, PA",40.037979,-75.153061,Private nonprofit,2,Main campus,Available,Mid East,2,City,City: Large,1,1953,"1,000 to 4,999"
213385,Lafayette College,Easton,PA,18042-1768,"Easton, PA",40.69956,-75.209786,Private nonprofit,2,Main campus,Available,Mid East,2,Suburb,Suburb: Large,4,2757,"1,000 to 4,999"
213400,Lancaster Bible College,Lancaster,PA,17601-5036,"Lancaster, PA",40.075347,-76.287761,Private nonprofit,2,Main campus,Available,Mid East,2,Suburb,Suburb: Large,4,1569,"1,000 to 4,999"
213507,Lebanon Valley College,Annville,PA,17003-1400,"Annville, PA",40.330604,-76.514431,Private nonprofit,2,Main campus,Available,Mid East,2,Suburb,Suburb: Small,6,1684,"1,000 to 4,999"
213543,Lehigh University,Bethlehem,PA,18015,"Bethlehem, PA",40.606822,-75.380236,Private nonprofit,2,Main campus,Available,Mid East,2,City,City: Small,3,5898,"5,000 to 9,999"
213598,Lincoln University,Lincoln University,PA,19352-0999,"Lincoln University, PA",39.807723,-75.926458,Public,1,Main campus,Available,Mid East,2,Suburb,Suburb: Large,4,1539,"1,000 to 4,999"
213668,Lycoming College,Williamsport,PA,17701-5192,"Williamsport, PA",41.24666,-77,Private nonprofit,2,Main campus,Available,Mid East,2,City,City: Small,3,996,"Fewer than 1,000"
213826,Marywood University,Scranton,PA,18509-1598,"Scranton, PA",41.434587,-75.634142,Private nonprofit,2,Main campus,Available,Mid East,2,City,City: Small,3,1784,"1,000 to 4,999"
213987,Mercyhurst University,Erie,PA,16546,"Erie, PA",42.10578,-80.053412,Private nonprofit,2,Main campus,Available,Mid East,2,City,City: Small,3,2191,"1,000 to 4,999"
213996,Messiah University,Mechanicsburg,PA,17055,"Mechanicsburg, PA",40.156579,-76.988269,Private nonprofit,2,Main campus,Available,Mid East,2,Suburb,Suburb: Large,4,2259,"1,000 to 4,999"
214041,Millersville University of Pennsylvania,Millersville,PA,17551-0302,"Millersville, PA",40.000337,-76.357381,Public,1,Main campus,Available,Mid East,2,Suburb,Suburb: Large,4,5728,"5,000 to 9,999"
214069,Misericordia University,Dallas,PA,18612-1098,"Dallas, PA",41.345277,-75.971541,Private nonprofit,2,Main campus,Available,Mid East,2,Suburb,Suburb: Large,4,1672,"1,000 to 4,999"
214148,Moore College of Art and Design,Philadelphia,PA,19103-1179,"Philadelphia, PA",39.957078,-75.172105,Private nonprofit,2,Main campus,Available,Mid East,2,City,City: Large,1,535,"Fewer than 1,000"
214157,Moravian University,Bethlehem,PA,18018-6650,"Bethlehem, PA",40.630947,-75.383638,Private nonprofit,2,Main campus,Available,Mid East,2,City,City: Small,3,1949,"1,000 to 4,999"
214166,Mount Aloysius College,Cresson,PA,16630-1999,"Cresson, PA",40.459679,-78.600898,Private nonprofit,2,Main campus,Available,Mid East,2,Town,Town: Fringe,7,1094,"1,000 to 4,999"
214175,Muhlenberg College,Allentown,PA,18104,"Allentown, PA",40.596416,-75.508502,Private nonprofit,2,Main campus,Available,Mid East,2,City,City: Midsize,2,1727,"1,000 to 4,999"
214272,Neumann University,Aston,PA,19014-1298,"Aston, PA",39.874876,-75.440022,Private nonprofit,2,Main campus,Available,Mid East,2,Suburb,Suburb: Large,4,1533,"1,000 to 4,999"
214591,Pennsylvania State University-Penn State Erie-Behrend College,Erie,PA,16563-0001,"Erie, PA",42.119417,-79.983818,Public,1,Non-main campus,Available,Mid East,2,Suburb,Suburb: Midsize,5,3240,"1,000 to 4,999"
214625,Pennsylvania State University-Penn State New Kensington,New Kensington,PA,15068-1765,"New Kensington, PA",40.551056,-79.697461,Public,1,Non-main campus,Available,Mid East,2,Rural,Rural: Fringe,10,416,"Fewer than 1,000"
214634,Pennsylvania State University-Penn State Shenango,Sharon,PA,16146-1537,"Sharon, PA",41.235131,-80.50924,Public,1,Non-main campus,Available,Mid East,2,Town,Town: Fringe,7,256,"Fewer than 1,000"
214643,Pennsylvania State University-Penn State Wilkes-Barre,Dallas,PA,18627-0217,"Dallas, PA",41.305602,-76.016151,Public,1,Non-main campus,Available,Mid East,2,Rural,Rural: Fringe,10,313,"Fewer than 1,000"
214652,Pennsylvania State University-Penn State Scranton,Dunmore,PA,18512-1602,"Dunmore, PA",41.439843,-75.621401,Public,1,Non-main campus,Available,Mid East,2,Suburb,Suburb: Large,4,793,"Fewer than 1,000"
214670,Pennsylvania State University-Penn State Lehigh Valley,Center Valley,PA,18034-8447,"Center Valley, PA",40.559201,-75.40267,Public,1,Non-main campus,Available,Mid East,2,Suburb,Suburb: Large,4,859,"Fewer than 1,000"
214689,Pennsylvania State University-Penn State Altoona,Altoona,PA,16601-3777,"Altoona, PA",40.541759,-78.409601,Public,1,Non-main campus,Available,Mid East,2,City,City: Small,3,2367,"1,000 to 4,999"
214698,Pennsylvania State University-Penn State Beaver,Monaca,PA,15061-2764,"Monaca, PA",40.678271,-80.296316,Public,1,Non-main campus,Available,Mid East,2,Suburb,Suburb: Large,4,482,"Fewer than 1,000"
214704,Pennsylvania State University-Penn State Berks,Reading,PA,19610-1016,"Reading, PA",40.358839,-75.97329,Public,1,Non-main campus,Available,Mid East,2,Suburb,Suburb: Large,4,1872,"1,000 to 4,999"
214713,Pennsylvania State University-Penn State Harrisburg,Middletown,PA,17057-4846,"Middletown, PA",40.204253,-76.741216,Public,1,Non-main campus,Available,Mid East,2,Suburb,Suburb: Large,4,4031,"1,000 to 4,999"
214731,Pennsylvania State University-Penn State Brandywine,Media,PA,19063-5522,"Media, PA",39.927123,-75.449704,Public,1,Non-main campus,Available,Mid East,2,Suburb,Suburb: Large,4,1223,"1,000 to 4,999"
214740,Pennsylvania State University-Penn State DuBois,DuBois,PA,15801-2549,"DuBois, PA",41.127184,-78.751554,Public,1,Non-main campus,Available,Mid East,2,Town,Town: Remote,9,349,"Fewer than 1,000"
214759,Pennsylvania State University-Penn State Fayette- Eberly,Lemont Furnace,PA,15456-1025,"Lemont Furnace, PA",39.946455,-79.659317,Public,1,Non-main campus,Available,Mid East,2,Rural,Rural: Fringe,10,402,"Fewer than 1,000"
214768,Pennsylvania State University-Penn State Hazleton,Hazleton,PA,18202-8025,"Hazleton, PA",40.98396,-76.030975,Public,1,Non-main campus,Available,Mid East,2,Suburb,Suburb: Small,6,501,"Fewer than 1,000"
214777,Pennsylvania State University-Main Campus,University Park,PA,16802-1503,"University Park, PA",40.7965,-77.862848,Public,1,Main campus,Available,Mid East,2,City,City: Small,3,42284,"20,000 or more"
214786,Pennsylvania State University-Penn State Greater Allegheny,McKeesport,PA,15132-7644,"McKeesport, PA",40.345591,-79.827428,Public,1,Non-main campus,Available,Mid East,2,Suburb,Suburb: Large,4,349,"Fewer than 1,000"
214795,Pennsylvania State University-Penn State Mont Alto,Mont Alto,PA,17237-9700,"Mont Alto, PA",39.842212,-77.541797,Public,1,Non-main campus,Available,Mid East,2,Rural,Rural: Fringe,10,559,"Fewer than 1,000"
214801,Pennsylvania State University-Penn State Abington,Abington,PA,19001-3918,"Abington, PA",40.117101,-75.110724,Public,1,Non-main campus,Available,Mid East,2,Suburb,Suburb: Large,4,2877,"1,000 to 4,999"
214810,Pennsylvania State University-Penn State Schuylkill,Schuylkill Haven,PA,17972-2202,"Schuylkill Haven, PA",40.640512,-76.166374,Public,1,Non-main campus,Available,Mid East,2,Town,Town: Fringe,7,620,"Fewer than 1,000"
214829,Pennsylvania State University-Penn State York,York,PA,17403-3326,"York, PA",39.95283,-76.703486,Public,1,Non-main campus,Available,Mid East,2,Suburb,Suburb: Midsize,5,668,"Fewer than 1,000"
214883,Peirce College,Philadelphia,PA,19103-5443,"Philadelphia, PA",39.949623,-75.168105,Private nonprofit,2,Main campus,Unavailable,Mid East,2,City,City: Large,1,799,"Fewer than 1,000"
214971,Pennsylvania Academy of the Fine Arts,Philadelphia,PA,19102-1510,"Philadelphia, PA",39.955692,-75.163456,Private nonprofit,2,Main campus,Unavailable,Mid East,2,City,City: Large,1,23,"Fewer than 1,000"
215053,Pennsylvania College of Art and Design,Lancaster,PA,17603-0059,"Lancaster, PA",40.041152,-76.308769,Private nonprofit,2,Main campus,Available,Mid East,2,City,City: Small,3,400,"Fewer than 1,000"
215062,University of Pennsylvania,Philadelphia,PA,19104-6303,"Philadelphia, PA",39.950929,-75.19391,Private nonprofit,2,Main campus,Available,Mid East,2,City,City: Large,1,10650,"10,000 to 19,999"
215114,Cairn University-Langhorne,Langhorne,PA,19047-2990,"Langhorne, PA",40.165809,-74.909509,Private nonprofit,2,Main campus,Available,Mid East,2,Suburb,Suburb: Large,4,775,"Fewer than 1,000"
215266,University of Pittsburgh-Bradford,Bradford,PA,16701,"Bradford, PA",41.943415,-78.673701,Public,1,Non-main campus,Available,Mid East,2,Town,Town: Remote,9,995,"Fewer than 1,000"
215275,University of Pittsburgh-Greensburg,Greensburg,PA,15601-5860,"Greensburg, PA",40.276447,-79.532676,Public,1,Non-main campus,Available,Mid East,2,Suburb,Suburb: Large,4,1305,"1,000 to 4,999"
215284,University of Pittsburgh-Johnstown,Johnstown,PA,15904,"Johnstown, PA",40.265957,-78.834163,Public,1,Non-main campus,Available,Mid East,2,Suburb,Suburb: Small,6,1808,"1,000 to 4,999"
215293,University of Pittsburgh-Pittsburgh Campus,Pittsburgh,PA,15260,"Pittsburgh, PA",40.444388,-79.953254,Public,1,Main campus,Available,Mid East,2,City,City: Large,1,20370,"20,000 or more"
215442,Point Park University,Pittsburgh,PA,15222-1984,"Pittsburgh, PA",40.438768,-80.002061,Private nonprofit,2,Main campus,Available,Mid East,2,City,City: Large,1,2331,"1,000 to 4,999"
215655,Robert Morris University,Moon Township,PA,15108-1189,"Moon Township, PA",40.520415,-80.210468,Private nonprofit,2,Main campus,Available,Mid East,2,Suburb,Suburb: Large,4,2896,"1,000 to 4,999"
215691,Rosemont College,Rosemont,PA,19010-1699,"Rosemont, PA",40.033417,-75.32925,Private nonprofit,2,Main campus,Available,Mid East,2,Suburb,Suburb: Large,4,486,"Fewer than 1,000"
215743,Saint Francis University,Loretto,PA,15940,"Loretto, PA",40.506734,-78.63904,Private nonprofit,2,Main campus,Available,Mid East,2,Rural,Rural: Distant,11,1557,"1,000 to 4,999"
215770,Saint Joseph's University - Philadelphia,Philadelphia,PA,19131-1395,"Philadelphia, PA",39.994442,-75.238343,Private nonprofit,2,Main campus,Available,Mid East,2,City,City: Large,1,4948,"1,000 to 4,999"
215798,Saint Vincent College,Latrobe,PA,15650-2690,"Latrobe, PA",40.29265,-79.403762,Private nonprofit,2,Main campus,Available,Mid East,2,Suburb,Suburb: Large,4,1259,"1,000 to 4,999"
215929,University of Scranton,Scranton,PA,18510-4699,"Scranton, PA",41.406556,-75.656915,Private nonprofit,2,Main campus,Available,Mid East,2,City,City: Small,3,3554,"1,000 to 4,999"
215947,Seton Hill University,Greensburg,PA,15601,"Greensburg, PA",40.309407,-79.557433,Private nonprofit,2,Main campus,Available,Mid East,2,Suburb,Suburb: Large,4,1492,"1,000 to 4,999"
216010,Shippensburg University of Pennsylvania,Shippensburg,PA,17257-2299,"Shippensburg, PA",40.057933,-77.522335,Public,1,Main campus,Available,Mid East,2,Town,Town: Fringe,7,4086,"1,000 to 4,999"
216038,Slippery Rock University of Pennsylvania,Slippery Rock,PA,16057-1383,"Slippery Rock, PA",41.062719,-80.045965,Public,1,Main campus,Available,Mid East,2,Town,Town: Distant,8,6788,"5,000 to 9,999"
216047,Saint Charles Borromeo Seminary-Overbrook,Ambler,PA,19002,"Ambler, PA",40.201235,-75.231732,Private nonprofit,2,Main campus,Available,Mid East,2,Suburb,Suburb: Large,4,38,"Fewer than 1,000"
216278,Susquehanna University,Selinsgrove,PA,17870-1025,"Selinsgrove, PA",40.797502,-76.875329,Private nonprofit,2,Main campus,Available,Mid East,2,Town,Town: Distant,8,2163,"1,000 to 4,999"
216287,Swarthmore College,Swarthmore,PA,19081,"Swarthmore, PA",39.905159,-75.354278,Private nonprofit,2,Main campus,Available,Mid East,2,Suburb,Suburb: Large,4,1613,"1,000 to 4,999"
216311,Talmudical Yeshiva of Philadelphia,Philadelphia,PA,19131,"Philadelphia, PA",39.989249,-75.247964,Private nonprofit,2,Main campus,Available,Mid East,2,City,City: Large,1,112,"Fewer than 1,000"
216339,Temple University,Philadelphia,PA,19122-6096,"Philadelphia, PA",39.980546,-75.156859,Public,1,Main campus,Available,Mid East,2,City,City: Large,1,20970,"20,000 or more"
216357,Thiel College,Greenville,PA,16125-2181,"Greenville, PA",41.41354,-80.384383,Private nonprofit,2,Main campus,Available,Mid East,2,Town,Town: Distant,8,788,"Fewer than 1,000"
216366,Thomas Jefferson University,Philadelphia,PA,19107,"Philadelphia, PA",39.948274,-75.158266,Private nonprofit,2,Main campus,Available,Mid East,2,City,City: Large,1,3755,"1,000 to 4,999"
216524,Ursinus College,Collegeville,PA,19426-1000,"Collegeville, PA",40.193023,-75.456505,Private nonprofit,2,Main campus,Available,Mid East,2,Suburb,Suburb: Large,4,1491,"1,000 to 4,999"
216542,University of Valley Forge,Phoenixville,PA,19460-2373,"Phoenixville, PA",40.117835,-75.5469,Private nonprofit,2,Main campus,Available,Mid East,2,Suburb,Suburb: Large,4,471,"Fewer than 1,000"
216597,Villanova University,Villanova,PA,19085-1699,"Villanova, PA",40.036463,-75.340502,Private nonprofit,2,Main campus,Available,Mid East,2,Suburb,Suburb: Large,4,6938,"5,000 to 9,999"
216667,Washington & Jefferson College,Washington,PA,15301,"Washington, PA",40.170622,-80.24049,Private nonprofit,2,Main campus,Available,Mid East,2,Suburb,Suburb: Large,4,1295,"1,000 to 4,999"
216694,Waynesburg University,Waynesburg,PA,15370-1257,"Waynesburg, PA",39.899871,-80.186205,Private nonprofit,2,Main campus,Available,Mid East,2,Town,Town: Distant,8,1009,"1,000 to 4,999"
216764,West Chester University of Pennsylvania,West Chester,PA,19383,"West Chester, PA",39.953398,-75.59812,Public,1,Main campus,Available,Mid East,2,Suburb,Suburb: Large,4,14164,"10,000 to 19,999"
216807,Westminster College,New Wilmington,PA,16172,"New Wilmington, PA",41.119272,-80.331017,Private nonprofit,2,Main campus,Available,Mid East,2,Rural,Rural: Distant,11,1041,"1,000 to 4,999"
216852,Widener University,Chester,PA,19013-5792,"Chester, PA",39.861689,-75.355363,Private nonprofit,2,Main campus,Available,Mid East,2,Suburb,Suburb: Large,4,2951,"1,000 to 4,999"
216931,Wilkes University,Wilkes-Barre,PA,18766,"Wilkes-Barre, PA",41.244199,-75.890262,Private nonprofit,2,Main campus,Available,Mid East,2,City,City: Small,3,1985,"1,000 to 4,999"
217013,Wilson College,Chambersburg,PA,17201-1285,"Chambersburg, PA",39.949659,-77.650712,Private nonprofit,2,Main campus,Available,Mid East,2,City,City: Small,3,865,"Fewer than 1,000"
217059,York College of Pennsylvania,York,PA,17403-3651,"York, PA",39.94614,-76.727984,Private nonprofit,2,Main campus,Available,Mid East,2,Suburb,Suburb: Midsize,5,3265,"1,000 to 4,999"
217156,Brown University,Providence,RI,2912,"Providence, RI",41.82617,-71.40385,Private nonprofit,2,Main campus,Available,New England,1,City,City: Midsize,2,7226,"5,000 to 9,999"
217165,Bryant University,Smithfield,RI,02917-1291,"Smithfield, RI",41.920092,-71.539547,Private nonprofit,2,Main campus,Available,New England,1,Suburb,Suburb: Large,4,3194,"1,000 to 4,999"
217235,Johnson & Wales University-Providence,Providence,RI,02903-3703,"Providence, RI",41.819956,-71.41277,Private nonprofit,2,Main campus,Available,New England,1,City,City: Midsize,2,3868,"1,000 to 4,999"
217402,Providence College,Providence,RI,02918-0001,"Providence, RI",41.842742,-71.437446,Private nonprofit,2,Main campus,Available,New England,1,City,City: Midsize,2,4229,"1,000 to 4,999"
217420,Rhode Island College,Providence,RI,2908,"Providence, RI",41.842415,-71.46556,Public,1,Main campus,Available,New England,1,Suburb,Suburb: Large,4,5049,"5,000 to 9,999"
217484,University of Rhode Island,Kingston,RI,2881,"Kingston, RI",41.484691,-71.527356,Public,1,Main campus,Available,New England,1,Suburb,Suburb: Large,4,13381,"10,000 to 19,999"
217493,Rhode Island School of Design,Providence,RI,02903-2784,"Providence, RI",41.827114,-71.409309,Private nonprofit,2,Main campus,Available,New England,1,City,City: Midsize,2,2084,"1,000 to 4,999"
217518,Roger Williams University,Bristol,RI,02809-2921,"Bristol, RI",41.650214,-71.260374,Private nonprofit,2,Main campus,Available,New England,1,Suburb,Suburb: Large,4,3946,"1,000 to 4,999"
217536,Salve Regina University,Newport,RI,02840-4192,"Newport, RI",41.471545,-71.30124,Private nonprofit,2,Main campus,Available,New England,1,Suburb,Suburb: Large,4,2121,"1,000 to 4,999"
217606,Northpoint Bible College,Haverhill,MA,1835,"Haverhill, MA",42.765357,-71.079335,Private nonprofit,2,Main campus,Unavailable,New England,1,Suburb,Suburb: Large,4,86,"Fewer than 1,000"
217624,Allen University,Columbia,SC,29204,"Columbia, SC",34.010348,-81.020045,Private nonprofit,2,Main campus,Available,Southeast,5,City,City: Midsize,2,576,"Fewer than 1,000"
217633,Anderson University,Anderson,SC,29621-4035,"Anderson, SC",34.5152,-82.640358,Private nonprofit,2,Main campus,Available,Southeast,5,City,City: Small,3,3183,"1,000 to 4,999"
217688,Charleston Southern University,Charleston,SC,29406-9121,"Charleston, SC",32.983047,-80.072587,Private nonprofit,2,Main campus,Available,Southeast,5,City,City: Midsize,2,2893,"1,000 to 4,999"
217721,Benedict College,Columbia,SC,29204-1086,"Columbia, SC",34.012941,-81.020403,Private nonprofit,2,Main campus,Available,Southeast,5,City,City: Midsize,2,1536,"1,000 to 4,999"
217749,Bob Jones University,Greenville,SC,29614-0001,"Greenville, SC",34.874016,-82.365838,Private nonprofit,2,Main campus,Unavailable,Southeast,5,City,City: Small,3,2005,"1,000 to 4,999"
217776,Southern Wesleyan University,Central,SC,29630-1020,"Central, SC",34.728068,-82.761586,Private nonprofit,2,Main campus,Available,Southeast,5,Suburb,Suburb: Midsize,5,747,"Fewer than 1,000"
217819,College of Charleston,Charleston,SC,29424-0001,"Charleston, SC",32.784225,-79.939794,Public,1,Main campus,Available,Southeast,5,City,City: Midsize,2,10558,"10,000 to 19,999"
217864,Citadel Military College of South Carolina,Charleston,SC,29409,"Charleston, SC",32.797183,-79.958775,Public,1,Main campus,Available,Southeast,5,City,City: Midsize,2,2705,"1,000 to 4,999"
217873,Claflin University,Orangeburg,SC,29115-4498,"Orangeburg, SC",33.498444,-80.854319,Private nonprofit,2,Main campus,Available,Southeast,5,Town,Town: Distant,8,1706,"1,000 to 4,999"
217882,Clemson University,Clemson,SC,29634,"Clemson, SC",34.679381,-82.835114,Public,1,Main campus,Available,Southeast,5,Suburb,Suburb: Midsize,5,23300,"20,000 or more"
217891,Clinton College,Rock Hill,SC,29730,"Rock Hill, SC",34.913721,-81.043469,Private nonprofit,2,Main campus,Unavailable,Southeast,5,City,City: Small,3,126,"Fewer than 1,000"
217907,Coker University,Hartsville,SC,29550,"Hartsville, SC",34.37696,-80.070416,Private nonprofit,2,Main campus,Available,Southeast,5,Town,Town: Distant,8,840,"Fewer than 1,000"
217925,Columbia International University,Columbia,SC,29203-1513,"Columbia, SC",34.07551,-81.07443,Private nonprofit,2,Main campus,Available,Southeast,5,City,City: Midsize,2,716,"Fewer than 1,000"
217934,Columbia College,Columbia,SC,29203,"Columbia, SC",34.045581,-81.029967,Private nonprofit,2,Main campus,Available,Southeast,5,City,City: Midsize,2,1343,"1,000 to 4,999"
217961,Converse University,Spartanburg,SC,29302-0006,"Spartanburg, SC",34.955534,-81.917881,Private nonprofit,2,Main campus,Available,Southeast,5,City,City: Small,3,1173,"1,000 to 4,999"
217998,Erskine College,Due West,SC,29639,"Due West, SC",34.332087,-82.39095,Private nonprofit,2,Main campus,Available,Southeast,5,Rural,Rural: Distant,11,766,"Fewer than 1,000"
218061,Francis Marion University,Florence,SC,29506,"Florence, SC",34.189777,-79.652854,Public,1,Main campus,Available,Southeast,5,Rural,Rural: Fringe,10,2628,"1,000 to 4,999"
218070,Furman University,Greenville,SC,29613-6162,"Greenville, SC",34.924676,-82.440458,Private nonprofit,2,Main campus,Available,Southeast,5,Suburb,Suburb: Large,4,2379,"1,000 to 4,999"
218229,Lander University,Greenwood,SC,29649-2099,"Greenwood, SC",34.199892,-82.164736,Public,1,Main campus,Available,Southeast,5,Town,Town: Distant,8,3397,"1,000 to 4,999"
218335,Medical University of South Carolina,Charleston,SC,29425,"Charleston, SC",32.784363,-79.947158,Public,1,Main campus,Unavailable,Southeast,5,City,City: Midsize,2,303,"Fewer than 1,000"
218399,Morris College,Sumter,SC,29150-3599,"Sumter, SC",33.938574,-80.346155,Private nonprofit,2,Main campus,Unavailable,Southeast,5,City,City: Small,3,383,"Fewer than 1,000"
218414,Newberry College,Newberry,SC,29108,"Newberry, SC",34.285868,-81.619777,Private nonprofit,2,Main campus,Available,Southeast,5,Town,Town: Distant,8,1479,"1,000 to 4,999"
218441,North Greenville University,Tigerville,SC,29688-1892,"Tigerville, SC",35.069758,-82.37026,Private nonprofit,2,Main campus,Available,Southeast,5,Rural,Rural: Fringe,10,1819,"1,000 to 4,999"
218539,Presbyterian College,Clinton,SC,29325,"Clinton, SC",34.465834,-81.87448,Private nonprofit,2,Main campus,Available,Southeast,5,Town,Town: Distant,8,852,"Fewer than 1,000"
218645,University of South Carolina Aiken,Aiken,SC,29801,"Aiken, SC",33.572704,-81.767612,Public,1,Main campus,Available,Southeast,5,Suburb,Suburb: Large,4,2962,"1,000 to 4,999"
218654,University of South Carolina Beaufort,Bluffton,SC,29909,"Bluffton, SC",32.303308,-80.973595,Public,1,Main campus,Available,Southeast,5,Town,Town: Fringe,7,2052,"1,000 to 4,999"
218663,University of South Carolina-Columbia,Columbia,SC,29208,"Columbia, SC",33.996788,-81.026935,Public,1,Main campus,Available,Southeast,5,City,City: Midsize,2,29820,"20,000 or more"
218724,Coastal Carolina University,Conway,SC,29526,"Conway, SC",33.794995,-79.011767,Public,1,Main campus,Available,Southeast,5,City,City: Small,3,10377,"10,000 to 19,999"
218733,South Carolina State University,Orangeburg,SC,29117-0001,"Orangeburg, SC",33.497968,-80.848722,Public,1,Main campus,Available,Southeast,5,Town,Town: Distant,8,2934,"1,000 to 4,999"
218742,University of South Carolina-Upstate,Spartanburg,SC,29303-4999,"Spartanburg, SC",34.996403,-81.970583,Public,1,Main campus,Available,Southeast,5,Suburb,Suburb: Midsize,5,4038,"1,000 to 4,999"
218919,Voorhees University,Denmark,SC,29042,"Denmark, SC",33.307199,-81.127863,Private nonprofit,2,Main campus,Unavailable,Southeast,5,Rural,Rural: Remote,12,440,"Fewer than 1,000"
218964,Winthrop University,Rock Hill,SC,29733,"Rock Hill, SC",34.941515,-81.031404,Public,1,Main campus,Available,Southeast,5,City,City: Small,3,3523,"1,000 to 4,999"
218973,Wofford College,Spartanburg,SC,29303-3663,"Spartanburg, SC",34.959411,-81.933568,Private nonprofit,2,Main campus,Available,Southeast,5,City,City: Small,3,1816,"1,000 to 4,999"
219000,Augustana University,Sioux Falls,SD,57197-0001,"Sioux Falls, SD",43.525148,-96.736975,Private nonprofit,2,Main campus,Available,Plains,4,City,City: Midsize,2,1965,"1,000 to 4,999"
219046,Black Hills State University,Spearfish,SD,57799-9500,"Spearfish, SD",44.494889,-103.870966,Public,1,Main campus,Available,Plains,4,Town,Town: Distant,8,1928,"1,000 to 4,999"
219082,Dakota State University,Madison,SD,57042-1799,"Madison, SD",44.013014,-97.113358,Public,1,Main campus,Available,Plains,4,Town,Town: Distant,8,2071,"1,000 to 4,999"
219091,Dakota Wesleyan University,Mitchell,SD,57301-4398,"Mitchell, SD",43.697432,-98.031188,Private nonprofit,2,Main campus,Available,Plains,4,Town,Town: Remote,9,670,"Fewer than 1,000"
219198,Mount Marty University,Yankton,SD,57078-3724,"Yankton, SD",42.874475,-97.409904,Private nonprofit,2,Main campus,Available,Plains,4,Town,Town: Remote,9,697,"Fewer than 1,000"
219204,National American University-Rapid City,Rapid City,SD,57702,"Rapid City, SD",44.061498,-103.286487,Private for-profit,3,Main campus,Unavailable,Plains,4,City,City: Small,3,764,"Fewer than 1,000"
219240,Kairos University,Sioux Falls,SD,57105,"Sioux Falls, SD",43.525446,-96.735896,Private nonprofit,2,Main campus,Available,Plains,4,City,City: Midsize,2,82,"Fewer than 1,000"
219259,Northern State University,Aberdeen,SD,57401-7198,"Aberdeen, SD",45.450829,-98.484728,Public,1,Main campus,Available,Plains,4,Town,Town: Remote,9,1273,"1,000 to 4,999"
219347,South Dakota School of Mines and Technology,Rapid City,SD,57701-3995,"Rapid City, SD",44.075439,-103.205753,Public,1,Main campus,Available,Plains,4,City,City: Small,3,2071,"1,000 to 4,999"
219356,South Dakota State University,Brookings,SD,57007-1898,"Brookings, SD",44.317485,-96.782139,Public,1,Main campus,Available,Plains,4,Town,Town: Remote,9,9198,"5,000 to 9,999"
219383,University of Sioux Falls,Sioux Falls,SD,57105-1699,"Sioux Falls, SD",43.531574,-96.738229,Private nonprofit,2,Main campus,Available,Plains,4,City,City: Midsize,2,1218,"1,000 to 4,999"
219471,University of South Dakota,Vermillion,SD,57069-2390,"Vermillion, SD",42.786019,-96.925283,Public,1,Main campus,Available,Plains,4,Town,Town: Distant,8,5439,"5,000 to 9,999"
219505,American Baptist College,Nashville,TN,37207-9980,"Nashville, TN",36.202623,-86.789912,Private nonprofit,2,Main campus,Unavailable,Southeast,5,City,City: Large,1,46,"Fewer than 1,000"
219602,Austin Peay State University,Clarksville,TN,37044,"Clarksville, TN",36.533319,-87.354081,Public,1,Main campus,Available,Southeast,5,City,City: Midsize,2,7560,"5,000 to 9,999"
219639,Baptist Health Sciences University,Memphis,TN,38104,"Memphis, TN",35.138415,-90.027501,Private nonprofit,2,Main campus,Available,Southeast,5,City,City: Large,1,770,"Fewer than 1,000"
219709,Belmont University,Nashville,TN,37212-3757,"Nashville, TN",36.135589,-86.794807,Private nonprofit,2,Main campus,Available,Southeast,5,City,City: Large,1,7137,"5,000 to 9,999"
219718,Bethel University,McKenzie,TN,38201,"McKenzie, TN",36.137848,-88.516762,Private nonprofit,2,Main campus,Available,Southeast,5,Town,Town: Distant,8,1547,"1,000 to 4,999"
219790,Bryan College-Dayton,Dayton,TN,37321,"Dayton, TN",35.497209,-84.999552,Private nonprofit,2,Main campus,Unavailable,Southeast,5,Town,Town: Distant,8,814,"Fewer than 1,000"
219806,Carson-Newman University,Jefferson City,TN,37760,"Jefferson City, TN",36.122934,-83.491709,Private nonprofit,2,Main campus,Available,Southeast,5,Suburb,Suburb: Small,6,1387,"1,000 to 4,999"
219833,Christian Brothers University,Memphis,TN,38104,"Memphis, TN",35.127437,-89.983241,Private nonprofit,2,Main campus,Available,Southeast,5,City,City: Large,1,905,"Fewer than 1,000"
219949,Cumberland University,Lebanon,TN,37087,"Lebanon, TN",36.204514,-86.298782,Private nonprofit,2,Main campus,Available,Southeast,5,Town,Town: Fringe,7,2104,"1,000 to 4,999"
219976,Lipscomb University,Nashville,TN,37204-3951,"Nashville, TN",36.106253,-86.799791,Private nonprofit,2,Main campus,Available,Southeast,5,City,City: Large,1,2997,"1,000 to 4,999"
220075,East Tennessee State University,Johnson City,TN,37614,"Johnson City, TN",36.301643,-82.366954,Public,1,Main campus,Available,Southeast,5,City,City: Small,3,10004,"10,000 to 19,999"
220181,Fisk University,Nashville,TN,37208-4501,"Nashville, TN",36.167087,-86.804805,Private nonprofit,2,Main campus,Available,Southeast,5,City,City: Large,1,1035,"1,000 to 4,999"
220206,Welch College,Gallatin,TN,37066-8460,"Gallatin, TN",36.36719,-86.549153,Private nonprofit,2,Main campus,Unavailable,Southeast,5,Suburb,Suburb: Large,4,226,"Fewer than 1,000"
220215,Freed-Hardeman University,Henderson,TN,38340-2399,"Henderson, TN",35.440611,-88.637964,Private nonprofit,2,Main campus,Available,Southeast,5,Town,Town: Distant,8,1212,"1,000 to 4,999"
220473,Johnson University,Knoxville,TN,37998,"Knoxville, TN",35.937193,-83.750273,Private nonprofit,2,Main campus,Available,Southeast,5,Rural,Rural: Fringe,10,743,"Fewer than 1,000"
220516,King University,Bristol,TN,37620-2699,"Bristol, TN",36.585309,-82.159421,Private nonprofit,2,Main campus,Available,Southeast,5,City,City: Small,3,908,"Fewer than 1,000"
220598,Lane College,Jackson,TN,38301-4598,"Jackson, TN",35.627378,-88.806535,Private nonprofit,2,Main campus,Unavailable,Southeast,5,City,City: Small,3,736,"Fewer than 1,000"
220604,Le Moyne-Owen College,Memphis,TN,38126-6595,"Memphis, TN",35.118641,-90.034101,Private nonprofit,2,Main campus,Available,Southeast,5,City,City: Large,1,581,"Fewer than 1,000"
220613,Lee University,Cleveland,TN,37311,"Cleveland, TN",35.166019,-84.871399,Private nonprofit,2,Main campus,Available,Southeast,5,City,City: Small,3,2617,"1,000 to 4,999"
220631,Lincoln Memorial University,Harrogate,TN,37752-8231,"Harrogate, TN",36.578508,-83.660198,Private nonprofit,2,Main campus,Available,Southeast,5,Town,Town: Distant,8,1572,"1,000 to 4,999"
220701,The University of Tennessee Southern,Pulaski,TN,38478-2799,"Pulaski, TN",35.201019,-87.035661,Public,1,Main campus,Available,Southeast,5,Town,Town: Distant,8,864,"Fewer than 1,000"
220710,Maryville College,Maryville,TN,37804-5907,"Maryville, TN",35.751505,-83.964223,Private nonprofit,2,Main campus,Available,Southeast,5,Suburb,Suburb: Large,4,1005,"1,000 to 4,999"
220862,University of Memphis,Memphis,TN,38152,"Memphis, TN",35.118878,-89.938068,Public,1,Main campus,Available,Southeast,5,City,City: Large,1,12701,"10,000 to 19,999"
220978,Middle Tennessee State University,Murfreesboro,TN,37132,"Murfreesboro, TN",35.848005,-86.360618,Public,1,Main campus,Available,Southeast,5,City,City: Midsize,2,16301,"10,000 to 19,999"
221351,Rhodes College,Memphis,TN,38112-1690,"Memphis, TN",35.154405,-89.990803,Private nonprofit,2,Main campus,Available,Southeast,5,City,City: Large,1,1836,"1,000 to 4,999"
221519,The University of the South,Sewanee,TN,37383-1000,"Sewanee, TN",35.204719,-85.920179,Private nonprofit,2,Main campus,Available,Southeast,5,Rural,Rural: Distant,11,1607,"1,000 to 4,999"
221661,Southern Adventist University,Collegedale,TN,37315-0370,"Collegedale, TN",35.048254,-85.052088,Private nonprofit,2,Main campus,Available,Southeast,5,Suburb,Suburb: Large,4,2773,"1,000 to 4,999"
221731,Tennessee Wesleyan University,Athens,TN,37303,"Athens, TN",35.446331,-84.592728,Private nonprofit,2,Main campus,Available,Southeast,5,Town,Town: Distant,8,846,"Fewer than 1,000"
221740,The University of Tennessee-Chattanooga,Chattanooga,TN,37403-2598,"Chattanooga, TN",35.047519,-85.300247,Public,1,Main campus,Available,Southeast,5,City,City: Midsize,2,10074,"10,000 to 19,999"
221759,The University of Tennessee-Knoxville,Knoxville,TN,37996,"Knoxville, TN",35.952082,-83.925852,Public,1,Main campus,Available,Southeast,5,City,City: Midsize,2,30418,"20,000 or more"
221768,The University of Tennessee-Martin,Martin,TN,38238,"Martin, TN",36.340338,-88.864211,Public,1,Main campus,Available,Southeast,5,Town,Town: Remote,9,4866,"1,000 to 4,999"
221838,Tennessee State University,Nashville,TN,37209-1561,"Nashville, TN",36.166321,-86.828275,Public,1,Main campus,Available,Southeast,5,City,City: Large,1,4848,"1,000 to 4,999"
221847,Tennessee Technological University,Cookeville,TN,38505-0001,"Cookeville, TN",36.174754,-85.504039,Public,1,Main campus,Available,Southeast,5,Town,Town: Remote,9,8698,"5,000 to 9,999"
221892,Trevecca Nazarene University,Nashville,TN,37210,"Nashville, TN",36.141324,-86.754238,Private nonprofit,2,Main campus,Available,Southeast,5,City,City: Large,1,1737,"1,000 to 4,999"
221953,Tusculum University,Greeneville,TN,37743,"Greeneville, TN",36.172435,-82.760818,Private nonprofit,2,Main campus,Available,Southeast,5,Town,Town: Distant,8,785,"Fewer than 1,000"
221971,Union University,Jackson,TN,38305-3697,"Jackson, TN",35.676896,-88.858524,Private nonprofit,2,Main campus,Available,Southeast,5,City,City: Small,3,1607,"1,000 to 4,999"
221999,Vanderbilt University,Nashville,TN,37240,"Nashville, TN",36.14659,-86.803369,Private nonprofit,2,Main campus,Available,Southeast,5,City,City: Large,1,7208,"5,000 to 9,999"
222178,Abilene Christian University,Abilene,TX,79699,"Abilene, TX",32.468943,-99.709797,Private nonprofit,2,Main campus,Available,Southwest,6,City,City: Midsize,2,3195,"1,000 to 4,999"
222628,Amberton University,Garland,TX,75041-5595,"Garland, TX",32.859931,-96.65302,Private nonprofit,2,Main campus,Unavailable,Southwest,6,Suburb,Suburb: Large,4,114,"Fewer than 1,000"
222831,Angelo State University,San Angelo,TX,76909,"San Angelo, TX",31.440914,-100.465051,Public,1,Main campus,Available,Southwest,6,City,City: Small,3,5643,"5,000 to 9,999"
222877,Arlington Baptist University,Arlington,TX,76012-3425,"Arlington, TX",32.739489,-97.156024,Private nonprofit,2,Main campus,Unavailable,Southwest,6,City,City: Large,1,284,"Fewer than 1,000"
222983,Austin College,Sherman,TX,75090-4400,"Sherman, TX",33.646345,-96.596331,Private nonprofit,2,Main campus,Available,Southwest,6,City,City: Small,3,1165,"1,000 to 4,999"
223117,Baptist Missionary Association Theological Seminary,Jacksonville,TX,75766-5407,"Jacksonville, TX",31.978961,-95.255524,Private nonprofit,2,Main campus,Available,Southwest,6,Town,Town: Distant,8,39,"Fewer than 1,000"
223232,Baylor University,Waco,TX,76798,"Waco, TX",31.546872,-97.121041,Private nonprofit,2,Main campus,Available,Southwest,6,City,City: Midsize,2,14785,"10,000 to 19,999"
224004,Concordia University Texas,Austin,TX,78726,"Austin, TX",30.420232,-97.835703,Private nonprofit,2,Main campus,Available,Southwest,6,City,City: Large,1,1185,"1,000 to 4,999"
224147,Texas A & M University-Corpus Christi,Corpus Christi,TX,78412-5503,"Corpus Christi, TX",27.713723,-97.32395,Public,1,Main campus,Available,Southwest,6,City,City: Large,1,8034,"5,000 to 9,999"
224226,Dallas Baptist University,Dallas,TX,75211-9299,"Dallas, TX",32.710017,-96.947006,Private nonprofit,2,Main campus,Available,Southwest,6,City,City: Large,1,2403,"1,000 to 4,999"
224244,Dallas Christian College,Dallas,TX,75234-7299,"Dallas, TX",32.913692,-96.887117,Private nonprofit,2,Main campus,Available,Southwest,6,Suburb,Suburb: Large,4,224,"Fewer than 1,000"
224323,University of Dallas,Irving,TX,75062-4736,"Irving, TX",32.846221,-96.919512,Private nonprofit,2,Main campus,Available,Southwest,6,City,City: Large,1,1403,"1,000 to 4,999"
224527,East Texas Baptist University,Marshall,TX,75670-1498,"Marshall, TX",32.557847,-94.374488,Private nonprofit,2,Main campus,Available,Southwest,6,Town,Town: Distant,8,1352,"1,000 to 4,999"
224545,Texas A&M University-Texarkana,Texarkana,TX,75503,"Texarkana, TX",33.490482,-94.103617,Public,1,Main campus,Available,Southwest,6,City,City: Small,3,1982,"1,000 to 4,999"
224554,East Texas A&M University,Commerce,TX,75428,"Commerce, TX",33.242112,-95.904579,Public,1,Main campus,Available,Southwest,6,Town,Town: Distant,8,9912,"5,000 to 9,999"
225201,Hallmark University,San Antonio,TX,78251,"San Antonio, TX",29.466862,-98.685754,Private nonprofit,2,Main campus,Available,Southwest,6,City,City: Large,1,769,"Fewer than 1,000"
225247,Hardin-Simmons University,Abilene,TX,79698-0001,"Abilene, TX",32.476434,-99.73564,Private nonprofit,2,Main campus,Available,Southwest,6,City,City: Midsize,2,1283,"1,000 to 4,999"
225399,Houston Christian University,Houston,TX,77074-3298,"Houston, TX",29.693819,-95.515954,Private nonprofit,2,Main campus,Available,Southwest,6,City,City: Large,1,2886,"1,000 to 4,999"
225414,University of Houston-Clear Lake,Houston,TX,77058-1002,"Houston, TX",29.582523,-95.098129,Public,1,Main campus,Available,Southwest,6,City,City: Midsize,2,6078,"5,000 to 9,999"
225432,University of Houston-Downtown,Houston,TX,77002-1014,"Houston, TX",29.7661,-95.359338,Public,1,Main campus,Available,Southwest,6,City,City: Large,1,12555,"10,000 to 19,999"
225502,Texas A&M University-Victoria,Victoria,TX,77901,"Victoria, TX",28.816248,-96.976334,Public,1,Main campus,Available,Southwest,6,City,City: Small,3,2513,"1,000 to 4,999"
225511,University of Houston,Houston,TX,77204-2018,"Houston, TX",29.720393,-95.343537,Public,1,Main campus,Available,Southwest,6,City,City: Large,1,38380,"20,000 or more"
225548,Howard Payne University,Brownwood,TX,76801-2794,"Brownwood, TX",31.716467,-98.985204,Private nonprofit,2,Main campus,Available,Southwest,6,Town,Town: Remote,9,713,"Fewer than 1,000"
225575,Huston-Tillotson University,Austin,TX,78702-2795,"Austin, TX",30.264667,-97.721691,Private nonprofit,2,Main campus,Available,Southwest,6,City,City: Large,1,1005,"1,000 to 4,999"
225627,University of the Incarnate Word,San Antonio,TX,78209,"San Antonio, TX",29.46708,-98.46583,Private nonprofit,2,Main campus,Available,Southwest,6,City,City: Large,1,4440,"1,000 to 4,999"
225885,Jarvis Christian University,Hawkins,TX,75765-1470,"Hawkins, TX",32.587942,-95.181513,Private nonprofit,2,Main campus,Unavailable,Southwest,6,Rural,Rural: Distant,11,577,"Fewer than 1,000"
226091,Lamar University,Beaumont,TX,77705,"Beaumont, TX",30.042738,-94.072244,Public,1,Main campus,Available,Southwest,6,City,City: Midsize,2,8150,"5,000 to 9,999"
226152,Texas A & M International University,Laredo,TX,78041-1900,"Laredo, TX",27.571172,-99.436043,Public,1,Main campus,Available,Southwest,6,City,City: Large,1,6667,"5,000 to 9,999"
226231,LeTourneau University,Longview,TX,75602,"Longview, TX",32.46632,-94.726394,Private nonprofit,2,Main campus,Available,Southwest,6,City,City: Small,3,1468,"1,000 to 4,999"
226383,Lubbock Christian University,Lubbock,TX,79407-2099,"Lubbock, TX",33.575973,-101.934426,Private nonprofit,2,Main campus,Available,Southwest,6,City,City: Large,1,1252,"1,000 to 4,999"
226471,University of Mary Hardin-Baylor,Belton,TX,76513-2599,"Belton, TX",31.066793,-97.463471,Private nonprofit,2,Main campus,Available,Southwest,6,Suburb,Suburb: Midsize,5,2759,"1,000 to 4,999"
226587,McMurry University,Abilene,TX,79697,"Abilene, TX",32.429776,-99.748682,Private nonprofit,2,Main campus,Available,Southwest,6,City,City: Midsize,2,1176,"1,000 to 4,999"
226833,Midwestern State University,Wichita Falls,TX,76308-2099,"Wichita Falls, TX",33.874809,-98.519386,Public,1,Main campus,Available,Southwest,6,City,City: Midsize,2,4087,"1,000 to 4,999"
227216,University of North Texas,Denton,TX,76203-1277,"Denton, TX",33.211178,-97.148422,Public,1,Main campus,Available,Southwest,6,City,City: Midsize,2,34341,"20,000 or more"
227331,Our Lady of the Lake University,San Antonio,TX,78207-4689,"San Antonio, TX",29.426194,-98.54365,Private nonprofit,2,Main campus,Unavailable,Southwest,6,City,City: Large,1,1066,"1,000 to 4,999"
227368,The University of Texas Rio Grande Valley,Edinburg,TX,78539-2999,"Edinburg, TX",26.306759,-98.173567,Public,1,Main campus,Available,Southwest,6,City,City: Midsize,2,28666,"20,000 or more"
227429,Paul Quinn College,Dallas,TX,75241,"Dallas, TX",32.678837,-96.755778,Private nonprofit,2,Main campus,Available,Southwest,6,City,City: Large,1,620,"Fewer than 1,000"
227526,Prairie View A & M University,Prairie View,TX,77446,"Prairie View, TX",30.092425,-95.989475,Public,1,Main campus,Available,Southwest,6,Rural,Rural: Distant,11,8877,"5,000 to 9,999"
227757,Rice University,Houston,TX,77005-1827,"Houston, TX",29.717897,-95.402035,Private nonprofit,2,Main campus,Available,Southwest,6,City,City: Large,1,4776,"1,000 to 4,999"
227845,Saint Edward's University,Austin,TX,78704-6489,"Austin, TX",30.229618,-97.754998,Private nonprofit,2,Main campus,Available,Southwest,6,City,City: Large,1,2493,"1,000 to 4,999"
227863,University of St Thomas,Houston,TX,77006-4696,"Houston, TX",29.736438,-95.393102,Private nonprofit,2,Main campus,Available,Southwest,6,City,City: Large,1,3220,"1,000 to 4,999"
227881,Sam Houston State University,Huntsville,TX,77340,"Huntsville, TX",30.714738,-95.546205,Public,1,Main campus,Available,Southwest,6,Town,Town: Distant,8,17743,"10,000 to 19,999"
228042,Schreiner University,Kerrville,TX,78028-5697,"Kerrville, TX",30.031458,-99.130586,Private nonprofit,2,Main campus,Available,Southwest,6,Town,Town: Remote,9,1053,"1,000 to 4,999"
228149,St. Mary's University,San Antonio,TX,78228,"San Antonio, TX",29.453244,-98.562778,Private nonprofit,2,Main campus,Available,Southwest,6,City,City: Large,1,1951,"1,000 to 4,999"
228246,Southern Methodist University,Dallas,TX,75275-0221,"Dallas, TX",32.843612,-96.783365,Private nonprofit,2,Main campus,Available,Southwest,6,Suburb,Suburb: Large,4,7277,"5,000 to 9,999"
228325,Nelson University,Waxahachie,TX,75165,"Waxahachie, TX",32.40443,-96.853492,Private nonprofit,2,Main campus,Available,Southwest,6,Suburb,Suburb: Large,4,1479,"1,000 to 4,999"
228343,Southwestern University,Georgetown,TX,78626,"Georgetown, TX",30.634341,-97.665738,Private nonprofit,2,Main campus,Available,Southwest,6,City,City: Small,3,1440,"1,000 to 4,999"
228431,Stephen F Austin State University,Nacogdoches,TX,75961,"Nacogdoches, TX",31.621056,-94.64908,Public,1,Main campus,Available,Southwest,6,Town,Town: Remote,9,8728,"5,000 to 9,999"
228459,Texas State University,San Marcos,TX,78666,"San Marcos, TX",29.888885,-97.943029,Public,1,Main campus,Available,Southwest,6,City,City: Small,3,36177,"20,000 or more"
228468,Southwestern Adventist University,Keene,TX,76059,"Keene, TX",32.397617,-97.32702,Private nonprofit,2,Main campus,Available,Southwest,6,Town,Town: Fringe,7,570,"Fewer than 1,000"
228501,Sul Ross State University,Alpine,TX,79832,"Alpine, TX",30.363139,-103.651469,Public,1,Main campus,Available,Southwest,6,Town,Town: Remote,9,1396,"1,000 to 4,999"
228529,Tarleton State University,Stephenville,TX,76401-0000,"Stephenville, TX",32.217805,-98.219039,Public,1,Main campus,Available,Southwest,6,Town,Town: Remote,9,12673,"10,000 to 19,999"
228644,The University of Texas Health Science Center at San Antonio,San Antonio,TX,78229-3900,"San Antonio, TX",29.508107,-98.575655,Public,1,Main campus,Unavailable,Southwest,6,City,City: Large,1,930,"Fewer than 1,000"
228653,The University of Texas Medical Branch at Galveston,Galveston,TX,77555-0129,"Galveston, TX",29.310758,-94.775956,Public,1,Main campus,Unavailable,Southwest,6,City,City: Small,3,545,"Fewer than 1,000"
228705,Texas A&M University-Kingsville,Kingsville,TX,78363,"Kingsville, TX",27.525168,-97.882387,Public,1,Main campus,Available,Southwest,6,Town,Town: Distant,8,4748,"1,000 to 4,999"
228723,Texas A&M University-College Station,College Station,TX,77843-1246,"College Station, TX",30.618726,-96.336475,Public,1,Main campus,Available,Southwest,6,City,City: Midsize,2,59615,"20,000 or more"
228769,The University of Texas at Arlington,Arlington,TX,76019,"Arlington, TX",32.729718,-97.11296,Public,1,Main campus,Available,Southwest,6,City,City: Large,1,32294,"20,000 or more"
228778,The University of Texas at Austin,Austin,TX,78705,"Austin, TX",30.282825,-97.738273,Public,1,Main campus,Available,Southwest,6,City,City: Large,1,42855,"20,000 or more"
228787,The University of Texas at Dallas,Richardson,TX,75080-3021,"Richardson, TX",32.984673,-96.749702,Public,1,Main campus,Available,Southwest,6,City,City: Midsize,2,21751,"20,000 or more"
228796,The University of Texas at El Paso,El Paso,TX,79968-0691,"El Paso, TX",31.77015,-106.504098,Public,1,Main campus,Available,Southwest,6,City,City: Large,1,21005,"20,000 or more"
228802,The University of Texas at Tyler,Tyler,TX,75799-6699,"Tyler, TX",32.315772,-95.254337,Public,1,Main campus,Available,Southwest,6,City,City: Midsize,2,7440,"5,000 to 9,999"
228875,Texas Christian University,Fort Worth,TX,76129,"Fort Worth, TX",32.70961,-97.364758,Private nonprofit,2,Main campus,Available,Southwest,6,City,City: Large,1,11026,"10,000 to 19,999"
228884,Texas College,Tyler,TX,75702,"Tyler, TX",32.37456,-95.312454,Private nonprofit,2,Main campus,Unavailable,Southwest,6,City,City: Midsize,2,614,"Fewer than 1,000"
228909,University of North Texas Health Science Center,Fort Worth,TX,76107-2699,"Fort Worth, TX",32.749907,-97.369138,Public,1,Main campus,Unavailable,Southwest,6,City,City: Large,1,41,"Fewer than 1,000"
228981,Texas Lutheran University,Seguin,TX,78155-5999,"Seguin, TX",29.573261,-97.982669,Private nonprofit,2,Main campus,Available,Southwest,6,Town,Town: Fringe,7,1304,"1,000 to 4,999"
229018,The University of Texas Permian Basin,Odessa,TX,79762-0001,"Odessa, TX",31.889509,-102.329634,Public,1,Main campus,Available,Southwest,6,City,City: Midsize,2,3911,"1,000 to 4,999"
229027,The University of Texas at San Antonio,San Antonio,TX,78249-1644,"San Antonio, TX",29.583709,-98.620657,Public,1,Main campus,Available,Southwest,6,City,City: Large,1,30580,"20,000 or more"
229063,Texas Southern University,Houston,TX,77004,"Houston, TX",29.721046,-95.361113,Public,1,Main campus,Available,Southwest,6,City,City: Large,1,6844,"5,000 to 9,999"
229115,Texas Tech University,Lubbock,TX,79409-5005,"Lubbock, TX",33.583448,-101.874783,Public,1,Main campus,Available,Southwest,6,City,City: Large,1,32394,"20,000 or more"
229160,Texas Wesleyan University,Fort Worth,TX,76105-1536,"Fort Worth, TX",32.732962,-97.279613,Private nonprofit,2,Main campus,Available,Southwest,6,City,City: Large,1,1741,"1,000 to 4,999"
229179,Texas Woman's University,Denton,TX,76204,"Denton, TX",33.226211,-97.127842,Public,1,Main campus,Available,Southwest,6,City,City: Midsize,2,8767,"5,000 to 9,999"
229267,Trinity University,San Antonio,TX,78212-7200,"San Antonio, TX",29.462682,-98.48186,Private nonprofit,2,Main campus,Available,Southwest,6,City,City: Large,1,2505,"1,000 to 4,999"
229300,The University of Texas Health Science Center at Houston,Houston,TX,77030,"Houston, TX",29.702873,-95.403183,Public,1,Main campus,Unavailable,Southwest,6,City,City: Large,1,465,"Fewer than 1,000"
229337,Texas Tech University Health Sciences Center,Lubbock,TX,79430,"Lubbock, TX",33.589284,-101.891915,Public,1,Main campus,Unavailable,Southwest,6,City,City: Large,1,1482,"1,000 to 4,999"
229780,Wayland Baptist University,Plainview,TX,79072,"Plainview, TX",34.187677,-101.730042,Private nonprofit,2,Main campus,Available,Southwest,6,Town,Town: Remote,9,2041,"1,000 to 4,999"
229814,West Texas A & M University,Canyon,TX,79016-0001,"Canyon, TX",34.982789,-101.914736,Public,1,Main campus,Available,Southwest,6,Town,Town: Fringe,7,6917,"5,000 to 9,999"
229887,Wiley University,Marshall,TX,75670,"Marshall, TX",32.537641,-94.376814,Private nonprofit,2,Main campus,Unavailable,Southwest,6,Town,Town: Distant,8,712,"Fewer than 1,000"
230038,Brigham Young University,Provo,UT,84602,"Provo, UT",40.250851,-111.649281,Private nonprofit,2,Main campus,Available,Rocky Mountains,7,City,City: Midsize,2,32952,"20,000 or more"
230047,Brigham Young University-Hawaii,Laie,HI,96762-1294,"Laie, HI",21.642074,-157.926586,Private nonprofit,2,Main campus,Available,Far West,8,Town,Town: Fringe,7,2889,"1,000 to 4,999"
230603,Southern Utah University,Cedar City,UT,84720,"Cedar City, UT",37.674617,-113.070146,Public,1,Main campus,Available,Rocky Mountains,7,Town,Town: Remote,9,9289,"5,000 to 9,999"
230728,Utah State University,Logan,UT,84322-1400,"Logan, UT",41.740748,-111.81391,Public,1,Main campus,Available,Rocky Mountains,7,City,City: Small,3,20272,"20,000 or more"
230764,University of Utah,Salt Lake City,UT,84112-9008,"Salt Lake City, UT",40.762484,-111.846044,Public,1,Main campus,Available,Rocky Mountains,7,City,City: Midsize,2,27264,"20,000 or more"
230807,Westminster University,Salt Lake City,UT,84105,"Salt Lake City, UT",40.730779,-111.855757,Private nonprofit,2,Main campus,Available,Rocky Mountains,7,City,City: Midsize,2,823,"Fewer than 1,000"
230816,Bennington College,Bennington,VT,05201-6003,"Bennington, VT",42.919547,-73.237799,Private nonprofit,2,Main campus,Available,New England,1,Town,Town: Distant,8,780,"Fewer than 1,000"
230852,Champlain College,Burlington,VT,5401,"Burlington, VT",44.473287,-73.202746,Private nonprofit,2,Main campus,Available,New England,1,City,City: Small,3,2752,"1,000 to 4,999"
230959,Middlebury College,Middlebury,VT,5753,"Middlebury, VT",44.009117,-73.176068,Private nonprofit,2,Main campus,Available,New England,1,Town,Town: Distant,8,2738,"1,000 to 4,999"
230995,Norwich University,Northfield,VT,05663-1035,"Northfield, VT",44.140237,-72.659783,Private nonprofit,2,Main campus,Available,New England,1,Rural,Rural: Distant,11,2428,"1,000 to 4,999"
231059,Saint Michael's College,Colchester,VT,5439,"Colchester, VT",44.494558,-73.167069,Private nonprofit,2,Main campus,Available,New England,1,Suburb,Suburb: Midsize,5,1092,"1,000 to 4,999"
231095,Sterling College,Craftsbury Common,VT,05827-0072,"Craftsbury Common, VT",44.65225,-72.382372,Private nonprofit,2,Main campus,Available,New England,1,Rural,Rural: Remote,12,50,"Fewer than 1,000"
231165,Vermont State University,Randolph,VT,5061,"Randolph, VT",43.939623,-72.604498,Public,1,Main campus,Available,New England,1,Rural,Rural: Remote,12,3590,"1,000 to 4,999"
231174,University of Vermont,Burlington,VT,05405-0160,"Burlington, VT",44.477325,-73.196646,Public,1,Main campus,Available,New England,1,City,City: Small,3,11743,"10,000 to 19,999"
231420,Averett University,Danville,VA,24541,"Danville, VA",36.577287,-79.413203,Private nonprofit,2,Main campus,Available,Southeast,5,Town,Town: Distant,8,1231,"1,000 to 4,999"
231554,Bluefield University,Bluefield,VA,24605,"Bluefield, VA",37.244557,-81.246233,Private nonprofit,2,Main campus,Available,Southeast,5,Town,Town: Distant,8,614,"Fewer than 1,000"
231581,Bridgewater College,Bridgewater,VA,22812-1599,"Bridgewater, VA",38.378484,-78.969007,Private nonprofit,2,Main campus,Available,Southeast,5,Suburb,Suburb: Small,6,1400,"1,000 to 4,999"
231624,William & Mary,Williamsburg,VA,23187-8795,"Williamsburg, VA",37.269489,-76.708214,Public,1,Main campus,Available,Southeast,5,Suburb,Suburb: Small,6,7055,"5,000 to 9,999"
231651,Regent University,Virginia Beach,VA,23464,"Virginia Beach, VA",36.801173,-76.194627,Private nonprofit,2,Main campus,Available,Southeast,5,City,City: Large,1,4729,"1,000 to 4,999"
231712,Christopher Newport University,Newport News,VA,23606-3072,"Newport News, VA",37.062495,-76.494364,Public,1,Main campus,Available,Southeast,5,City,City: Midsize,2,4365,"1,000 to 4,999"
232025,Emory & Henry University,Emory,VA,24327-0947,"Emory, VA",36.772857,-81.829142,Private nonprofit,2,Main campus,Available,Southeast,5,Rural,Rural: Fringe,10,1078,"1,000 to 4,999"
232043,Eastern Mennonite University,Harrisonburg,VA,22802-2462,"Harrisonburg, VA",38.471134,-78.880326,Private nonprofit,2,Main campus,Available,Southeast,5,City,City: Small,3,754,"Fewer than 1,000"
232089,Ferrum College,Ferrum,VA,24088-9000,"Ferrum, VA",36.926431,-80.020614,Private nonprofit,2,Main campus,Available,Southeast,5,Rural,Rural: Distant,11,699,"Fewer than 1,000"
232186,George Mason University,Fairfax,VA,22030-4444,"Fairfax, VA",38.83195,-77.307063,Public,1,Main campus,Available,Southeast,5,Suburb,Suburb: Large,4,27752,"20,000 or more"
232256,Hampden-Sydney College,Hampden-Sydney,VA,23943,"Hampden-Sydney, VA",37.240615,-78.464216,Private nonprofit,2,Main campus,Available,Southeast,5,Rural,Rural: Distant,11,946,"Fewer than 1,000"
232265,Hampton University,Hampton,VA,23668-0099,"Hampton, VA",37.019944,-76.339161,Private nonprofit,2,Main campus,Available,Southeast,5,Suburb,Suburb: Large,4,3727,"1,000 to 4,999"
232308,Hollins University,Roanoke,VA,24020,"Roanoke, VA",37.354201,-79.943277,Private nonprofit,2,Main campus,Available,Southeast,5,Suburb,Suburb: Midsize,5,665,"Fewer than 1,000"
232423,James Madison University,Harrisonburg,VA,22807,"Harrisonburg, VA",38.436311,-78.870484,Public,1,Main campus,Available,Southeast,5,City,City: Small,3,20888,"20,000 or more"
232557,Liberty University,Lynchburg,VA,24515,"Lynchburg, VA",37.350232,-79.18222,Private nonprofit,2,Main campus,Available,Southeast,5,City,City: Small,3,50012,"20,000 or more"
232566,Longwood University,Farmville,VA,23909,"Farmville, VA",37.297975,-78.396987,Public,1,Main campus,Available,Southeast,5,Town,Town: Distant,8,3015,"1,000 to 4,999"
232609,University of Lynchburg,Lynchburg,VA,24501-3113,"Lynchburg, VA",37.399774,-79.181653,Private nonprofit,2,Main campus,Available,Southeast,5,City,City: Small,3,1577,"1,000 to 4,999"
232672,Mary Baldwin University,Staunton,VA,24401,"Staunton, VA",38.153884,-79.069273,Private nonprofit,2,Main campus,Unavailable,Southeast,5,City,City: Small,3,1090,"1,000 to 4,999"
232681,University of Mary Washington,Fredericksburg,VA,22401-5300,"Fredericksburg, VA",38.302492,-77.476055,Public,1,Main campus,Available,Southeast,5,Suburb,Suburb: Midsize,5,3566,"1,000 to 4,999"
232706,Marymount University,Arlington,VA,22207-4299,"Arlington, VA",38.905562,-77.128785,Private nonprofit,2,Main campus,Available,Southeast,5,City,City: Midsize,2,1810,"1,000 to 4,999"
232885,Sentara College of Health Sciences,Chesapeake,VA,23320,"Chesapeake, VA",36.777043,-76.243308,Private nonprofit,2,Main campus,Unavailable,Southeast,5,City,City: Large,1,242,"Fewer than 1,000"
232937,Norfolk State University,Norfolk,VA,23504-8000,"Norfolk, VA",36.848429,-76.261375,Public,1,Main campus,Available,Southeast,5,City,City: Midsize,2,5392,"5,000 to 9,999"
232982,Old Dominion University,Norfolk,VA,23529,"Norfolk, VA",36.886418,-76.30666,Public,1,Main campus,Available,Southeast,5,City,City: Midsize,2,17514,"10,000 to 19,999"
233277,Radford University,Radford,VA,24142,"Radford, VA",37.136907,-80.549728,Public,1,Main campus,Available,Southeast,5,Town,Town: Fringe,7,6038,"5,000 to 9,999"
233295,Randolph-Macon College,Ashland,VA,23005-5505,"Ashland, VA",37.76043,-77.478416,Private nonprofit,2,Main campus,Available,Southeast,5,Suburb,Suburb: Large,4,1639,"1,000 to 4,999"
233301,Randolph College,Lynchburg,VA,24503-1555,"Lynchburg, VA",37.437315,-79.171887,Private nonprofit,2,Main campus,Available,Southeast,5,City,City: Small,3,658,"Fewer than 1,000"
233356,Bon Secours Memorial College of Nursing,Richmond,VA,23227-1149,"Richmond, VA",37.646698,-77.433569,Private nonprofit,2,Main campus,Unavailable,Southeast,5,Suburb,Suburb: Large,4,591,"Fewer than 1,000"
233374,University of Richmond,University of Richmond,VA,23173,"University of Richmond, VA",37.577393,-77.538806,Private nonprofit,2,Main campus,Available,Southeast,5,City,City: Midsize,2,2980,"1,000 to 4,999"
233426,Roanoke College,Salem,VA,24153-3794,"Salem, VA",37.294861,-80.055467,Private nonprofit,2,Main campus,Available,Southeast,5,Suburb,Suburb: Midsize,5,1767,"1,000 to 4,999"
233541,Shenandoah University,Winchester,VA,22601-5195,"Winchester, VA",39.167355,-78.157433,Private nonprofit,2,Main campus,Available,Southeast,5,City,City: Small,3,2116,"1,000 to 4,999"
233602,Southeastern Free Will Baptist Bible College,Wendell,NC,27591-9072,"Wendell, NC",35.80023,-78.4164,Private nonprofit,2,Main campus,Unavailable,Southeast,5,Rural,Rural: Fringe,10,64,"Fewer than 1,000"
233611,Southern Virginia University,Buena Vista,VA,24416,"Buena Vista, VA",37.740368,-79.35037,Private nonprofit,2,Main campus,Available,Southeast,5,Town,Town: Distant,8,936,"Fewer than 1,000"
233684,Strayer University-Virginia,Arlington,VA,22201,"Arlington, VA",38.890995,-77.085294,Private for-profit,3,Non-main campus,Unavailable,Southeast,5,City,City: Midsize,2,1668,"1,000 to 4,999"
233718,Sweet Briar College,Sweet Briar,VA,24595-9998,"Sweet Briar, VA",37.556725,-79.081014,Private nonprofit,2,Main campus,Available,Southeast,5,Rural,Rural: Fringe,10,443,"Fewer than 1,000"
233897,University of Virginia's College at Wise,Wise,VA,24293-4400,"Wise, VA",36.970602,-82.559656,Public,1,Main campus,Available,Southeast,5,Town,Town: Distant,8,1101,"1,000 to 4,999"
233921,Virginia Polytechnic Institute and State University,Blacksburg,VA,24061-0131,"Blacksburg, VA",37.229012,-80.423675,Public,1,Main campus,Available,Southeast,5,City,City: Small,3,30923,"20,000 or more"
234030,Virginia Commonwealth University,Richmond,VA,23284-2512,"Richmond, VA",37.54962,-77.452697,Public,1,Main campus,Available,Southeast,5,City,City: Midsize,2,20753,"20,000 or more"
234076,University of Virginia-Main Campus,Charlottesville,VA,22903-2628,"Charlottesville, VA",38.035665,-78.503428,Public,1,Main campus,Available,Southeast,5,Suburb,Suburb: Midsize,5,17597,"10,000 to 19,999"
234085,Virginia Military Institute,Lexington,VA,24450-0304,"Lexington, VA",37.7896,-79.437067,Public,1,Main campus,Available,Southeast,5,Town,Town: Distant,8,1527,"1,000 to 4,999"
234137,Virginia University of Lynchburg,Lynchburg,VA,24501,"Lynchburg, VA",37.395187,-79.151615,Private nonprofit,2,Main campus,Unavailable,Southeast,5,City,City: Small,3,125,"Fewer than 1,000"
234155,Virginia State University,Petersburg,VA,23806,"Petersburg, VA",37.234692,-77.419026,Public,1,Main campus,Available,Southeast,5,Suburb,Suburb: Large,4,5074,"5,000 to 9,999"
234164,Virginia Union University,Richmond,VA,23220,"Richmond, VA",37.562405,-77.450903,Private nonprofit,2,Main campus,Available,Southeast,5,City,City: Midsize,2,1203,"1,000 to 4,999"
234173,Virginia Wesleyan University,Virginia Beach,VA,23455,"Virginia Beach, VA",36.868417,-76.18606,Private nonprofit,2,Main campus,Available,Southeast,5,City,City: Large,1,1256,"1,000 to 4,999"
234207,Washington and Lee University,Lexington,VA,24450-2116,"Lexington, VA",37.788939,-79.443018,Private nonprofit,2,Main campus,Available,Southeast,5,Town,Town: Distant,8,1881,"1,000 to 4,999"
234827,Central Washington University,Ellensburg,WA,98926,"Ellensburg, WA",47.002687,-120.538368,Public,1,Main campus,Available,Far West,8,Town,Town: Distant,8,7833,"5,000 to 9,999"
234915,City University of Seattle,Seattle,WA,98121,"Seattle, WA",47.617381,-122.344594,Private nonprofit,2,Main campus,Unavailable,Far West,8,City,City: Large,1,1137,"1,000 to 4,999"
235097,Eastern Washington University,Cheney,WA,99004-2496,"Cheney, WA",47.490667,-117.583808,Public,1,Main campus,Available,Far West,8,Town,Town: Fringe,7,6222,"5,000 to 9,999"
235167,The Evergreen State College,Olympia,WA,98505-0001,"Olympia, WA",47.07382,-122.977492,Public,1,Main campus,Available,Far West,8,Suburb,Suburb: Midsize,5,2160,"1,000 to 4,999"
235316,Gonzaga University,Spokane,WA,99258-0001,"Spokane, WA",47.666531,-117.400625,Private nonprofit,2,Main campus,Available,Far West,8,City,City: Midsize,2,5198,"5,000 to 9,999"
235422,Heritage University,Toppenish,WA,98948,"Toppenish, WA",46.3748,-120.394972,Private nonprofit,2,Main campus,Unavailable,Far West,8,Rural,Rural: Fringe,10,812,"Fewer than 1,000"
235547,Bastyr University,Kenmore,WA,98028-4966,"Kenmore, WA",47.729935,-122.251708,Private nonprofit,2,Main campus,Unavailable,Far West,8,Suburb,Suburb: Large,4,39,"Fewer than 1,000"
236133,Northwest University,Kirkland,WA,98083-0579,"Kirkland, WA",47.657945,-122.192763,Private nonprofit,2,Main campus,Available,Far West,8,Suburb,Suburb: Large,4,645,"Fewer than 1,000"
236230,Pacific Lutheran University,Tacoma,WA,98447-0003,"Tacoma, WA",47.14516,-122.440421,Private nonprofit,2,Main campus,Available,Far West,8,Suburb,Suburb: Large,4,2401,"1,000 to 4,999"
236328,University of Puget Sound,Tacoma,WA,98416,"Tacoma, WA",47.26308,-122.478982,Private nonprofit,2,Main campus,Available,Far West,8,City,City: Midsize,2,1594,"1,000 to 4,999"
236452,Saint Martin's University,Lacey,WA,98503-7500,"Lacey, WA",47.041068,-122.816354,Private nonprofit,2,Main campus,Available,Far West,8,City,City: Small,3,1158,"1,000 to 4,999"
236577,Seattle Pacific University,Seattle,WA,98119-1997,"Seattle, WA",47.650214,-122.361667,Private nonprofit,2,Main campus,Available,Far West,8,City,City: Large,1,1762,"1,000 to 4,999"
236595,Seattle University,Seattle,WA,98122-4340,"Seattle, WA",47.608859,-122.318851,Private nonprofit,2,Main campus,Available,Far West,8,City,City: Large,1,4062,"1,000 to 4,999"
236896,Walla Walla University,College Place,WA,99324-1198,"College Place, WA",46.048088,-118.389555,Private nonprofit,2,Main campus,Unavailable,Far West,8,Suburb,Suburb: Small,6,1252,"1,000 to 4,999"
236939,Washington State University,Pullman,WA,99164-5910,"Pullman, WA",46.730448,-117.158168,Public,1,Main campus,Available,Far West,8,Town,Town: Distant,8,21099,"20,000 or more"
236948,University of Washington-Seattle Campus,Seattle,WA,98195,"Seattle, WA",47.65538,-122.30514,Public,1,Main campus,Available,Far West,8,City,City: Large,1,31942,"20,000 or more"
237011,Western Washington University,Bellingham,WA,98225-9008,"Bellingham, WA",48.737812,-122.485734,Public,1,Main campus,Available,Far West,8,City,City: Small,3,13544,"10,000 to 19,999"
237057,Whitman College,Walla Walla,WA,99362,"Walla Walla, WA",46.069815,-118.331546,Private nonprofit,2,Main campus,Available,Far West,8,City,City: Small,3,1531,"1,000 to 4,999"
237066,Whitworth University,Spokane,WA,99251,"Spokane, WA",47.753358,-117.416714,Private nonprofit,2,Main campus,Available,Far West,8,Suburb,Suburb: Large,4,1858,"1,000 to 4,999"
237136,Appalachian Bible College,Mount Hope,WV,25880-9557,"Mount Hope, WV",37.853335,-81.198867,Private nonprofit,2,Main campus,Available,Southeast,5,Suburb,Suburb: Small,6,193,"Fewer than 1,000"
237181,Bethany College,Bethany,WV,26032,"Bethany, WV",40.205819,-80.560056,Private nonprofit,2,Main campus,Available,Southeast,5,Rural,Rural: Fringe,10,614,"Fewer than 1,000"
237215,Bluefield State University,Bluefield,WV,24701-2198,"Bluefield, WV",37.265732,-81.239037,Public,1,Main campus,Available,Southeast,5,Town,Town: Distant,8,1042,"1,000 to 4,999"
237312,University of Charleston,Charleston,WV,25304,"Charleston, WV",38.333367,-81.616244,Private nonprofit,2,Main campus,Available,Southeast,5,City,City: Small,3,2259,"1,000 to 4,999"
237330,Concord University,Athens,WV,24712,"Athens, WV",37.423723,-81.006696,Public,1,Main campus,Available,Southeast,5,Rural,Rural: Fringe,10,1504,"1,000 to 4,999"
237358,Davis & Elkins College,Elkins,WV,26241-3996,"Elkins, WV",38.931232,-79.846022,Private nonprofit,2,Main campus,Available,Southeast,5,Town,Town: Remote,9,661,"Fewer than 1,000"
237367,Fairmont State University,Fairmont,WV,26554-2470,"Fairmont, WV",39.483079,-80.162433,Public,1,Main campus,Available,Southeast,5,Town,Town: Distant,8,2590,"1,000 to 4,999"
237385,Glenville State University,Glenville,WV,26351-1292,"Glenville, WV",38.93547,-80.834295,Public,1,Main campus,Unavailable,Southeast,5,Rural,Rural: Remote,12,1096,"1,000 to 4,999"
237525,Marshall University,Huntington,WV,25755,"Huntington, WV",38.422482,-82.428964,Public,1,Main campus,Available,Southeast,5,City,City: Small,3,7266,"5,000 to 9,999"
237783,Salem University,Salem,WV,26426,"Salem, WV",39.288632,-80.571767,Private for-profit,3,Main campus,Unavailable,Southeast,5,Rural,Rural: Distant,11,892,"Fewer than 1,000"
237792,Shepherd University,Shepherdstown,WV,25443,"Shepherdstown, WV",39.433071,-77.804101,Public,1,Main campus,Available,Southeast,5,Rural,Rural: Fringe,10,2344,"1,000 to 4,999"
237899,West Virginia State University,Institute,WV,25112-1000,"Institute, WV",38.380541,-81.765034,Public,1,Main campus,Available,Southeast,5,Suburb,Suburb: Midsize,5,1321,"1,000 to 4,999"
237932,West Liberty University,West Liberty,WV,26074,"West Liberty, WV",40.164417,-80.602256,Public,1,Main campus,Available,Southeast,5,Rural,Rural: Fringe,10,1511,"1,000 to 4,999"
237950,West Virginia University Institute of Technology,Beckley,WV,25801,"Beckley, WV",37.775924,-81.184072,Public,1,Non-main campus,Available,Southeast,5,City,City: Small,3,981,"Fewer than 1,000"
237969,West Virginia Wesleyan College,Buckhannon,WV,26201-2994,"Buckhannon, WV",38.990661,-80.218969,Private nonprofit,2,Main campus,Available,Southeast,5,Town,Town: Remote,9,954,"Fewer than 1,000"
238032,West Virginia University,Morgantown,WV,26506,"Morgantown, WV",39.634371,-79.954391,Public,1,Main campus,Available,Southeast,5,City,City: Small,3,17385,"10,000 to 19,999"
238078,Wheeling University,Wheeling,WV,26003,"Wheeling, WV",40.070873,-80.690804,Private nonprofit,2,Main campus,Available,Southeast,5,City,City: Small,3,589,"Fewer than 1,000"
238193,Alverno College,Milwaukee,WI,53234-3922,"Milwaukee, WI",42.982842,-87.965174,Private nonprofit,2,Main campus,Available,Great Lakes,3,City,City: Large,1,631,"Fewer than 1,000"
238324,Bellin College,Green Bay,WI,54311,"Green Bay, WI",44.468277,-87.921722,Private nonprofit,2,Main campus,Available,Great Lakes,3,Suburb,Suburb: Midsize,5,372,"Fewer than 1,000"
238333,Beloit College,Beloit,WI,53511-5595,"Beloit, WI",42.504022,-89.029285,Private nonprofit,2,Main campus,Available,Great Lakes,3,City,City: Small,3,926,"Fewer than 1,000"
238458,Carroll University,Waukesha,WI,53186,"Waukesha, WI",43.004527,-88.228114,Private nonprofit,2,Main campus,Available,Great Lakes,3,City,City: Small,3,2523,"1,000 to 4,999"
238476,Carthage College,Kenosha,WI,53140-1994,"Kenosha, WI",42.622969,-87.820924,Private nonprofit,2,Main campus,Available,Great Lakes,3,City,City: Small,3,2660,"1,000 to 4,999"
238616,Concordia University-Wisconsin,Mequon,WI,53097-2402,"Mequon, WI",43.253387,-87.91552,Private nonprofit,2,Main campus,Available,Great Lakes,3,Suburb,Suburb: Large,4,2197,"1,000 to 4,999"
238661,Edgewood University,Madison,WI,53711-1997,"Madison, WI",43.057059,-89.422884,Private nonprofit,2,Main campus,Available,Great Lakes,3,City,City: Large,1,1107,"1,000 to 4,999"
238980,Lakeland University,Plymouth,WI,53073,"Plymouth, WI",43.841573,-87.883414,Private nonprofit,2,Main campus,Available,Great Lakes,3,Rural,Rural: Fringe,10,1212,"1,000 to 4,999"
239017,Lawrence University,Appleton,WI,54911,"Appleton, WI",44.261323,-88.397822,Private nonprofit,2,Main campus,Available,Great Lakes,3,City,City: Small,3,1396,"1,000 to 4,999"
239071,Maranatha Baptist University,Watertown,WI,53094,"Watertown, WI",43.195013,-88.737016,Private nonprofit,2,Main campus,Available,Great Lakes,3,Town,Town: Fringe,7,541,"Fewer than 1,000"
239080,Marian University,Fond Du Lac,WI,54935-4699,"Fond Du Lac, WI",43.777411,-88.420638,Private nonprofit,2,Main campus,Available,Great Lakes,3,City,City: Small,3,1010,"1,000 to 4,999"
239105,Marquette University,Milwaukee,WI,53233,"Milwaukee, WI",43.03903,-87.927961,Private nonprofit,2,Main campus,Available,Great Lakes,3,City,City: Large,1,7660,"5,000 to 9,999"
239309,Milwaukee Institute of Art & Design,Milwaukee,WI,53202-6003,"Milwaukee, WI",43.030917,-87.907925,Private nonprofit,2,Main campus,Available,Great Lakes,3,City,City: Large,1,837,"Fewer than 1,000"
239318,Milwaukee School of Engineering,Milwaukee,WI,53202-3109,"Milwaukee, WI",43.045364,-87.907691,Private nonprofit,2,Main campus,Available,Great Lakes,3,City,City: Large,1,2654,"1,000 to 4,999"
239390,Mount Mary University,Milwaukee,WI,53222-4597,"Milwaukee, WI",43.072507,-88.030732,Private nonprofit,2,Main campus,Available,Great Lakes,3,City,City: Large,1,631,"Fewer than 1,000"
239628,Ripon College,Ripon,WI,54971-0248,"Ripon, WI",43.844135,-88.842333,Private nonprofit,2,Main campus,Available,Great Lakes,3,Town,Town: Distant,8,688,"Fewer than 1,000"
239716,Saint Norbert College,De Pere,WI,54115-2099,"De Pere, WI",44.44483,-88.067812,Private nonprofit,2,Main campus,Available,Great Lakes,3,Suburb,Suburb: Midsize,5,1662,"1,000 to 4,999"
240107,Viterbo University,La Crosse,WI,54601-8804,"La Crosse, WI",43.803133,-91.244297,Private nonprofit,2,Main campus,Available,Great Lakes,3,City,City: Small,3,1249,"1,000 to 4,999"
240189,University of Wisconsin-Whitewater,Whitewater,WI,53190-1790,"Whitewater, WI",42.835563,-88.742368,Public,1,Main campus,Available,Great Lakes,3,Town,Town: Distant,8,9405,"5,000 to 9,999"
240268,University of Wisconsin-Eau Claire,Eau Claire,WI,54701,"Eau Claire, WI",44.798284,-91.501906,Public,1,Main campus,Available,Great Lakes,3,City,City: Small,3,8895,"5,000 to 9,999"
240277,University of Wisconsin-Green Bay,Green Bay,WI,54311-7001,"Green Bay, WI",44.532298,-87.919973,Public,1,Main campus,Available,Great Lakes,3,City,City: Midsize,2,6341,"5,000 to 9,999"
240329,University of Wisconsin-La Crosse,La Crosse,WI,54601-9959,"La Crosse, WI",43.81568,-91.23186,Public,1,Main campus,Available,Great Lakes,3,City,City: Small,3,9277,"5,000 to 9,999"
240338,Wisconsin Lutheran College,Milwaukee,WI,53226-4699,"Milwaukee, WI",43.036943,-88.022718,Private nonprofit,2,Main campus,Available,Great Lakes,3,City,City: Large,1,943,"Fewer than 1,000"
240365,University of Wisconsin-Oshkosh,Oshkosh,WI,54901,"Oshkosh, WI",44.026206,-88.549369,Public,1,Main campus,Available,Great Lakes,3,City,City: Small,3,6877,"5,000 to 9,999"
240374,University of Wisconsin-Parkside,Kenosha,WI,53144,"Kenosha, WI",42.647718,-87.855231,Public,1,Main campus,Available,Great Lakes,3,Rural,Rural: Fringe,10,2844,"1,000 to 4,999"
240417,University of Wisconsin-Stout,Menomonie,WI,54751,"Menomonie, WI",44.873187,-91.926653,Public,1,Main campus,Available,Great Lakes,3,Town,Town: Distant,8,5842,"5,000 to 9,999"
240426,University of Wisconsin-Superior,Superior,WI,54880-4500,"Superior, WI",46.717629,-92.091007,Public,1,Main campus,Available,Great Lakes,3,Suburb,Suburb: Midsize,5,1807,"1,000 to 4,999"
240444,University of Wisconsin-Madison,Madison,WI,53706-1380,"Madison, WI",43.075409,-89.404098,Public,1,Main campus,Available,Great Lakes,3,City,City: Large,1,36902,"20,000 or more"
240453,University of Wisconsin-Milwaukee,Milwaukee,WI,53211,"Milwaukee, WI",43.076848,-87.880488,Public,1,Main campus,Available,Great Lakes,3,City,City: Large,1,16758,"10,000 to 19,999"
240462,University of Wisconsin-Platteville,Platteville,WI,53818-3099,"Platteville, WI",42.733451,-90.48622,Public,1,Main campus,Available,Great Lakes,3,Town,Town: Distant,8,5837,"5,000 to 9,999"
240471,University of Wisconsin-River Falls,River Falls,WI,54022-5001,"River Falls, WI",44.8534,-92.622641,Public,1,Main campus,Available,Great Lakes,3,Town,Town: Distant,8,4205,"1,000 to 4,999"
240480,University of Wisconsin-Stevens Point,Stevens Point,WI,54481-3897,"Stevens Point, WI",44.529582,-89.570934,Public,1,Main campus,Available,Great Lakes,3,Town,Town: Distant,8,7306,"5,000 to 9,999"
240727,University of Wyoming,Laramie,WY,82071,"Laramie, WY",41.311773,-105.57931,Public,1,Main campus,Available,Rocky Mountains,7,Town,Town: Remote,9,7944,"5,000 to 9,999"
240754,University of Guam,Mangilao,GU,96923,"Mangilao, GU",13.433047,144.803978,Public,1,Main campus,Unavailable,Outlying Areas,9,Suburb,Suburb: Midsize,5,2515,"1,000 to 4,999"
241191,Universidad Adventista de las Antillas,Mayaguez,PR,00680-0000,"Mayaguez, PR",18.205685,-67.111207,Private nonprofit,2,Main campus,Available,Outlying Areas,9,Suburb,Suburb: Small,6,830,"Fewer than 1,000"
241216,Atlantic University,Guaynabo,PR,970,"Guaynabo, PR",18.357395,-66.111714,Private nonprofit,2,Main campus,Unavailable,Outlying Areas,9,City,City: Small,3,1451,"1,000 to 4,999"
241225,Universidad Central de Bayamon,Bayamón,PR,00960-1725,"Bayamón, PR",18.398864,-66.180773,Private nonprofit,2,Main campus,Available,Outlying Areas,9,City,City: Midsize,2,539,"Fewer than 1,000"
241331,Albizu University-San Juan,San Juan,PR,00902-3711,"San Juan, PR",18.466573,-66.113908,Private nonprofit,2,Main campus,Available,Outlying Areas,9,City,City: Large,1,728,"Fewer than 1,000"
241386,Caribbean University-Carolina,Carolina,PR,985,"Carolina, PR",18.380193,-65.960036,Private nonprofit,2,Non-main campus,Unavailable,Outlying Areas,9,Suburb,Suburb: Large,4,99,"Fewer than 1,000"
241395,Pontifical Catholic University of Puerto Rico-Arecibo,Arecibo,PR,00614-4045,"Arecibo, PR",18.446006,-66.679114,Private nonprofit,2,Non-main campus,Available,Outlying Areas,9,Suburb,Suburb: Small,6,273,"Fewer than 1,000"
241410,Pontifical Catholic University of Puerto Rico-Ponce,Ponce,PR,00717-9997,"Ponce, PR",18.00165,-66.617138,Private nonprofit,2,Main campus,Available,Outlying Areas,9,City,City: Midsize,2,3874,"1,000 to 4,999"
241614,Universidad Teologica del Caribe,Trujillo Alto,PR,00978-0901,"Trujillo Alto, PR",18.373928,-66.010617,Private nonprofit,2,Main campus,Unavailable,Outlying Areas,9,Suburb,Suburb: Large,4,173,"Fewer than 1,000"
241739,Universidad Ana G. Mendez-Cupey Campus,San Juan,PR,928,"San Juan, PR",18.387183,-66.061647,Private nonprofit,2,Main campus,Unavailable,Outlying Areas,9,City,City: Large,1,4540,"1,000 to 4,999"
241766,Puerto Rico Conservatory of Music,San Juan,PR,00907-3373,"San Juan, PR",18.454016,-66.078811,Public,1,Main campus,Available,Outlying Areas,9,City,City: Large,1,307,"Fewer than 1,000"
241951,Escuela de Artes Plasticas y Diseno de Puerto Rico,San Juan,PR,00902-1112,"San Juan, PR",18.46778,-66.121348,Public,1,Main campus,Available,Outlying Areas,9,City,City: Large,1,466,"Fewer than 1,000"
242617,Inter American University of Puerto Rico-San German,San German,PR,683,"San German, PR",18.08353,-67.05082,Private nonprofit,2,Main campus,Available,Outlying Areas,9,Suburb,Suburb: Small,6,2569,"1,000 to 4,999"
242626,Inter American University of Puerto Rico-Aguadilla,Aguadilla,PR,603,"Aguadilla, PR",18.467886,-67.121671,Private nonprofit,2,Main campus,Available,Outlying Areas,9,Suburb,Suburb: Midsize,5,2906,"1,000 to 4,999"
242635,Inter American University of Puerto Rico-Arecibo,Arecibo,PR,614,"Arecibo, PR",18.47509,-66.75901,Private nonprofit,2,Main campus,Available,Outlying Areas,9,City,City: Small,3,2220,"1,000 to 4,999"
242644,Inter American University of Puerto Rico-Barranquitas,Barranquitas,PR,794,"Barranquitas, PR",18.182777,-66.303153,Private nonprofit,2,Main campus,Available,Outlying Areas,9,Suburb,Suburb: Large,4,937,"Fewer than 1,000"
242653,Inter American University of Puerto Rico-Metro,San Juan,PR,919,"San Juan, PR",18.368988,-66.077711,Private nonprofit,2,Main campus,Available,Outlying Areas,9,City,City: Large,1,2607,"1,000 to 4,999"
242662,Inter American University of Puerto Rico-Ponce,Mercedita,PR,00715-1602,"Mercedita, PR",18.007388,-66.578498,Private nonprofit,2,Main campus,Available,Outlying Areas,9,Rural,Rural: Fringe,10,2404,"1,000 to 4,999"
242680,Inter American University of Puerto Rico-Fajardo,Fajardo,PR,00738-7003,"Fajardo, PR",18.329222,-65.648052,Private nonprofit,2,Main campus,Available,Outlying Areas,9,Suburb,Suburb: Small,6,1072,"1,000 to 4,999"
242705,Inter American University of Puerto Rico-Bayamon,Bayamon,PR,00957-6257,"Bayamon, PR",18.351631,-66.182473,Private nonprofit,2,Main campus,Available,Outlying Areas,9,City,City: Midsize,2,3476,"1,000 to 4,999"
243106,University of Puerto Rico-Aguadilla,Aguadilla,PR,00604-1309,"Aguadilla, PR",18.498652,-67.13793,Public,1,Main campus,Available,Outlying Areas,9,Suburb,Suburb: Midsize,5,1883,"1,000 to 4,999"
243115,University of Puerto Rico-Arecibo,Arecibo,PR,00614-4010,"Arecibo, PR",18.469199,-66.74114,Public,1,Main campus,Available,Outlying Areas,9,City,City: Small,3,2669,"1,000 to 4,999"
243133,University of Puerto Rico,Bayamon,PR,959,"Bayamon, PR",18.371398,-66.143541,Public,1,Main campus,Available,Outlying Areas,9,City,City: Midsize,2,2851,"1,000 to 4,999"
243142,University of Puerto Rico-Carolina,Carolina,PR,00984-4800,"Carolina, PR",18.392069,-65.990165,Public,1,Main campus,Available,Outlying Areas,9,Suburb,Suburb: Large,4,2404,"1,000 to 4,999"
243151,University of Puerto Rico at Cayey,Cayey,PR,00737-2230,"Cayey, PR",18.11882,-66.162066,Public,1,Main campus,Available,Outlying Areas,9,Suburb,Suburb: Large,4,2069,"1,000 to 4,999"
243179,University of Puerto Rico-Humacao,Humacao,PR,792,"Humacao, PR",18.146589,-65.838602,Public,1,Main campus,Available,Outlying Areas,9,Suburb,Suburb: Large,4,2529,"1,000 to 4,999"
243197,University of Puerto Rico-Mayaguez,Mayaguez,PR,681,"Mayaguez, PR",18.211142,-67.139172,Public,1,Main campus,Available,Outlying Areas,9,City,City: Small,3,9539,"5,000 to 9,999"
243203,University of Puerto Rico-Medical Sciences,San Juan,PR,00936-5067,"San Juan, PR",18.396548,-66.074894,Public,1,Main campus,Unavailable,Outlying Areas,9,City,City: Large,1,233,"Fewer than 1,000"
243212,University of Puerto Rico at Ponce,Ponce,PR,00716-9996,"Ponce, PR",17.993314,-66.606215,Public,1,Main campus,Available,Outlying Areas,9,City,City: Midsize,2,2278,"1,000 to 4,999"
243221,University of Puerto Rico-Rio Piedras,San Juan,PR,00931-0000,"San Juan, PR",18.402826,-66.050009,Public,1,Main campus,Available,Outlying Areas,9,City,City: Large,1,8572,"5,000 to 9,999"
243346,Universidad Ana G. Mendez-Carolina Campus,Carolina,PR,00985-0985,"Carolina, PR",18.414805,-65.983869,Private nonprofit,2,Main campus,Unavailable,Outlying Areas,9,Suburb,Suburb: Large,4,4468,"1,000 to 4,999"
243443,Universidad del Sagrado Corazon,Santurce,PR,907,"Santurce, PR",18.441166,-66.059617,Private nonprofit,2,Main campus,Available,Outlying Areas,9,City,City: Large,1,4442,"1,000 to 4,999"
243577,Universidad Politecnica de Puerto Rico,Hato Rey,PR,919,"Hato Rey, PR",18.422195,-66.056084,Private nonprofit,2,Main campus,Unavailable,Outlying Areas,9,City,City: Large,1,3594,"1,000 to 4,999"
243586,Pontifical Catholic University of Puerto Rico-Mayaguez,Mayaguez,PR,00680-1713,"Mayaguez, PR",18.182375,-67.145695,Private nonprofit,2,Non-main campus,Available,Outlying Areas,9,City,City: Small,3,555,"Fewer than 1,000"
243601,Universidad Ana G. Mendez-Gurabo Campus,Gurabo,PR,00778-3030,"Gurabo, PR",18.239647,-66.006259,Private nonprofit,2,Main campus,Unavailable,Outlying Areas,9,Suburb,Suburb: Large,4,7868,"5,000 to 9,999"
243665,University of the Virgin Islands,Charlotte Amalie,VI,00802-9990,"Charlotte Amalie, VI",18.344193,-64.972866,Public,1,Main campus,Available,Outlying Areas,9,Rural,Rural: Fringe,10,1518,"1,000 to 4,999"
243744,Stanford University,Stanford,CA,94305,"Stanford, CA",37.429434,-122.167359,Private nonprofit,2,Main campus,Available,Far West,8,Suburb,Suburb: Large,4,7554,"5,000 to 9,999"
243780,Purdue University-Main Campus,West Lafayette,IN,47907-2040,"West Lafayette, IN",40.428206,-86.914435,Public,1,Main campus,Available,Great Lakes,3,City,City: Small,3,44503,"20,000 or more"
243823,Parker University,Dallas,TX,75229-5668,"Dallas, TX",32.880335,-96.893564,Private nonprofit,2,Main campus,Unavailable,Southwest,6,City,City: Large,1,607,"Fewer than 1,000"
245652,St. John's College,Santa Fe,NM,87505-4599,"Santa Fe, NM",35.666974,-105.912478,Private nonprofit,2,Main campus,Available,Southwest,6,Rural,Rural: Fringe,10,368,"Fewer than 1,000"
245777,Bais Medrash Elyon,Monsey,NY,10952,"Monsey, NY",41.114079,-74.069798,Private nonprofit,2,Main campus,Available,Mid East,2,Suburb,Suburb: Large,4,61,"Fewer than 1,000"
245838,Antioch University-Los Angeles,Culver City,CA,90230-7615,"Culver City, CA",33.988533,-118.384458,Private nonprofit,2,Non-main campus,Unavailable,Far West,8,Suburb,Suburb: Large,4,60,"Fewer than 1,000"
245847,Antioch University-Santa Barbara,Santa Barbara,CA,93101,"Santa Barbara, CA",34.419203,-119.6958,Private nonprofit,2,Non-main campus,Unavailable,Far West,8,City,City: Small,3,55,"Fewer than 1,000"
245883,Antioch University-Seattle,Seattle,WA,98121-1814,"Seattle, WA",47.615916,-122.346318,Private nonprofit,2,Non-main campus,Unavailable,Far West,8,City,City: Large,1,74,"Fewer than 1,000"
245892,Antioch University,Yellow Springs,OH,45387,"Yellow Springs, OH",39.80321,-83.908684,Private nonprofit,2,Main campus,Unavailable,Great Lakes,3,Rural,Rural: Fringe,10,77,"Fewer than 1,000"
245953,Mid-America Christian University,Oklahoma City,OK,73170,"Oklahoma City, OK",35.347785,-97.578297,Private nonprofit,2,Main campus,Available,Southwest,6,City,City: Large,1,1666,"1,000 to 4,999"
247773,Yeshiva Gedolah of Greater Detroit,Oak Park,MI,48237,"Oak Park, MI",42.471924,-83.200754,Private nonprofit,2,Main campus,Available,Great Lakes,3,Suburb,Suburb: Large,4,75,"Fewer than 1,000"
251312,South University-Columbia,Columbia,SC,29203,"Columbia, SC",34.098042,-80.961839,Private for-profit,3,Non-main campus,Unavailable,Southeast,5,Suburb,Suburb: Large,4,450,"Fewer than 1,000"
262086,University of Massachusetts Global,Aliso Viejo,CA,92656,"Aliso Viejo, CA",33.582886,-117.727737,Public,1,Main campus,Unavailable,Far West,8,Suburb,Suburb: Large,4,4491,"1,000 to 4,999"
262129,New College of Florida,Sarasota,FL,34243-2109,"Sarasota, FL",27.384925,-82.55858,Public,1,Main campus,Available,Southeast,5,City,City: Small,3,843,"Fewer than 1,000"
262165,Montana Bible College,Billings,MT,59106,"Billings, MT",45.741788,-108.615675,Private nonprofit,2,Main campus,Unavailable,Rocky Mountains,7,Suburb,Suburb: Midsize,5,24,"Fewer than 1,000"
363712,Yeshivah Gedolah Rabbinical College,Miami Beach,FL,33139,"Miami Beach, FL",25.782445,-80.141334,Private nonprofit,2,Main campus,Unavailable,Southeast,5,City,City: Small,3,60,"Fewer than 1,000"
363907,Caribbean University-Ponce,Ponce,PR,00716-7733,"Ponce, PR",18.006633,-66.59425,Private nonprofit,2,Non-main campus,Unavailable,Outlying Areas,9,City,City: Midsize,2,414,"Fewer than 1,000"
363916,Caribbean University-Vega Baja,Vega Baja,PR,964,"Vega Baja, PR",18.444882,-66.40315,Private nonprofit,2,Non-main campus,Unavailable,Outlying Areas,9,Suburb,Suburb: Large,4,152,"Fewer than 1,000"
366711,California State University-San Marcos,San Marcos,CA,92096-0001,"San Marcos, CA",33.130569,-117.159013,Public,1,Main campus,Available,Far West,8,Suburb,Suburb: Large,4,14877,"10,000 to 19,999"
368452,Nossi College of Art and Design,Nashville,TN,37115,"Nashville, TN",36.24323,-86.738561,Private for-profit,3,Main campus,Available,Southeast,5,City,City: Large,1,247,"Fewer than 1,000"
375230,Yeshiva Gedolah Imrei Yosef D'spinka,Brooklyn,NY,11219,"Brooklyn, NY",40.628468,-73.992328,Private nonprofit,2,Main campus,Unavailable,Mid East,2,City,City: Large,1,226,"Fewer than 1,000"
377546,Northwest College of Art & Design,Tacoma,WA,98402,"Tacoma, WA",47.25249,-122.43885,Private for-profit,3,Main campus,Available,Far West,8,City,City: Midsize,2,139,"Fewer than 1,000"
377555,University of Washington-Bothell Campus,Bothell,WA,98011-8246,"Bothell, WA",47.759773,-122.191293,Public,1,Non-main campus,Available,Far West,8,Suburb,Suburb: Large,4,5457,"5,000 to 9,999"
377564,University of Washington-Tacoma Campus,Tacoma,WA,98402-3100,"Tacoma, WA",47.244594,-122.438541,Public,1,Non-main campus,Available,Far West,8,City,City: Midsize,2,4185,"1,000 to 4,999"
380438,Provo College,Provo,UT,84601,"Provo, UT",40.245294,-111.68431,Private for-profit,3,Main campus,Unavailable,Rocky Mountains,7,City,City: Midsize,2,669,"Fewer than 1,000"
384254,Beacon College,Leesburg,FL,34748,"Leesburg, FL",28.811281,-81.87415,Private nonprofit,2,Main campus,Available,Southeast,5,Suburb,Suburb: Midsize,5,506,"Fewer than 1,000"
384421,Rabbi Jacob Joseph School,Edison,NJ,08817-4494,"Edison, NJ",40.501001,-74.397954,Private nonprofit,2,Main campus,Available,Mid East,2,Suburb,Suburb: Large,4,115,"Fewer than 1,000"
385619,Everglades University,Boca Raton,FL,33431,"Boca Raton, FL",26.391218,-80.108331,Private nonprofit,2,Main campus,Available,Southeast,5,City,City: Small,3,2789,"1,000 to 4,999"
388520,College of Biblical Studies-Houston,Houston,TX,77036-3211,"Houston, TX",29.716676,-95.506559,Private nonprofit,2,Main campus,Unavailable,Southwest,6,City,City: Large,1,419,"Fewer than 1,000"
399911,Soka University of America,Aliso Viejo,CA,92656-8081,"Aliso Viejo, CA",33.554546,-117.735344,Private nonprofit,2,Main campus,Available,Far West,8,Suburb,Suburb: Large,4,484,"Fewer than 1,000"
401223,World Mission University,Los Angeles,CA,90020,"Los Angeles, CA",34.064918,-118.289484,Private nonprofit,2,Main campus,Unavailable,Far West,8,City,City: Large,1,207,"Fewer than 1,000"
404338,Schiller International University,Tampa,FL,33602,"Tampa, FL",27.947866,-82.459292,Private for-profit,3,Main campus,Unavailable,Southeast,5,City,City: Large,1,43,"Fewer than 1,000"
405854,Rabbinical College of Ohr Shimon Yisroel,Brooklyn,NY,11211,"Brooklyn, NY",40.704389,-73.956772,Private nonprofit,2,Main campus,Unavailable,Mid East,2,City,City: Large,1,232,"Fewer than 1,000"
407610,Pacific Bible College,Medford,OR,97501,"Medford, OR",42.326183,-122.880612,Private nonprofit,2,Main campus,Available,Far West,8,City,City: Small,3,22,"Fewer than 1,000"
409698,California State University-Monterey Bay,Seaside,CA,93955-8001,"Seaside, CA",36.652397,-121.796178,Public,1,Main campus,Available,Far West,8,Suburb,Suburb: Midsize,5,6819,"5,000 to 9,999"
413413,Capella University,Minneapolis,MN,55402-3389,"Minneapolis, MN",44.976286,-93.268796,Private for-profit,3,Main campus,Unavailable,Plains,4,City,City: Large,1,18364,"10,000 to 19,999"
414878,Trine University-Regional/Non-Traditional Campuses,Angola,IN,46703,"Angola, IN",41.632502,-85.008009,Private nonprofit,2,Non-main campus,Available,Great Lakes,3,Town,Town: Distant,8,607,"Fewer than 1,000"
416801,The University of Texas MD Anderson Cancer Center,Houston,TX,77030-4009,"Houston, TX",29.707016,-95.396804,Public,1,Main campus,Unavailable,Southwest,6,City,City: Large,1,334,"Fewer than 1,000"
417752,Messenger College,Bedford,TX,76021,"Bedford, TX",32.85076,-97.161015,Private nonprofit,2,Main campus,Available,Southwest,6,Suburb,Suburb: Large,4,24,"Fewer than 1,000"
418126,New York College of Health Professions,Syosset,NY,11791-4413,"Syosset, NY",40.811129,-73.51534,Private nonprofit,2,Main campus,Unavailable,Mid East,2,Suburb,Suburb: Large,4,58,"Fewer than 1,000"
420325,Yeshiva D'monsey Rabbinical College,Monsey,NY,10952,"Monsey, NY",41.114173,-74.064721,Private nonprofit,2,Main campus,Available,Mid East,2,Suburb,Suburb: Large,4,84,"Fewer than 1,000"
421708,Arizona College of Nursing-Tempe,Tempe,AZ,85282-1840,"Tempe, AZ",33.403079,-111.965808,Private for-profit,3,Main campus,Available,Southwest,6,City,City: Midsize,2,1202,"1,000 to 4,999"
421878,Eastern International College-Jersey City,Jersey City,NJ,7306,"Jersey City, NJ",40.735178,-74.060452,Private for-profit,3,Main campus,Available,Mid East,2,City,City: Large,1,495,"Fewer than 1,000"
426314,Embry-Riddle Aeronautical University-Worldwide,Daytona Beach,FL,32114-3900,"Daytona Beach, FL",29.189903,-81.048367,Private nonprofit,2,Non-main campus,Available,Southeast,5,City,City: Small,3,9139,"5,000 to 9,999"
428259,Ottawa University-Milwaukee,Brookfield,WI,53005,"Brookfield, WI",43.02963,-88.115185,Private nonprofit,2,Non-main campus,Unavailable,Great Lakes,3,Suburb,Suburb: Large,4,41,"Fewer than 1,000"
430184,Strayer University-Maryland,Baltimore,MD,21230,"Baltimore, MD",38.827438,-76.918039,Private for-profit,3,Non-main campus,Unavailable,Mid East,2,Suburb,Suburb: Large,4,1043,"1,000 to 4,999"
430670,San Juan Bautista School of Medicine,Caguas,PR,00725-4968,"Caguas, PR",18.220528,-66.050389,Private nonprofit,2,Main campus,Available,Outlying Areas,9,City,City: Small,3,94,"Fewer than 1,000"
433004,American University of Health Sciences,Signal Hill,CA,90755-3612,"Signal Hill, CA",33.796849,-118.171366,Private for-profit,3,Main campus,Available,Far West,8,Suburb,Suburb: Large,4,351,"Fewer than 1,000"
433387,Western Governors University,Salt Lake City,UT,84107,"Salt Lake City, UT",40.68481,-111.869752,Private nonprofit,2,Main campus,Unavailable,Rocky Mountains,7,Suburb,Suburb: Large,4,155088,"20,000 or more"
433420,California Aeronautical University,Bakersfield,CA,93308,"Bakersfield, CA",35.434905,-119.049264,Private for-profit,3,Main campus,Unavailable,Far West,8,Suburb,Suburb: Large,4,347,"Fewer than 1,000"
433660,Florida Gulf Coast University,Fort Myers,FL,33965-6565,"Fort Myers, FL",26.463638,-81.7726,Public,1,Main campus,Available,Southeast,5,Suburb,Suburb: Large,4,13874,"10,000 to 19,999"
434937,Yeshiva College of the Nations Capital,Silver  Spring,MD,20902,"Silver  Spring, MD",39.042404,-77.030566,Private nonprofit,2,Main campus,Unavailable,Mid East,2,Suburb,Suburb: Large,4,56,"Fewer than 1,000"
435000,Louisiana State University Health Sciences Center-Shreveport,Shreveport,LA,71103,"Shreveport, LA",32.480683,-93.761018,Public,1,Main campus,Unavailable,Southeast,5,City,City: Midsize,2,21,"Fewer than 1,000"
436429,Los Angeles Film School,Hollywood,CA,90028,"Hollywood, CA",34.098338,-118.3284,Private for-profit,3,Main campus,Unavailable,Far West,8,City,City: Large,1,5472,"5,000 to 9,999"
436614,International Baptist College and Seminary,Chandler,AZ,85286,"Chandler, AZ",33.273788,-111.879629,Private nonprofit,2,Main campus,Unavailable,Southwest,6,City,City: Large,1,43,"Fewer than 1,000"
436818,University of Connecticut-Waterbury Campus,Waterbury,CT,6702,"Waterbury, CT",41.555617,-73.039242,Public,1,Non-main campus,Available,New England,1,City,City: Midsize,2,733,"Fewer than 1,000"
436827,University of Connecticut-Avery Point,Groton,CT,06340-6097,"Groton, CT",41.316419,-72.065336,Public,1,Non-main campus,Available,New England,1,Suburb,Suburb: Midsize,5,454,"Fewer than 1,000"
436836,University of Connecticut-Stamford,Stamford,CT,06901-2315,"Stamford, CT",41.056081,-73.542206,Public,1,Non-main campus,Available,New England,1,City,City: Midsize,2,2432,"1,000 to 4,999"
437097,University of Management and Technology,Arlington,VA,22209-1609,"Arlington, VA",38.89743,-77.072001,Private for-profit,3,Main campus,Unavailable,Southeast,5,City,City: Midsize,2,294,"Fewer than 1,000"
438586,American InterContinental University-Atlanta,Atlanta,GA,30328,"Atlanta, GA",33.938779,-84.354907,Private for-profit,3,Non-main campus,Unavailable,Southeast,5,City,City: Midsize,2,734,"Fewer than 1,000"
439701,The King's University,Southlake,TX,76092,"Southlake, TX",32.93973,-97.121526,Private nonprofit,2,Main campus,Available,Southwest,6,Suburb,Suburb: Large,4,251,"Fewer than 1,000"
440396,New Saint Andrews College,Moscow,ID,83843-1525,"Moscow, ID",46.731422,-117.001804,Private nonprofit,2,Main campus,Available,Rocky Mountains,7,Town,Town: Distant,8,305,"Fewer than 1,000"
440794,Pillar College,Newark,NJ,7102,"Newark, NJ",40.738539,-74.169153,Private nonprofit,2,Main campus,Unavailable,Mid East,2,City,City: Large,1,498,"Fewer than 1,000"
440828,Oregon State University-Cascades Campus,Bend,OR,97702,"Bend, OR",44.042795,-121.333703,Public,1,Non-main campus,Available,Far West,8,City,City: Midsize,2,1044,"1,000 to 4,999"
440916,Southern University Law Center,Baton Rouge,LA,70813,"Baton Rouge, LA",30.523898,-91.194417,Public,1,Non-main campus,Unavailable,Southeast,5,City,City: Midsize,2,607,"Fewer than 1,000"
441900,Nevada State University,Henderson,NV,89002,"Henderson, NV",35.982345,-114.938044,Public,1,Main campus,Available,Far West,8,Rural,Rural: Fringe,10,3762,"1,000 to 4,999"
441937,California State University-Channel Islands,Camarillo,CA,93012,"Camarillo, CA",34.162949,-119.04356,Public,1,Main campus,Available,Far West,8,Rural,Rural: Fringe,10,5013,"5,000 to 9,999"
441982,Franklin W Olin College of Engineering,Needham,MA,02492-1200,"Needham, MA",42.293527,-71.263378,Private nonprofit,2,Main campus,Available,New England,1,Suburb,Suburb: Large,4,377,"Fewer than 1,000"
442569,University of Arkansas Grantham,LIttle Rock,AR,72207,"LIttle Rock, AR",34.775996,-92.343582,Public,1,Main campus,Unavailable,Southeast,5,City,City: Midsize,2,2833,"1,000 to 4,999"
442639,University of the Potomac-VA Campus,FALLS CHURCH,VA,22043-2536,"FALLS CHURCH, VA",38.906944,-77.216062,Private for-profit,3,Non-main campus,Unavailable,Southeast,5,Suburb,Suburb: Large,4,157,"Fewer than 1,000"
443049,Faith International University,Tacoma,WA,98407-2607,"Tacoma, WA",47.280168,-122.51687,Private nonprofit,2,Main campus,Unavailable,Far West,8,City,City: Midsize,2,276,"Fewer than 1,000"
443058,Family of Faith Christian University,Shawnee,OK,74804,"Shawnee, OK",35.462234,-96.901413,Private nonprofit,2,Main campus,Available,Southwest,6,Rural,Rural: Distant,11,82,"Fewer than 1,000"
443331,West Coast University-Texas,Richardson,TX,75080-2712,"Richardson, TX",34.187134,-118.39941,Private for-profit,3,Main campus,Unavailable,Southwest,6,City,City: Large,1,2673,"1,000 to 4,999"
443340,Williamson Christian College,Franklin,TN,37067,"Franklin, TN",35.95616,-86.828311,Private nonprofit,2,Main campus,Unavailable,Southeast,5,City,City: Small,3,41,"Fewer than 1,000"
443410,DigiPen Institute of Technology,Redmond,WA,98052,"Redmond, WA",47.68871,-122.150603,Private for-profit,3,Main campus,Available,Far West,8,City,City: Small,3,995,"Fewer than 1,000"
443562,Dewey University-Hato Rey,Hato Rey,PR,910,"Hato Rey, PR",18.417614,-66.043033,Private nonprofit,2,Non-main campus,Unavailable,Outlying Areas,9,City,City: Large,1,244,"Fewer than 1,000"
443766,Strayer University-Tennessee,Nashville,TN,37210,"Nashville, TN",35.076643,-89.901042,Private for-profit,3,Non-main campus,Unavailable,Southeast,5,City,City: Large,1,1784,"1,000 to 4,999"
443784,Strayer University-Pennsylvania,Philadelphia,PA,19102,"Philadelphia, PA",40.13955,-74.962991,Private for-profit,3,Non-main campus,Unavailable,Mid East,2,Suburb,Suburb: Large,4,1226,"1,000 to 4,999"
444088,Brookline College-Albuquerque,Albuquerque,NM,87102,"Albuquerque, NM",35.0894,-106.649835,Private for-profit,3,Non-main campus,Unavailable,Southwest,6,City,City: Large,1,542,"Fewer than 1,000"
444130,Northcentral University,San Diego,CA,92123,"San Diego, CA",32.829299,-117.127296,Private nonprofit,2,Main campus,Unavailable,Far West,8,City,City: Large,1,60,"Fewer than 1,000"
444398,Baptist University of the Americas,San Antonio,TX,78224-1443,"San Antonio, TX",29.342919,-98.541223,Private nonprofit,2,Main campus,Unavailable,Southwest,6,City,City: Large,1,99,"Fewer than 1,000"
444413,Beis Medrash Heichal Dovid,Far Rockaway,NY,11691-4433,"Far Rockaway, NY",40.596845,-73.751633,Private nonprofit,2,Main campus,Available,Mid East,2,City,City: Large,1,206,"Fewer than 1,000"
444787,Nightingale College,Salt Lake City,UT,84111,"Salt Lake City, UT",40.767465,-111.887917,Private for-profit,3,Main campus,Unavailable,Rocky Mountains,7,City,City: Midsize,2,5986,"5,000 to 9,999"
445027,American InterContinental University System,Chandler,AZ,85286,"Chandler, AZ",33.278816,-111.804036,Private for-profit,3,Main campus,Unavailable,Southwest,6,City,City: Large,1,7111,"5,000 to 9,999"
445133,American InterContinental University-Houston,Houston,TX,77042,"Houston, TX",29.728216,-95.548302,Private for-profit,3,Non-main campus,Unavailable,Southwest,6,City,City: Large,1,94,"Fewer than 1,000"
445188,University of California-Merced,Merced,CA,95343-5603,"Merced, CA",37.366237,-120.424944,Public,1,Main campus,Available,Far West,8,Suburb,Suburb: Midsize,5,8372,"5,000 to 9,999"
445267,Central Methodist University-College of Graduate and Extended Studies,Fayette,MO,65248-1198,"Fayette, MO",39.150497,-92.685253,Private nonprofit,2,Non-main campus,Available,Plains,4,Rural,Rural: Distant,11,2092,"1,000 to 4,999"
445692,Neumont College of Computer Science,Salt Lake City,UT,84111-1917,"Salt Lake City, UT",40.766096,-111.890573,Private for-profit,3,Main campus,Available,Rocky Mountains,7,City,City: Midsize,2,453,"Fewer than 1,000"
445735,Roseman University of Health Sciences,Henderson,NV,89014,"Henderson, NV",36.073182,-115.064633,Private nonprofit,2,Main campus,Unavailable,Far West,8,City,City: Large,1,536,"Fewer than 1,000"
446048,Ave Maria University,Ave Maria,FL,34142-9505,"Ave Maria, FL",26.335983,-81.438945,Private nonprofit,2,Main campus,Available,Southeast,5,Rural,Rural: Distant,11,1298,"1,000 to 4,999"
446233,Ecclesia College,Springdale,AR,72762,"Springdale, AR",36.2141,-94.236643,Private nonprofit,2,Main campus,Available,Southeast,5,Rural,Rural: Fringe,10,108,"Fewer than 1,000"
446385,Los Angeles College of Music,Pasadena,CA,91105,"Pasadena, CA",34.139293,-118.150113,Private for-profit,3,Main campus,Available,Far West,8,City,City: Midsize,2,227,"Fewer than 1,000"
446561,Stanbridge University,Irvine,CA,92612,"Irvine, CA",33.678879,-117.857636,Private for-profit,3,Main campus,Available,Far West,8,City,City: Large,1,2643,"1,000 to 4,999"
446604,Uta Mesivta of Kiryas Joel,Monroe,NY,10950,"Monroe, NY",41.333864,-74.161179,Private nonprofit,2,Main campus,Unavailable,Mid East,2,City,City: Small,3,2957,"1,000 to 4,999"
446640,Harrisburg University of Science and Technology,Harrisburg,PA,17101-2208,"Harrisburg, PA",40.26193,-76.880261,Private nonprofit,2,Main campus,Available,Mid East,2,City,City: Small,3,615,"Fewer than 1,000"
447050,United States University,Sandy Springs,CA,30328,"Sandy Springs, CA",32.761148,-117.162166,Private for-profit,3,Main campus,Unavailable,Far West,8,City,City: Large,1,153,"Fewer than 1,000"
447421,Eagle Gate College-Layton,Layton,UT,84041,"Layton, UT",41.073374,-111.973885,Private for-profit,3,Non-main campus,Unavailable,Rocky Mountains,7,Suburb,Suburb: Large,4,226,"Fewer than 1,000"
447689,Georgia Gwinnett College,Lawrenceville,GA,30043,"Lawrenceville, GA",33.979409,-84.00459,Public,1,Main campus,Available,Southeast,5,Suburb,Suburb: Large,4,11344,"10,000 to 19,999"
447953,SUM Bible College and Theological Seminary,El Dorado Hills,CA,95762,"El Dorado Hills, CA",38.620833,-121.054758,Private nonprofit,2,Main campus,Available,Far West,8,Suburb,Suburb: Large,4,198,"Fewer than 1,000"
448239,Careers Unlimited,Orem,UT,84058,"Orem, UT",40.275775,-111.731006,Private for-profit,3,Main campus,Unavailable,Rocky Mountains,7,City,City: Small,3,118,"Fewer than 1,000"
449038,Strayer University-Florida,Tampa,FL,33610,"Tampa, FL",27.997442,-82.35991,Private for-profit,3,Non-main campus,Unavailable,Southeast,5,Suburb,Suburb: Large,4,1107,"1,000 to 4,999"
449339,American Public University System,Charles Town,WV,25414,"Charles Town, WV",39.287826,-77.860121,Private for-profit,3,Main campus,Unavailable,Southeast,5,Town,Town: Fringe,7,40074,"20,000 or more"
449384,Gnomon,North Hollywood,CA,91606-3324,"North Hollywood, CA",34.181916,-118.394477,Private for-profit,3,Main campus,Available,Far West,8,City,City: Large,1,294,"Fewer than 1,000"
449658,Bais Medrash Toras Chesed,Lakewood,NJ,8701,"Lakewood, NJ",40.099704,-74.21127,Private nonprofit,2,Main campus,Available,Mid East,2,City,City: Small,3,132,"Fewer than 1,000"
449764,Visible Music College,Memphis,TN,38103,"Memphis, TN",35.144586,-90.049381,Private nonprofit,2,Main campus,Available,Southeast,5,City,City: Large,1,79,"Fewer than 1,000"
449870,University of the West,Rosemead,CA,91770,"Rosemead, CA",34.045985,-118.082964,Private nonprofit,2,Main campus,Available,Far West,8,Suburb,Suburb: Large,4,32,"Fewer than 1,000"
449889,American College of Education,Indianapolis,IN,46204,"Indianapolis, IN",39.76975,-86.160161,Private for-profit,3,Main campus,Unavailable,Great Lakes,3,City,City: Large,1,359,"Fewer than 1,000"
449898,South University-Tampa,Tampa,FL,33614-7095,"Tampa, FL",27.982269,-82.500357,Private for-profit,3,Non-main campus,Unavailable,Southeast,5,City,City: Large,1,388,"Fewer than 1,000"
450298,Strayer University-Delaware,Wilmington,DE,19801,"Wilmington, DE",39.743357,-75.547914,Private for-profit,3,Non-main campus,Unavailable,Mid East,2,City,City: Small,3,161,"Fewer than 1,000"
450377,Strayer University-Alabama,Birmingham,AL,35203,"Birmingham, AL",33.513375,-86.80574,Private for-profit,3,Non-main campus,Unavailable,Southeast,5,City,City: Midsize,2,1196,"1,000 to 4,999"
450933,Columbia Southern University,Orange Beach,AL,36561-9000,"Orange Beach, AL",30.329288,-87.653162,Private for-profit,3,Main campus,Unavailable,Southeast,5,Town,Town: Fringe,7,12176,"10,000 to 19,999"
451370,Yeshivas Be'er Yitzchok,Elizabeth,NJ,7208,"Elizabeth, NJ",40.682465,-74.213255,Private nonprofit,2,Main campus,Available,Mid East,2,Suburb,Suburb: Large,4,90,"Fewer than 1,000"
451398,Yeshiva Toras Chaim,Lakewood,NJ,8701,"Lakewood, NJ",40.098692,-74.182143,Private nonprofit,2,Main campus,Available,Mid East,2,Suburb,Suburb: Large,4,227,"Fewer than 1,000"
451404,Talmudical Seminary of Bobov,Brooklyn,NY,11219,"Brooklyn, NY",40.634485,-73.995378,Private nonprofit,2,Main campus,Available,Mid East,2,City,City: Large,1,602,"Fewer than 1,000"
451927,Patrick Henry College,Purcellville,VA,20132,"Purcellville, VA",39.138687,-77.690939,Private nonprofit,2,Main campus,Available,Southeast,5,Town,Town: Fringe,7,395,"Fewer than 1,000"
453163,Strayer University-North Carolina,Greensboro,NC,27407-2638,"Greensboro, NC",36.051694,-79.882713,Private for-profit,3,Non-main campus,Unavailable,Southeast,5,City,City: Large,1,2671,"1,000 to 4,999"
453215,Strayer University-New Jersey,Piscataway,NJ,8854,"Piscataway, NJ",40.554506,-74.474974,Private for-profit,3,Non-main campus,Unavailable,Mid East,2,Suburb,Suburb: Large,4,702,"Fewer than 1,000"
454227,Chamberlain University-Illinois,Addison,IL,60101,"Addison, IL",41.949727,-88.038558,Private for-profit,3,Main campus,Available,Great Lakes,3,Suburb,Suburb: Large,4,14027,"10,000 to 19,999"
454236,Chamberlain University-Ohio,Columbus,OH,43219,"Columbus, OH",40.054055,-82.912163,Private for-profit,3,Non-main campus,Available,Great Lakes,3,City,City: Large,1,257,"Fewer than 1,000"
454245,Chamberlain University-Arizona,Phoenix,AZ,85027,"Phoenix, AZ",33.670583,-112.100547,Private for-profit,3,Non-main campus,Available,Southwest,6,City,City: Large,1,693,"Fewer than 1,000"
454582,Ottawa University-Online,Overland Park,KS,66211,"Overland Park, KS",38.932055,-94.635461,Private nonprofit,2,Non-main campus,Unavailable,Plains,4,City,City: Midsize,2,259,"Fewer than 1,000"
454829,Aspen University,Phoenix,AZ,85040,"Phoenix, AZ",33.412164,-111.981317,Private for-profit,3,Main campus,Unavailable,Southwest,6,City,City: Large,1,1466,"1,000 to 4,999"
454856,Denver College of Nursing,Denver,CO,80202,"Denver, CO",39.75303,-104.994725,Private for-profit,3,Main campus,Unavailable,Rocky Mountains,7,City,City: Large,1,757,"Fewer than 1,000"
455257,Yeshiva of Machzikai Hadas,Brooklyn,NY,11219-1408,"Brooklyn, NY",40.636104,-73.990592,Private nonprofit,2,Main campus,Available,Mid East,2,City,City: Large,1,515,"Fewer than 1,000"
455664,The Chicago School at Los Angeles,Los Angeles,CA,90017,"Los Angeles, CA",34.049478,-118.257045,Private nonprofit,2,Main campus,Available,Far West,8,City,City: Large,1,337,"Fewer than 1,000"
455770,Providence Christian College,Pasadena,CA,91101,"Pasadena, CA",34.149327,-118.141062,Private nonprofit,2,Main campus,Available,Far West,8,City,City: Midsize,2,168,"Fewer than 1,000"
456490,Polytechnic University of Puerto Rico-Orlando,Orlando,FL,32825,"Orlando, FL",28.55158,-81.253943,Private nonprofit,2,Non-main campus,Unavailable,Southeast,5,Suburb,Suburb: Large,4,96,"Fewer than 1,000"
456621,Strayer University-West Virginia,Scott Depot,WV,25560,"Scott Depot, WV",38.454588,-81.92619,Private for-profit,3,Non-main campus,Unavailable,Southeast,5,Suburb,Suburb: Midsize,5,234,"Fewer than 1,000"
456959,University of Minnesota-Rochester,Rochester,MN,55904,"Rochester, MN",44.022339,-92.463471,Public,1,Non-main campus,Available,Plains,4,City,City: Midsize,2,568,"Fewer than 1,000"
457129,Chamberlain University-Florida,Jacksonville,FL,32256,"Jacksonville, FL",30.243517,-81.586421,Private for-profit,3,Non-main campus,Available,Southeast,5,City,City: Large,1,821,"Fewer than 1,000"
457402,University of Fort Lauderdale,Lauderhill,FL,33313,"Lauderhill, FL",26.147098,-80.204938,Private nonprofit,2,Main campus,Unavailable,Southeast,5,Suburb,Suburb: Large,4,314,"Fewer than 1,000"
457484,Pacific Rim Christian University,Honolulu,HI,96819-2228,"Honolulu, HI",21.328198,-157.888379,Private nonprofit,2,Main campus,Unavailable,Far West,8,City,City: Large,1,129,"Fewer than 1,000"
458210,West Coast University-Anaheim-Orange County,Anaheim,CA,92802-2905,"Anaheim, CA",33.81104,-117.911811,Private for-profit,3,Non-main campus,Unavailable,Far West,8,City,City: Large,1,3192,"1,000 to 4,999"
458229,West Coast University-Ontario,Ontario,CA,91761-7645,"Ontario, CA",34.066591,-117.590035,Private for-profit,3,Non-main campus,Unavailable,Far West,8,City,City: Midsize,2,2671,"1,000 to 4,999"
458885,Strayer University-Arkansas,Little Rock,AR,72201,"Little Rock, AR",34.745489,-92.271192,Private for-profit,3,Non-main campus,Unavailable,Southeast,5,City,City: Midsize,2,695,"Fewer than 1,000"
458919,Strayer University-Georgia,Chamblee,GA,30341,"Chamblee, GA",33.870686,-84.267177,Private for-profit,3,Non-main campus,Unavailable,Southeast,5,Suburb,Suburb: Large,4,4299,"1,000 to 4,999"
458955,Strayer University-Mississippi,Jackson,MS,39201,"Jackson, MS",32.300562,-90.188097,Private for-profit,3,Non-main campus,Unavailable,Southeast,5,City,City: Midsize,2,882,"Fewer than 1,000"
458964,Strayer University-South Carolina,Greenville,SC,29601,"Greenville, SC",34.839766,-82.399535,Private for-profit,3,Non-main campus,Unavailable,Southeast,5,City,City: Small,3,1868,"1,000 to 4,999"
458973,Strayer University-Texas,Farmers Branch,TX,75234,"Farmers Branch, TX",32.910744,-96.887509,Private for-profit,3,Non-main campus,Unavailable,Southwest,6,Suburb,Suburb: Large,4,2293,"1,000 to 4,999"
459259,South University-Richmond,Glen Allen,VA,23060,"Glen Allen, VA",37.64706,-77.599967,Private for-profit,3,Non-main campus,Unavailable,Southeast,5,Suburb,Suburb: Large,4,232,"Fewer than 1,000"
459268,South University-Virginia Beach,Virginia Beach,VA,23452,"Virginia Beach, VA",36.8336,-76.124288,Private for-profit,3,Non-main campus,Unavailable,Southeast,5,City,City: Large,1,240,"Fewer than 1,000"
459727,Touro University Worldwide,Los Alamitos,CA,90720,"Los Alamitos, CA",33.808683,-118.057754,Private nonprofit,2,Main campus,Unavailable,Far West,8,Suburb,Suburb: Large,4,454,"Fewer than 1,000"
459824,Touro University Nevada,Henderson,NV,89014,"Henderson, NV",36.043189,-115.024012,Private nonprofit,2,Non-main campus,Unavailable,Far West,8,City,City: Large,1,22,"Fewer than 1,000"
459842,Herzing University-Kenosha,Kenosha,WI,53140,"Kenosha, WI",42.582628,-87.820105,Private nonprofit,2,Non-main campus,Available,Great Lakes,3,City,City: Small,3,522,"Fewer than 1,000"
459949,Texas A&M University-San Antonio,San Antonio,TX,78224,"San Antonio, TX",29.304762,-98.52417,Public,1,Main campus,Available,Southwest,6,City,City: Large,1,6599,"5,000 to 9,999"
459994,Strayer University-Global Region,Washington,DC,20005,"Washington, DC",38.904881,-77.034133,Private for-profit,3,Non-main campus,Unavailable,Mid East,2,City,City: Large,1,9376,"5,000 to 9,999"
460349,Johnson & Wales University-Online,Providence,RI,2903,"Providence, RI",41.819956,-71.41277,Private nonprofit,2,Non-main campus,Available,New England,1,City,City: Midsize,2,2202,"1,000 to 4,999"
460871,Chamberlain University-Virginia,Vienna,VA,22182,"Vienna, VA",38.910459,-77.220505,Private for-profit,3,Non-main campus,Available,Southeast,5,Suburb,Suburb: Large,4,557,"Fewer than 1,000"
461023,Crestpoint University,Phoenix,AZ,85014-1561,"Phoenix, AZ",33.530663,-112.064275,Private for-profit,3,Main campus,Unavailable,Southwest,6,City,City: Large,1,385,"Fewer than 1,000"
461032,Carolina College of Biblical Studies,Fayetteville,NC,28303-5157,"Fayetteville, NC",35.05141,-78.939514,Private nonprofit,2,Main campus,Unavailable,Southeast,5,City,City: Midsize,2,159,"Fewer than 1,000"
461148,New York Film Academy,Burbank,CA,91505,"Burbank, CA",34.152076,-118.335567,Private for-profit,3,Main campus,Unavailable,Far West,8,City,City: Midsize,2,849,"Fewer than 1,000"
461263,American Medical Sciences Center,Glendale,CA,91204-5108,"Glendale, CA",34.147117,-118.256991,Private for-profit,3,Main campus,Unavailable,Far West,8,City,City: Midsize,2,365,"Fewer than 1,000"
461795,North American University,Stafford,TX,77477-0000,"Stafford, TX",29.646303,-95.588338,Private nonprofit,2,Main campus,Unavailable,Southwest,6,Suburb,Suburb: Large,4,609,"Fewer than 1,000"
461847,Keser Torah-Mayan Hatalmud,Lakewood,NJ,08701-2758,"Lakewood, NJ",40.098369,-74.17029,Private nonprofit,2,Main campus,Available,Mid East,2,Suburb,Suburb: Large,4,57,"Fewer than 1,000"
461883,Millennia Atlantic University,Doral,FL,33178,"Doral, FL",25.808134,-80.352717,Private for-profit,3,Main campus,Unavailable,Southeast,5,City,City: Small,3,184,"Fewer than 1,000"
462354,John Paul the Great Catholic University,Escondido,CA,92025,"Escondido, CA",33.12085,-117.082401,Private nonprofit,2,Main campus,Available,Far West,8,Suburb,Suburb: Large,4,286,"Fewer than 1,000"
463056,University of Connecticut-Hartford Campus,Hartford,CT,6103,"Hartford, CT",41.762673,-72.672175,Public,1,Non-main campus,Available,New England,1,City,City: Midsize,2,1525,"1,000 to 4,999"
464226,Ottawa University-Surprise,Surprise,AZ,85374,"Surprise, AZ",33.628923,-112.368233,Private nonprofit,2,Non-main campus,Available,Southwest,6,Suburb,Suburb: Large,4,836,"Fewer than 1,000"
466921,Chamberlain University-Missouri,St. Louis,MO,63146,"St. Louis, MO",38.701907,-90.436283,Private for-profit,3,Non-main campus,Available,Plains,4,Suburb,Suburb: Large,4,284,"Fewer than 1,000"
466930,Chamberlain University-Texas,Houston,TX,77041,"Houston, TX",29.838386,-95.560414,Private for-profit,3,Non-main campus,Available,Southwest,6,City,City: Large,1,2270,"1,000 to 4,999"
474863,Los Angeles Pacific University,Glendora,CA,91740,"Glendora, CA",34.110723,-117.827484,Private nonprofit,2,Main campus,Unavailable,Far West,8,Suburb,Suburb: Large,4,1483,"1,000 to 4,999"
475121,South University-Savannah Online,Savannah,GA,31406,"Savannah, GA",31.999481,-81.105531,Private for-profit,3,Non-main campus,Unavailable,Southeast,5,City,City: Midsize,2,6433,"5,000 to 9,999"
475200,Whitworth University-Adult Degree Programs,Spokane,WA,99251,"Spokane, WA",47.751642,-117.411568,Private nonprofit,2,Non-main campus,Available,Far West,8,Suburb,Suburb: Large,4,145,"Fewer than 1,000"
475273,Springfield College-Regional Online and Continuing Education,Springfield,MA,01109-3739,"Springfield, MA",42.1022,-72.556647,Private nonprofit,2,Non-main campus,Unavailable,New England,1,City,City: Midsize,2,176,"Fewer than 1,000"
475398,Catholic International University,Charles Town,WV,25414,"Charles Town, WV",39.287311,-77.859242,Private nonprofit,2,Main campus,Unavailable,Southeast,5,Town,Town: Fringe,7,116,"Fewer than 1,000"
475608,Criswell College,Dallas,TX,75246-1537,"Dallas, TX",32.793513,-96.77669,Private nonprofit,2,Main campus,Available,Southwest,6,City,City: Large,1,132,"Fewer than 1,000"
475732,Chamberlain University-Georgia,Sandy Springs,GA,30342,"Sandy Springs, GA",33.911943,-84.351949,Private for-profit,3,Non-main campus,Available,Southeast,5,City,City: Midsize,2,1940,"1,000 to 4,999"
475741,Chamberlain University-Indiana,Indianapolis,IN,46240,"Indianapolis, IN",39.91916,-86.111061,Private for-profit,3,Non-main campus,Available,Great Lakes,3,City,City: Large,1,144,"Fewer than 1,000"
476601,Bais HaMedrash and Mesivta of Baltimore,Baltimore,MD,21209-1613,"Baltimore, MD",39.379528,-76.674414,Private nonprofit,2,Main campus,Available,Mid East,2,Suburb,Suburb: Large,4,87,"Fewer than 1,000"
476717,Be'er Yaakov Talmudic Seminary,Spring Valley,NY,10977,"Spring Valley, NY",41.1382062,-74.029573,Private nonprofit,2,Main campus,Unavailable,Mid East,2,Suburb,Suburb: Large,4,765,"Fewer than 1,000"
476975,Colorado State University Global,Denver,CO,80202-0000,"Denver, CO",39.745405,-104.989255,Public,1,Main campus,Available,Rocky Mountains,7,City,City: Large,1,6563,"5,000 to 9,999"
479956,Pennsylvania State University-World Campus,University Park,PA,16802-1503,"University Park, PA",40.7965,-77.862848,Public,1,Non-main campus,Available,Mid East,2,City,City: Small,3,7877,"5,000 to 9,999"
480073,South University-Austin,Round Rock,TX,78681-2300,"Round Rock, TX",30.479474,-97.689972,Private for-profit,3,Non-main campus,Unavailable,Southwest,6,City,City: Midsize,2,211,"Fewer than 1,000"
480198,Warner Pacific University Professional and Graduate Studies,Portland,OR,97215,"Portland, OR",45.506265,-122.592498,Private nonprofit,2,Non-main campus,Available,Far West,8,City,City: Large,1,144,"Fewer than 1,000"
480781,California Miramar University,San Diego,CA,92108-1739,"San Diego, CA",32.77942,-117.11851,Private for-profit,3,Main campus,Available,Far West,8,City,City: Large,1,135,"Fewer than 1,000"
480985,Midwives College of Utah,Salt Lake City,UT,84106,"Salt Lake City, UT",40.71089,-111.857036,Private nonprofit,2,Main campus,Available,Rocky Mountains,7,City,City: Midsize,2,234,"Fewer than 1,000"
481058,Grace Mission University,Fullerton,CA,92833-3860,"Fullerton, CA",33.867663,-117.958208,Private nonprofit,2,Main campus,Unavailable,Far West,8,Suburb,Suburb: Large,4,68,"Fewer than 1,000"
481225,Mid-South Christian College,Memphis,TN,38118-3151,"Memphis, TN",35.064172,-89.911799,Private nonprofit,2,Main campus,Available,Southeast,5,City,City: Large,1,19,"Fewer than 1,000"
481401,Grace School of Theology,The Woodlands,TX,77381,"The Woodlands, TX",30.205731,-95.472493,Private nonprofit,2,Main campus,Unavailable,Southwest,6,City,City: Midsize,2,229,"Fewer than 1,000"
481410,Yeshiva Gedolah Kesser Torah,Monsey,NY,10952-2127,"Monsey, NY",41.124819,-74.068553,Private nonprofit,2,Main campus,Available,Mid East,2,Suburb,Suburb: Large,4,84,"Fewer than 1,000"
481438,Yeshiva Yesodei Hatorah,Lakewood,NJ,08701-4946,"Lakewood, NJ",40.065908,-74.202016,Private nonprofit,2,Main campus,Available,Mid East,2,Suburb,Suburb: Large,4,75,"Fewer than 1,000"
481720,South University-High Point,High Point,NC,27265-8320,"High Point, NC",36.040441,-79.963547,Private for-profit,3,Non-main campus,Unavailable,Southeast,5,City,City: Midsize,2,67,"Fewer than 1,000"
482149,Augusta University,Augusta,GA,30912,"Augusta, GA",33.47037,-81.989071,Public,1,Main campus,Available,Southeast,5,City,City: Midsize,2,5613,"5,000 to 9,999"
482158,Middle Georgia State University,Macon,GA,31206,"Macon, GA",32.808092,-83.732058,Public,1,Main campus,Available,Southeast,5,City,City: Midsize,2,6574,"5,000 to 9,999"
482228,Veritas Baptist College,Lawrenceburg,IN,47025,"Lawrenceburg, IN",39.093747,-84.848698,Private nonprofit,2,Main campus,Available,Great Lakes,3,Town,Town: Fringe,7,111,"Fewer than 1,000"
482413,DeVry College of New York,New York,NY,10016,"New York, NY",40.747747,-73.983492,Private for-profit,3,Non-main campus,Available,Mid East,2,City,City: Large,1,86,"Fewer than 1,000"
482422,DeVry University-Arizona,Phoenix,AZ,85027,"Phoenix, AZ",33.565758,-112.104601,Private for-profit,3,Non-main campus,Unavailable,Southwest,6,City,City: Large,1,6,"Fewer than 1,000"
482459,DeVry University-Florida,Orlando,FL,32801,"Orlando, FL",28.53732,-81.379188,Private for-profit,3,Non-main campus,Unavailable,Southeast,5,City,City: Large,1,109,"Fewer than 1,000"
482468,DeVry University-Georgia,Decatur,GA,30030,"Decatur, GA",33.775112,-84.297316,Private for-profit,3,Non-main campus,Available,Southeast,5,Suburb,Suburb: Large,4,516,"Fewer than 1,000"
482547,DeVry University-Nevada,Henderson,NV,89074,"Henderson, NV",36.020266,-115.096601,Private for-profit,3,Non-main campus,Unavailable,Far West,8,City,City: Large,1,1,"Fewer than 1,000"
482556,DeVry University-New Jersey,Iselin,NJ,8830,"Iselin, NJ",40.557503,-74.311372,Private for-profit,3,Non-main campus,Available,Mid East,2,Suburb,Suburb: Large,4,62,"Fewer than 1,000"
482574,DeVry University-Ohio,Columbus,OH,43219,"Columbus, OH",40.046679,-82.906219,Private for-profit,3,Non-main campus,Available,Great Lakes,3,City,City: Large,1,210,"Fewer than 1,000"
482635,DeVry University-Texas,Irving,TX,75039,"Irving, TX",32.934524,-97.012494,Private for-profit,3,Non-main campus,Unavailable,Southwest,6,City,City: Large,1,8,"Fewer than 1,000"
482653,DeVry University-Virginia,Arlington,VA,22202,"Arlington, VA",38.861096,-77.049759,Private for-profit,3,Non-main campus,Unavailable,Southeast,5,City,City: Midsize,2,13,"Fewer than 1,000"
482680,University of North Georgia,Dahlonega,GA,30597,"Dahlonega, GA",34.530219,-83.985694,Public,1,Main campus,Available,Southeast,5,Town,Town: Distant,8,16146,"10,000 to 19,999"
482705,Northeastern University Professional Programs,Boston,MA,2115,"Boston, MA",42.339992,-71.088782,Private nonprofit,2,Non-main campus,Unavailable,New England,1,City,City: Large,1,1802,"1,000 to 4,999"
482936,Florida Polytechnic University,Lakeland,FL,33805-8531,"Lakeland, FL",28.150149,-81.845995,Public,1,Main campus,Available,Southeast,5,Rural,Rural: Fringe,10,1689,"1,000 to 4,999"
483018,Antioch College,Yellow Springs,OH,45387,"Yellow Springs, OH",39.799806,-83.888077,Private nonprofit,2,Main campus,Available,Great Lakes,3,Rural,Rural: Fringe,10,121,"Fewer than 1,000"
483036,Texas A&M University-Central Texas,Killeen,TX,76549,"Killeen, TX",31.053407,-97.775182,Public,1,Main campus,Available,Southwest,6,Rural,Rural: Fringe,10,1750,"1,000 to 4,999"
483124,Arizona State University Digital Immersion,Scottsdale,AZ,85257,"Scottsdale, AZ",33.463517,-111.924487,Public,1,Non-main campus,Available,Southwest,6,City,City: Midsize,2,53782,"20,000 or more"
483595,Ana G. Mendez University,Orlando,FL,32822,"Orlando, FL",28.482195,-81.30843,Private nonprofit,2,Main campus,Unavailable,Southeast,5,City,City: Large,1,4763,"1,000 to 4,999"
483780,Washington University of Science and Technology,Alexandria,VA,22314-5202,"Alexandria, VA",38.801865,-77.082968,Private for-profit,3,Main campus,Available,Southeast,5,City,City: Midsize,2,400,"Fewer than 1,000"
484473,University of Florida-Online,Gainesville,FL,32609-8977,"Gainesville, FL",29.649413,-82.339848,Public,1,Non-main campus,Available,Southeast,5,City,City: Midsize,2,4627,"1,000 to 4,999"
484613,University of Phoenix-Arizona,Phoenix,AZ,85040,"Phoenix, AZ",33.41128,-112.012761,Private for-profit,3,Main campus,Unavailable,Southwest,6,City,City: Large,1,85991,"20,000 or more"
484844,Minerva University,San Francisco,CA,94103,"San Francisco, CA",37.782711,-122.408039,Private nonprofit,2,Non-main campus,Available,Far West,8,City,City: Large,1,637,"Fewer than 1,000"
484862,University of West Los Angeles,Inglewood,CA,90301,"Inglewood, CA",33.947341,-118.36957,Private for-profit,3,Main campus,Unavailable,Far West,8,Suburb,Suburb: Large,4,7,"Fewer than 1,000"
484871,Rabbinical College Ohr Yisroel,Brooklyn,NY,11236,"Brooklyn, NY",40.629707,-73.896524,Private nonprofit,2,Main campus,Unavailable,Mid East,2,City,City: Large,1,114,"Fewer than 1,000"
484905,University of North Texas at Dallas,Dallas,TX,75241,"Dallas, TX",32.659588,-96.803446,Public,1,Main campus,Available,Southwest,6,City,City: Large,1,2878,"1,000 to 4,999"
485272,West Coast University-Miami,Doral,FL,33178-2431,"Doral, FL",25.81071,-80.347651,Private for-profit,3,Non-main campus,Unavailable,Southeast,5,City,City: Small,3,961,"Fewer than 1,000"
485519,Lionel University,Carpinteria,CA,93013-2912,"Carpinteria, CA",34.38768,-119.486417,Private for-profit,3,Main campus,Unavailable,Far West,8,Suburb,Suburb: Midsize,5,370,"Fewer than 1,000"
485698,American College of the Building Arts,Charleston,SC,29403-4223,"Charleston, SC",32.805094,-79.946888,Private nonprofit,2,Main campus,Available,Southeast,5,City,City: Midsize,2,155,"Fewer than 1,000"
485999,Bet Medrash Gadol Ateret Torah,Brooklyn,NY,11223-1933,"Brooklyn, NY",40.607809,-73.969945,Private nonprofit,2,Main campus,Available,Mid East,2,City,City: Large,1,112,"Fewer than 1,000"
486017,Yeshiva Ohr Yisrael,Brooklyn,NY,11229-1817,"Brooklyn, NY",40.61359,-73.944041,Private nonprofit,2,Main campus,Available,Mid East,2,City,City: Large,1,23,"Fewer than 1,000"
486026,Yeshiva Sholom Shachna,Brooklyn,NY,11230,"Brooklyn, NY",40.6275,-73.973431,Private nonprofit,2,Main campus,Available,Mid East,2,City,City: Large,1,130,"Fewer than 1,000"
486053,Bethlehem College & Seminary,Minneapolis,MN,55415-1793,"Minneapolis, MN",44.968872,-93.255399,Private nonprofit,2,Main campus,Unavailable,Plains,4,City,City: Large,1,117,"Fewer than 1,000"
486284,Bethany Global University,Bloomington,MN,55439,"Bloomington, MN",44.795501,-93.371754,Private nonprofit,2,Main campus,Available,Plains,4,City,City: Small,3,81,"Fewer than 1,000"
486840,Kennesaw State University,Kennesaw,GA,30144,"Kennesaw, GA",34.038807,-84.583052,Public,1,Main campus,Available,Southeast,5,Suburb,Suburb: Large,4,41254,"20,000 or more"
486901,Milligan University,Milligan,TN,37682,"Milligan, TN",36.300147,-82.29407,Private nonprofit,2,Main campus,Available,Southeast,5,Suburb,Suburb: Midsize,5,818,"Fewer than 1,000"
486938,Chamberlain University-Nevada,Las Vegas,NV,89144,"Las Vegas, NV",36.185176,-115.313525,Private for-profit,3,Non-main campus,Available,Far West,8,City,City: Large,1,652,"Fewer than 1,000"
486947,Chamberlain University-Michigan,Troy,MI,48084,"Troy, MI",42.557063,-83.150571,Private for-profit,3,Non-main campus,Available,Great Lakes,3,City,City: Small,3,629,"Fewer than 1,000"
486956,Chamberlain University-New Jersey,North Brunswick,NJ,8902,"North Brunswick, NJ",40.465934,-74.438877,Private for-profit,3,Non-main campus,Available,Mid East,2,Suburb,Suburb: Large,4,1226,"1,000 to 4,999"
487010,The University of Tennessee Health Science Center,Memphis,TN,38163,"Memphis, TN",35.138847,-90.033196,Public,1,Main campus,Unavailable,Southeast,5,City,City: Large,1,394,"Fewer than 1,000"
487375,Arizona College of Nursing-Las Vegas,Las Vegas,NV,89113,"Las Vegas, NV",36.067353,-115.274149,Private for-profit,3,Non-main campus,Available,Far West,8,Suburb,Suburb: Large,4,1222,"1,000 to 4,999"
487524,Husson University,Bangor,ME,04401-2929,"Bangor, ME",44.829002,-68.791476,Private nonprofit,2,Main campus,Available,New England,1,City,City: Small,3,2618,"1,000 to 4,999"
487603,Northwest University-Center for Online and Extended Education,Kirkland,WA,98033,"Kirkland, WA",47.657502,-122.195774,Private nonprofit,2,Non-main campus,Unavailable,Far West,8,Suburb,Suburb: Large,4,405,"Fewer than 1,000"
487746,Yeshiva Zichron Aryeh,Far Rockaway,NY,11691-0000,"Far Rockaway, NY",40.606105,-73.764423,Private nonprofit,2,Main campus,Available,Mid East,2,City,City: Large,1,41,"Fewer than 1,000"
488004,Central Yeshiva Beth Joseph,Airmont,NY,10901,"Airmont, NY",40.615411,-73.959386,Private nonprofit,2,Main campus,Unavailable,Mid East,2,City,City: Large,1,15,"Fewer than 1,000"
488031,Abraham Lincoln University,Glendale,CA,91203,"Glendale, CA",34.146294,-118.256726,Private for-profit,3,Main campus,Unavailable,Far West,8,City,City: Midsize,2,25,"Fewer than 1,000"
488314,Beth Medrash of Asbury Park,Lakewood,NJ,08701-5842,"Lakewood, NJ",40.043705,-74.210816,Private nonprofit,2,Main campus,Available,Mid East,2,Suburb,Suburb: Large,4,124,"Fewer than 1,000"
488387,Claremont Lincoln University,Claremont,CA,91711-4744,"Claremont, CA",34.094273,-117.716117,Private nonprofit,2,Main campus,Unavailable,Far West,8,Suburb,Suburb: Large,4,54,"Fewer than 1,000"
488448,Seattle Film Institute,Seattle,WA,98119-1707,"Seattle, WA",47.64894,-122.377121,Private for-profit,3,Main campus,Unavailable,Far West,8,City,City: Large,1,65,"Fewer than 1,000"
488679,Indiana Wesleyan University-National & Global,Marion,IN,46953,"Marion, IN",40.510655,-85.677641,Private nonprofit,2,Non-main campus,Unavailable,Great Lakes,3,Rural,Rural: Fringe,10,6656,"5,000 to 9,999"
488846,University of the People,Pasadena,CA,91101,"Pasadena, CA",34.146167,-118.138047,Private nonprofit,2,Non-main campus,Unavailable,Far West,8,City,City: Midsize,2,22688,"20,000 or more"
489344,Chamberlain University-North Carolina,Charlotte,NC,28273,"Charlotte, NC",35.13766,-80.931971,Private for-profit,3,Non-main campus,Available,Southeast,5,City,City: Large,1,202,"Fewer than 1,000"
489353,Chamberlain University-California,Rancho Cordova,CA,95670,"Rancho Cordova, CA",38.596193,-121.278258,Private for-profit,3,Non-main campus,Available,Far West,8,City,City: Small,3,751,"Fewer than 1,000"
489937,Carolina University,Winston-Salem,NC,27101,"Winston-Salem, NC",36.087962,-80.250153,Private nonprofit,2,Main campus,Available,Southeast,5,City,City: Large,1,460,"Fewer than 1,000"
490045,California Prestige University,Santa Fe Springs,CA,90670-5611,"Santa Fe Springs, CA",33.88856,-118.047065,Private nonprofit,2,Main campus,Unavailable,Far West,8,Suburb,Suburb: Large,4,55,"Fewer than 1,000"
490081,America Evangelical University,Gardena,CA,90247-4432,"Gardena, CA",33.883102,-118.295931,Private nonprofit,2,Main campus,Unavailable,Far West,8,City,City: Small,3,73,"Fewer than 1,000"
490133,Westcliff University,Irvine,CA,92614,"Irvine, CA",33.685537,-117.847973,Private for-profit,3,Main campus,Available,Far West,8,City,City: Large,1,2363,"1,000 to 4,999"
490276,Yeshiva Shaar Ephraim,Monsey,NY,10952-2732,"Monsey, NY",41.116935,-74.060858,Private nonprofit,2,Main campus,Unavailable,Mid East,2,Suburb,Suburb: Large,4,113,"Fewer than 1,000"
490319,Yeshiva Bais Aharon,Lakewood,NJ,08701-2053,"Lakewood, NJ",40.101002,-74.203094,Private nonprofit,2,Main campus,Available,Mid East,2,City,City: Small,3,25,"Fewer than 1,000"
490328,Mechon L'hoyroa,Monsey,NY,10952-2710,"Monsey, NY",41.117029,-74.058177,Private nonprofit,2,Main campus,Unavailable,Mid East,2,Suburb,Suburb: Large,4,122,"Fewer than 1,000"
490504,Yeshiva Ohr Naftoli,New Windsor,NY,12553-8006,"New Windsor, NY",41.456984,-74.046291,Private nonprofit,2,Main campus,Available,Mid East,2,Suburb,Suburb: Large,4,47,"Fewer than 1,000"
490513,Bais Medrash Mayan Hatorah,Lakewood,NJ,8701,"Lakewood, NJ",40.107414,-74.204332,Private nonprofit,2,Main campus,Available,Mid East,2,City,City: Small,3,36,"Fewer than 1,000"
490805,Purdue University Northwest,Hammond,IN,46323,"Hammond, IN",41.584324,-87.474236,Public,1,Main campus,Available,Great Lakes,3,Suburb,Suburb: Large,4,5671,"5,000 to 9,999"
491057,Yeshiva Kollel Tifereth Elizer,Brooklyn,NY,11219,"Brooklyn, NY",40.637096,-73.992171,Private nonprofit,2,Main campus,Available,Mid East,2,City,City: Large,1,499,"Fewer than 1,000"
491190,The Chicago School at San Diego,San Diego,CA,92101-7903,"San Diego, CA",32.718575,-117.167054,Private nonprofit,2,Non-main campus,Unavailable,Far West,8,City,City: Large,1,2,"Fewer than 1,000"
491288,University of Wisconsin-Milwaukee Flex,Milwaukee,WI,53201,"Milwaukee, WI",43.076848,-87.880488,Public,1,Non-main campus,Available,Great Lakes,3,City,City: Large,1,543,"Fewer than 1,000"
491297,University of Wisconsin-Parkside Flex,Kenosha,WI,53141,"Kenosha, WI",42.645603,-87.855007,Public,1,Non-main campus,Unavailable,Great Lakes,3,Rural,Rural: Fringe,10,172,"Fewer than 1,000"
491613,Yeshiva Gedolah Tiferes Boruch,North Plainfield,NJ,07060-0000,"North Plainfield, NJ",40.619593,-74.4346,Private nonprofit,2,Main campus,Available,Mid East,2,Suburb,Suburb: Large,4,81,"Fewer than 1,000"
491631,Women's Institute of Torah Seminary and College,Baltimore,MD,21215-3009,"Baltimore, MD",39.361349,-76.699496,Private nonprofit,2,Main campus,Available,Mid East,2,City,City: Large,1,118,"Fewer than 1,000"
491710,Yeshiva Gedolah of Cliffwood,Keyport,NJ,07735-5105,"Keyport, NJ",40.442213,-74.224235,Private nonprofit,2,Main campus,Available,Mid East,2,Suburb,Suburb: Large,4,30,"Fewer than 1,000"
491765,Yeshivas Emek Hatorah,Howell,NJ,07731-2444,"Howell, NJ",40.112501,-74.232083,Private nonprofit,2,Main campus,Available,Mid East,2,Rural,Rural: Fringe,10,90,"Fewer than 1,000"
492069,Champion Christian College,Hot Springs,AR,71913,"Hot Springs, AR",34.499589,-93.065945,Private nonprofit,2,Main campus,Unavailable,Southeast,5,City,City: Small,3,144,"Fewer than 1,000"
492689,Texas Tech University Health Scienes Center El Paso,El Paso,TX,79905,"El Paso, TX",31.771891,-106.43122,Public,1,Main campus,Unavailable,Southwest,6,City,City: Large,1,242,"Fewer than 1,000"
492759,Chamberlain University-Louisiana,Jefferson,LA,70121,"Jefferson, LA",29.962307,-90.152655,Private for-profit,3,Non-main campus,Available,Southeast,5,Suburb,Suburb: Large,4,622,"Fewer than 1,000"
492801,Drury University-College of Continuing Professional Studies,Springfield,MO,65802,"Springfield, MO",37.219681,-93.286192,Private nonprofit,2,Non-main campus,Unavailable,Plains,4,City,City: Midsize,2,632,"Fewer than 1,000"
492962,Indiana Institute of Technology-College of Professional Studies,Fort Wayne,IN,46803,"Fort Wayne, IN",41.078365,-85.116479,Private nonprofit,2,Non-main campus,Unavailable,Great Lakes,3,City,City: Large,1,2686,"1,000 to 4,999"
493594,Yeshiva of Ocean,Greenfield Park,NY,12435-5308,"Greenfield Park, NY",41.732961,-74.501698,Private nonprofit,2,Main campus,Available,Mid East,2,Rural,Rural: Distant,11,63,"Fewer than 1,000"
493600,Congregation Talmidei Mesivta Tiferes Shmiel Aleksander,Brooklyn,NY,11219-5440,"Brooklyn, NY",40.624233,-73.994778,Private nonprofit,2,Main campus,Unavailable,Mid East,2,City,City: Large,1,168,"Fewer than 1,000"
493664,Yeshivat Hechal Shemuel,Brooklyn,NY,11229-0000,"Brooklyn, NY",40.610906,-73.955944,Private nonprofit,2,Main campus,Available,Mid East,2,City,City: Large,1,65,"Fewer than 1,000"
493673,Professional University Dr. Carlos J. Borrero Rios,Hato Rey,PR,918,"Hato Rey, PR",18.411332,-66.054156,Private for-profit,3,Main campus,Unavailable,Outlying Areas,9,City,City: Large,1,7,"Fewer than 1,000"
493822,College Unbound,Providence,RI,2903,"Providence, RI",41.80644,-71.412848,Private nonprofit,2,Main campus,Unavailable,New England,1,City,City: Midsize,2,491,"Fewer than 1,000"
494162,Arizona College of Nursing-Dallas,Dallas,TX,75243-1200,"Dallas, TX",32.923106,-96.75999,Private for-profit,3,Non-main campus,Available,Southwest,6,City,City: Large,1,588,"Fewer than 1,000"
494542,Sattler College,Boston,MA,2114,"Boston, MA",42.36064,-71.062111,Private nonprofit,2,Non-main campus,Available,New England,1,City,City: Large,1,57,"Fewer than 1,000"
494630,Christ Mission College,San Antonio,TX,78254-1000,"San Antonio, TX",29.543412,-98.70699,Private nonprofit,2,Main campus,Available,Southwest,6,Suburb,Suburb: Large,4,32,"Fewer than 1,000"
494685,Urshan University,Wentzville,MO,63385,"Wentzville, MO",38.808034,-90.830252,Private nonprofit,2,Main campus,Available,Plains,4,Suburb,Suburb: Large,4,472,"Fewer than 1,000"
494737,Yeshiva Yesoda Hatorah Vetz Chaim,Brooklyn,NY,11211-7106,"Brooklyn, NY",40.706959,-73.961026,Private nonprofit,2,Main campus,Unavailable,Mid East,2,City,City: Large,1,223,"Fewer than 1,000"
495031,Bais Medrash of Dexter Park,Chestnut Ridge,NY,10977,"Chestnut Ridge, NY",41.081404,-74.045927,Private nonprofit,2,Main campus,Available,Mid East,2,Suburb,Suburb: Large,4,51,"Fewer than 1,000"
495059,Oak Valley College,Rialto,CA,92377,"Rialto, CA",34.150067,-117.39089,Private nonprofit,2,Main campus,Unavailable,Far West,8,Suburb,Suburb: Large,4,75,"Fewer than 1,000"
495420,Arizona College of Nursing-Tampa,Tampa,FL,33607,"Tampa, FL",27.955614,-82.523369,Private for-profit,3,Non-main campus,Available,Southeast,5,City,City: Large,1,335,"Fewer than 1,000"
495439,Arizona College of Nursing-Fort Lauderdale,Fort Lauderdale,FL,33334-3637,"Fort Lauderdale, FL",26.205783,-80.138479,Private for-profit,3,Non-main campus,Unavailable,Southeast,5,City,City: Midsize,2,428,"Fewer than 1,000"
495448,Arizona College of Nursing-Tucson,Tucson,AZ,85711,"Tucson, AZ",32.22113,-110.880434,Private for-profit,3,Non-main campus,Available,Southwest,6,City,City: Large,1,562,"Fewer than 1,000"
495457,Arizona College of Nursing-Phoenix,Phoenix,AZ,85053-4058,"Phoenix, AZ",33.635804,-112.117327,Private for-profit,3,Non-main campus,Available,Southwest,6,City,City: Large,1,1229,"1,000 to 4,999"
495916,Pathways College,Tempe,AZ,85282,"Tempe, AZ",33.472223,-112.06553,Private nonprofit,2,Main campus,Unavailable,Southwest,6,City,City: Large,1,196,"Fewer than 1,000"
496283,Provo College-Idaho Falls Campus,Idaho Falls,ID,83404-3538,"Idaho Falls, ID",43.481,-112.00228,Private for-profit,3,Non-main campus,Unavailable,Rocky Mountains,7,City,City: Small,3,257,"Fewer than 1,000"
496326,Eagle Gate College-Boise Campus,Boise,ID,83709-2505,"Boise, ID",43.59091,-116.298572,Private for-profit,3,Non-main campus,Unavailable,Rocky Mountains,7,City,City: Midsize,2,594,"Fewer than 1,000"
496627,California Northstate University,Elk Grove,CA,95757-3001,"Elk Grove, CA",38.405942,-121.481542,Private for-profit,3,Main campus,Available,Far West,8,Suburb,Suburb: Large,4,37,"Fewer than 1,000"
496803,NewU University,Washington,DC,20005,"Washington, DC",38.909213,-77.037058,Private nonprofit,2,Non-main campus,Unavailable,Mid East,2,City,City: Large,1,34,"Fewer than 1,000"
497037,Abilene Christian University-Undergraduate Online,Addison,TX,75001,"Addison, TX",32.977065,-96.826833,Private nonprofit,2,Non-main campus,Available,Southwest,6,Suburb,Suburb: Large,4,1219,"1,000 to 4,999"
497213,Great Northern University,Spokane,WA,99207-2550,"Spokane, WA",47.675837,-117.400562,Private nonprofit,2,Main campus,Available,Far West,8,City,City: Midsize,2,48,"Fewer than 1,000"
497268,Arizona College of Nursing-Salt Lake City,Murray,UT,84123-2790,"Murray, UT",40.656372,-111.903426,Private for-profit,3,Non-main campus,Available,Rocky Mountains,7,City,City: Small,3,306,"Fewer than 1,000"
497408,Bridges Christian College,New Orleans,LA,70115-6305,"New Orleans, LA",29.935984,-90.103551,Private nonprofit,2,Main campus,Unavailable,Southeast,5,City,City: Large,1,163,"Fewer than 1,000"
497462,Redeemers University North America,Greenville,TX,75401-7614,"Greenville, TX",33.146603,-96.238771,Private nonprofit,2,Main campus,Available,Southwest,6,Rural,Rural: Distant,11,6,"Fewer than 1,000"
497480,Reach University,Oakland,CA,94612-1278,"Oakland, CA",37.80566,-122.277476,Private nonprofit,2,Main campus,Available,Far West,8,City,City: Large,1,1946,"1,000 to 4,999"
497824,Evangel University-College of Online Learning,Springfield,MO,65802-2125,"Springfield, MO",37.220956,-93.262614,Private nonprofit,2,Non-main campus,Available,Plains,4,City,City: Midsize,2,240,"Fewer than 1,000"
498049,Arizona College of Nursing-Southfield,Southfield,MI,48033-7157,"Southfield, MI",42.48156,-83.260202,Private for-profit,3,Non-main campus,Available,Great Lakes,3,City,City: Small,3,594,"Fewer than 1,000"
498447,Arizona College of Nursing-Falls Church,Falls Church,VA,22042-4566,"Falls Church, VA",38.860531,-77.218156,Private for-profit,3,Non-main campus,Available,Southeast,5,Suburb,Suburb: Large,4,348,"Fewer than 1,000"
498456,Arizona College of Nursing-Ontario,Ontario,CA,91761-1201,"Ontario, CA",34.06676,-117.578071,Private for-profit,3,Non-main campus,Available,Far West,8,City,City: Midsize,2,380,"Fewer than 1,000"
498562,Commonwealth University of Pennsylvania,Bloomsburg,PA,17815,"Bloomsburg, PA",41.00782,-76.447844,Public,1,Main campus,Available,Mid East,2,Town,Town: Distant,8,9210,"5,000 to 9,999"
498571,Pennsylvania Western University,California,PA,15419,"California, PA",40.064964,-79.88679,Public,1,Main campus,Available,Mid East,2,Town,Town: Distant,8,7451,"5,000 to 9,999"
498623,Justice University,Chandler,AZ,85286-5170,"Chandler, AZ",33.265556,-111.787434,Private nonprofit,2,Main campus,Unavailable,Southwest,6,City,City: Large,1,116,"Fewer than 1,000"
498809,Yeshiva of Kasho,Brooklyn,NY,11231-3819,"Brooklyn, NY",40.671255,-74.00015,Private nonprofit,2,Main campus,Unavailable,Mid East,2,City,City: Large,1,185,"Fewer than 1,000"
498906,Yeshivas Sanz Klauzenburg,Brooklyn,NY,11219-3631,"Brooklyn, NY",40.632725,-73.990129,Private nonprofit,2,Main campus,Unavailable,Mid East,2,City,City: Large,1,98,"Fewer than 1,000"
498924,URBE University,Sweetwater,FL,33172-1852,"Sweetwater, FL",25.791406,-80.382355,Private for-profit,3,Main campus,Unavailable,Southeast,5,Suburb,Suburb: Large,4,33,"Fewer than 1,000"
499370,Arizona College of Nursing-Sarasota,University Park,FL,34201-2142,"University Park, FL",27.397535,-82.452156,Private for-profit,3,Non-main campus,Available,Southeast,5,Suburb,Suburb: Large,4,133,"Fewer than 1,000"
499389,Arizona College of Nursing-Aurora,Aurora,CO,80014-3511,"Aurora, CO",39.660088,-104.836952,Private for-profit,3,Non-main campus,Available,Rocky Mountains,7,City,City: Large,1,336,"Fewer than 1,000"
499398,Arizona College of Nursing-Cincinnati,Cincinnati,OH,45249-1655,"Cincinnati, OH",39.275361,-84.34767,Private for-profit,3,Non-main campus,Available,Great Lakes,3,Suburb,Suburb: Large,4,77,"Fewer than 1,000"
499404,Arizona College of Nursing-Cleveland,Beachwood,OH,44122-7343,"Beachwood, OH",41.46601,-81.493304,Private for-profit,3,Non-main campus,Available,Great Lakes,3,Suburb,Suburb: Large,4,164,"Fewer than 1,000"
499422,Denver College of Nursing-Houston,Houston,TX,77079-3021,"Houston, TX",29.781312,-95.607143,Private for-profit,3,Non-main campus,Unavailable,Southwest,6,City,City: Large,1,135,"Fewer than 1,000"
500290,Arizona College of Nursing - Chesapeake,Chesapeake,VA,23320-4686,"Chesapeake, VA",36.768088,-76.240372,Private for-profit,3,Non-main campus,Available,Southeast,5,City,City: Large,1,149,"Fewer than 1,000"
500306,Arizona College of Nursing - Hartford,East Hartford,CT,06108-3288,"East Hartford, CT",41.768617,-72.662653,Private for-profit,3,Non-main campus,Available,New England,1,City,City: Small,3,334,"Fewer than 1,000"
500333,Arizona College of Nursing-St Louis,Maryland Heights,MO,63146-4011,"Maryland Heights, MO",38.690785,-90.449253,Private for-profit,3,Non-main campus,Available,Plains,4,Suburb,Suburb: Large,4,131,"Fewer than 1,000"
500342,EDvance College,San Francisco,CA,94104,"San Francisco, CA",37.789663,-122.40148,Private nonprofit,2,Non-main campus,Available,Far West,8,City,City: Large,1,201,"Fewer than 1,000"